label,cagr,sharpe,maxdd,calmar,roll3y_min,n_trades,final,n_stocks,rebalance,buffer,rank_band
mom+lv+prox52_w0.25,0.1944052759807695,0.7971235772758342,-0.292561927210205,0.6644927377754447,0.006267976198109038,1305,4944260.910968157,10,monthly,20,"(0, 500)"
mom+lv+prox52_w0.5,0.18122657001308795,0.7001267500270159,-0.30332939742783865,0.5974579831359779,0.0013519809846942454,1509,4474570.12048039,10,monthly,20,"(0, 500)"
mom+lv+lowidio_w0.25,0.20040785401270322,0.8964904761469641,-0.2898938405718272,0.6913146330304594,0.03646117580703345,1188,5172350.731037188,10,monthly,20,"(0, 500)"
mom+lv+lowidio_w0.5,0.16579195406575553,0.6935447515706261,-0.28275848142572246,0.5863376873075592,0.04793584242397042,1099,3975222.890339945,10,monthly,20,"(0, 500)"
mom+lv+lowmax_w0.25,0.18723634627594565,0.81864755960094,-0.34143169884028507,0.5483859492598872,-0.003097389876789425,1476,4683597.481439162,10,monthly,20,"(0, 500)"
mom+lv+lowmax_w0.5,0.17978272100970782,0.7834774863972634,-0.3447731271419244,0.5214522445529841,-0.01659590896544949,1630,4425604.011845094,10,monthly,20,"(0, 500)"
mom+lv+rev5_w0.25,0.22657726318755267,0.9424959601479312,-0.34465323962237476,0.6574064512952379,-0.0015011819055744668,1736,6279869.92369282,10,monthly,20,"(0, 500)"
mom+lv+rev5_w0.5,0.22479335386103805,0.8386295389297059,-0.3665440586037945,0.6132778545566936,-0.038856062523894064,1970,6198177.526767668,10,monthly,20,"(0, 500)"
mom+lv+momcons_w0.25,0.24757444369384407,1.1226944517016015,-0.30175615371150444,0.8204453849532392,0.04547915503649791,1202,7315928.596558151,10,monthly,20,"(0, 500)"
mom+lv+momcons_w0.5,0.26078536099310634,1.2019570109481055,-0.2923211448774619,0.8921193884295471,0.03541652744069235,1206,8043146.748665692,10,monthly,20,"(0, 500)"
mom+lv+amihud_w0.25,0.26773595712420506,1.2713029081374947,-0.34616527849530565,0.7734338876735029,0.05918526941992264,1365,8450972.329249656,10,monthly,20,"(0, 500)"
mom+lv+amihud_w0.5,0.20614177354162266,0.7565761018839123,-0.4348823511068369,0.4740173359920512,-0.09191367567423914,1631,5398917.1264427565,10,monthly,20,"(0, 500)"
mom+lv+rangevol_w0.25,0.22111230250732672,1.0190112022695306,-0.2981490248399858,0.7416167221274527,0.033051183526884964,1178,6032586.46701717,10,monthly,20,"(0, 500)"
mom+lv+rangevol_w0.5,0.18215604116666784,0.7925632113408175,-0.30149825317523277,0.6041694744440113,0.026535475478078663,1163,4506346.03558866,10,monthly,20,"(0, 500)"
mom+prox52_50,0.28399473396900965,0.8601261959688525,-0.5971864370497237,0.47555456110494904,-0.026381153586085726,1698,9477584.074350089,10,monthly,20,"(0, 500)"
mom+lowidio_50,0.22421081449350577,0.9225495616109991,-0.34973632997709486,0.6410852841859178,0.007212353428029283,1226,6171706.057452083,10,monthly,20,"(0, 500)"
mom+lowmax_50,0.13976792856367326,0.3794902831124649,-0.4259946645652061,0.32809783828238365,-0.06856117758073998,1857,3244542.3543553925,10,monthly,20,"(0, 500)"
mom+rev5_50,0.1895661420059629,0.4495142922606406,-0.49517525251704503,0.38282636509472495,-0.07910690538921394,1926,4766936.293521103,10,monthly,20,"(0, 500)"
mom+momcons_50,0.2749781459823126,0.8681562590149113,-0.5427216933082885,0.5066651091577311,-0.06457570279545422,1311,8895361.518619325,10,monthly,20,"(0, 500)"
mom+amihud_50,0.15644707213491138,0.3047063394213541,-0.663533379805363,0.23577875190062428,-0.17973898635415275,1650,3697564.956672806,10,monthly,20,"(0, 500)"
mom+rangevol_50,0.1996438561312166,0.749513955485665,-0.43312446586186754,0.4609387644125539,-0.03031667699017715,1289,5142809.831902888,10,monthly,20,"(0, 500)"
