date,n,holdings
2023-03-01,10,"ABBOTINDIA, AIAENG, BLUESTARCO, GNA, KALPATPOWR, KSB, RATNAMANI, SUNDRMFAST, TECHNOE, WESTLIFE"
2023-04-03,10,"AIAENG, BLUESTARCO, CERA, INGERRAND, KIMS, KSB, SKFINDIA, SUNDRMFAST, SYMPHONY, TEGA"
2023-05-02,10,"AIAENG, BECTORFOOD, BLUESTARCO, CARBORUNIV, CERA, JBCHEPHARM, SHOPERSTOP, SUNDARMFIN, SUNDRMFAST, WESTLIFE"
2023-06-01,10,"AIAENG, BECTORFOOD, BLUESTARCO, CARBORUNIV, CERA, CHOICEIN, JBCHEPHARM, SUNDARMFIN, SUNDRMFAST, WESTLIFE"
2023-07-03,10,"AIAENG, BLUESTARCO, CARBORUNIV, CERA, CHOICEIN, ENDURANCE, JBCHEPHARM, JYOTHYLAB, KIMS, SUNDARMFIN"
2023-08-01,10,"ANANDRATHI, BECTORFOOD, CCL, CERA, CHOICEIN, ENDURANCE, JBCHEPHARM, JKCEMENT, KIMS, SKFINDIA"
2023-09-01,10,"BAJAJCON, BECTORFOOD, CARBORUNIV, CERA, CHOICEIN, JBCHEPHARM, NH, SAFARI, SHOPERSTOP, ZYDUSLIFE"
2023-10-03,10,"CARBORUNIV, CHOICEIN, JBCHEPHARM, KIMS, NH, SAFARI, SUNDARMFIN, VENUSPIPES, ZFCVINDIA, ZYDUSLIFE"
2023-11-01,10,"ANANDRATHI, BAJAJCON, CARBORUNIV, CHOLAHLDNG, JBCHEPHARM, NH, SAFARI, SUNDARMFIN, VENUSPIPES, ZYDUSLIFE"
2023-12-01,10,"ACE, AIAENG, BECTORFOOD, BLUESTARCO, CHOLAHLDNG, CRISIL, EXIDEIND, OFSS, RAMCOCEM, SUVENPHAR"
2024-01-01,10,"AJANTPHARM, ASTRAZEN, BRIGADE, CHALET, EXIDEIND, MEDANTA, NH, OFSS, RAMCOCEM, RATNAMANI"
2024-02-01,10,"ACE, ANANTRAJ, BBL, BRIGADE, CHOICEIN, CHOLAHLDNG, MEDANTA, NAM-INDIA, NH, RATNAMANI"
2024-03-01,10,"AIAENG, ANANTRAJ, BBL, BRIGADE, GLAXO, GULFOILLUB, MEDANTA, NAM-INDIA, NH, VENUSPIPES"
2024-04-01,10,"AJANTPHARM, ANANDRATHI, ANANTRAJ, BRIGADE, CHALET, GLAXO, MAHSEAMLES, MEDANTA, NAM-INDIA, VENUSPIPES"
2024-05-02,10,"ANANDRATHI, ANANTRAJ, BRIGADE, CHOICEIN, COLPAL, CRISIL, LUPIN, MEDANTA, VENUSPIPES, ZYDUSLIFE"
2024-06-03,10,"ABSLAMC, ANANTRAJ, ARVIND, BASF, CHALET, CHOICEIN, GILLETTE, KFINTECH, LUPIN, MEDANTA"
2024-07-01,10,"ABSLAMC, ARVIND, BLUESTARCO, GLAXO, GPIL, IPCALAB, KIRLOSENG, LUPIN, MEDANTA, ZYDUSLIFE"
2024-08-01,10,"360ONE, BLUESTARCO, GENUSPOWER, GLAXO, GODREJAGRO, GPIL, KPIL, NAM-INDIA, STAR, SUVENPHAR"
2024-09-02,10,"360ONE, ABSLAMC, AJANTPHARM, BLUESTARCO, GLAXO, GPIL, KIRLOSENG, STAR, SUVENPHAR, VGUARD"
2024-10-01,10,"360ONE, AJANTPHARM, BLUESTARCO, ERIS, GILLETTE, KIRLOSENG, QUESS, STAR, SUVENPHAR, UTIAMC"
2024-11-01,10,"AJANTPHARM, ANANDRATHI, BLUESTARCO, CHALET, CHOICEIN, GANECOS, STAR, SUNDARMFIN, SUVENPHAR, VIJAYA"
2024-12-02,10,"AJANTPHARM, CHALET, CHOICEIN, FORTIS, GANECOS, GLAXO, KIMS, RADICO, STAR, SUVENPHAR"
2025-01-01,10,"ANANDRATHI, CHALET, CHOICEIN, CIGNITITEC, FORTIS, KIMS, PRICOLLTD, RADICO, SUVENPHAR, VIJAYA"
2025-02-03,10,"ANANDRATHI, CHALET, CIGNITITEC, FORTIS, GLENMARK, IPCALAB, KIMS, RADICO, SUVENPHAR, UTIAMC"
2025-03-03,10,"ANANDRATHI, BLUEJET, CHOICEIN, COROMANDEL, EIDPARRY, ERIS, GLENMARK, IPCALAB, KIMS, SUVENPHAR"
2025-04-01,10,"BLUEJET, COROMANDEL, ERIS, GLENMARK, GODREJAGRO, IPCALAB, KIMS, MUTHOOTFIN, SUVENPHAR, UBL"
2025-05-02,10,"AAVAS, CHOICEIN, COROMANDEL, ERIS, GLENMARK, GODREJAGRO, IPCALAB, KIMS, MUTHOOTFIN, SUVENPHAR"
2025-06-02,10,"AFFLE, ASTERDM, CHOICEIN, COROMANDEL, ERIS, JKCEMENT, KIMS, LALPATHLAB, PRIVISCL, RADICO"
2025-07-01,10,"ABBOTINDIA, ANURAS, ASTERDM, COROMANDEL, CUB, ERIS, JKCEMENT, KIMS, PRIVISCL, ZYDUSWELL"
2025-08-01,10,"ASTERDM, CHOICEIN, CUB, DALBHARAT, EIDPARRY, INDIASHLTR, JKCEMENT, KIMS, PRIVISCL, RAMCOCEM"
2025-09-01,10,"ASTERDM, CHOICEIN, CUB, DALBHARAT, EIDPARRY, INDIASHLTR, JKCEMENT, KIMS, PRIVISCL, PSPPROJECT"
2025-10-01,10,"ABBOTINDIA, ANURAS, ASTERDM, CHOICEIN, CUB, DALBHARAT, FIEMIND, JKCEMENT, NAVINFLUOR, RAMCOCEM"
2025-11-03,10,"ANURAS, ASTERDM, CHOICEIN, CUB, DALBHARAT, HCG, JKCEMENT, KIMS, MFSL, RAMCOCEM"
2025-12-01,10,"ANURAS, ASTERDM, CHOICEIN, CUB, DALBHARAT, GLAND, JKCEMENT, MFSL, RAMCOCEM, SBFC"
2026-01-01,10,"AIAENG, ANURAS, ASAHIINDIA, ASTERDM, CHOICEIN, CUB, JKCEMENT, MFSL, MSUMI, RAMCOCEM"
2026-02-02,10,"AIAENG, ANURAS, CHOICEIN, DALBHARAT, MFSL, MSUMI, PTC, RAMCOCEM, SBILIFE, SHRIPISTON"
2026-03-02,10,"ANURAS, CHOICEIN, DALBHARAT, MFSL, MSUMI, PTC, SANSERA, SBC, SBILIFE, TMB"
2026-04-01,10,"AIAENG, ANURAS, APLAPOLLO, CRAFTSMAN, GRMOVER, MFSL, MSUMI, SANSERA, SBC, TORNTPHARM"
2026-05-04,10,"ANURAS, CIEINDIA, INOXINDIA, JBCHEPHARM, MFSL, SANSERA, SBC, STARHEALTH, TMB, TORNTPHARM"
2026-06-01,10,"AIAENG, ANANDRATHI, ANURAS, GRMOVER, INOXINDIA, JBCHEPHARM, MFSL, SBC, TORNTPHARM, WHEELS"
2026-07-01,10,"AIAENG, AJANTPHARM, ANANDRATHI, GLAND, JBCHEPHARM, KPIL, RPTECH, SBC, STARHEALTH, TORNTPHARM"
2026-08-03,10,"AJANTPHARM, ANANDRATHI, ASTERDM, GAEL, GRANULES, RPTECH, SBC, STARHEALTH, TMB, TORNTPHARM"
2026-09-01,10,"AKUMS, ANANDRATHI, GRANULES, HONASA, MINDACORP, RPTECH, SBC, SJS, TORNTPHARM, VIJAYA"
