date,symbol,side,shares,price,value,cost
2023-03-01,BLUESTARCO,BUY,1392,718.375,999978.0,1715.27278238
2023-03-01,ABBOTINDIA,BUY,48,20460.599609375,982108.78125,1685.0432463284374
2023-03-01,GNA,BUY,2197,455.04998779296875,999744.8231811523,1714.878314823787
2023-03-01,AIAENG,BUY,369,2706.800048828125,998809.2180175781,1713.295542212517
2023-03-01,TECHNOE,BUY,3133,319.1499938964844,999896.9308776855,1715.1356369350895
2023-03-01,KALPATPOWR,BUY,1829,546.5499877929688,999639.9276733398,1714.7008620442662
2023-03-01,KSB,BUY,2601,384.35,999694.3500000001,3346.0591461579124
2023-03-01,WESTLIFE,BUY,1543,647.8499755859375,999632.5123291016,1714.6883174322645
2023-03-01,RATNAMANI,BUY,464,2153.800048828125,999363.22265625,1714.2327573998045
2023-03-01,SUNDRMFAST,BUY,1011,988.5999755859375,999474.5753173828,1714.4211338101697
2023-04-03,SUNDRMFAST,BUY,9,992.3499755859375,8931.149780273438,38.70891539478638
2023-04-03,KIMS,BUY,3544,278.6300048828125,987464.7373046875,2187.8363393980567
2023-04-03,CERA,BUY,157,6439.25,1010962.25,1733.8549479474998
2023-04-03,INGERRAND,BUY,378,2678.60009765625,1012510.8369140625,2856.6064929027807
2023-04-03,SKFINDIA,BUY,591,1711.419921875,1011449.173828125,3335.2187257082933
2023-04-03,SYMPHONY,BUY,1009,1003.2000122070312,1012228.8123168945,2776.3464098982063
2023-04-03,TEGA,BUY,1447,699.7999877929688,1012610.5823364258,2866.487564355841
2023-04-03,BLUESTARCO,BUY,67,693.9249877929688,46492.974182128906,102.25262935364928
2023-04-03,KALPATPOWR,SELL,1829,517.9000244140625,947239.1446533203,1499.8980617034704
2023-04-03,GNA,SELL,2197,401.20001220703125,881436.4268188477,2967.462086952928
2023-04-03,AIAENG,SELL,27,2954.800048828125,79779.60131835938,162.52700914852784
2023-04-03,TECHNOE,SELL,3133,335.1000061035156,1049868.3191223145,3910.209075151092
2023-04-03,KSB,SELL,281,436.52998046875,122664.92451171875,289.9762030248213
2023-04-03,WESTLIFE,SELL,1543,690.2000122070312,1064978.6188354492,3630.0471033734375
2023-04-03,RATNAMANI,SELL,464,1980.5,918952.0,3113.810365125619
2023-04-03,ABBOTINDIA,SELL,48,22256.05078125,1068290.4375,1686.5240503981254
2023-05-02,SUNDARMFIN,BUY,433,2335.64990234375,1011336.4077148438,1734.4879142952782
2023-05-02,CARBORUNIV,BUY,883,1116.199951171875,985604.5568847656,1690.9570849275267
2023-05-02,BECTORFOOD,BUY,8208,123.29000244140626,1011964.3400390625,2241.5323637070137
2023-05-02,SHOPERSTOP,BUY,1473,686.75,1011582.75,1734.9046540025
2023-05-02,JBCHEPHARM,BUY,973,1040.0,1011920.0,1735.4751832
2023-05-02,WESTLIFE,BUY,1300,778.4500122070312,1011985.0158691406,2753.3565881777586
2023-05-02,AIAENG,BUY,22,2777.60009765625,61107.2021484375,126.9756649465332
2023-05-02,CERA,BUY,2,6347.5,12695.0,45.07625845
2023-05-02,INGERRAND,SELL,378,2685.550048828125,1015137.9184570312,3186.443732594892
2023-05-02,KIMS,SELL,3544,300.13999023437503,1063696.125390625,3503.655390421559
2023-05-02,SKFINDIA,SELL,591,1654.419921875,977762.173828125,3049.0641399581436
2023-05-02,SYMPHONY,SELL,1009,981.2000122070312,990030.8123168945,3354.3807400187407
2023-05-02,TEGA,SELL,1447,659.9000244140625,954875.3353271484,3410.6555715110917
2023-05-02,SUNDRMFAST,SELL,63,1056.8499755859375,66581.54846191406,142.17943907921753
2023-05-02,KSB,SELL,2320,441.810009765625,1024999.22265625,3279.3526373991936
2023-05-02,BLUESTARCO,SELL,78,732.5,57135.0,127.61560084999999
2023-06-01,CHOICEIN,BUY,5942,185.64999389648438,1103132.2637329102,1889.7798818796014
2023-06-01,SUNDARMFIN,BUY,3,2529.14990234375,7587.44970703125,36.43576454388184
2023-06-01,JBCHEPHARM,BUY,69,1058.375,73027.875,147.14198641625
2023-06-01,BLUESTARCO,BUY,146,722.0,105412.0,201.92653452000002
2023-06-01,WESTLIFE,BUY,31,828.5,25683.5,67.049033785
2023-06-01,CARBORUNIV,BUY,71,1156.3499755859375,82100.84826660156,162.49082602109252
2023-06-01,BECTORFOOD,SELL,1150,156.3,179745.0,316.64466395
2023-06-01,SHOPERSTOP,SELL,1473,765.1500244140625,1127065.985961914,3689.4714019102194
2023-06-01,CERA,SELL,15,7621.5,114322.5,215.782141475
2023-06-01,SUNDRMFAST,BUY,14,1135.75,15900.5,50.499034855000005
2023-07-03,CHOICEIN,BUY,554,176.60000610351562,97836.40338134766,189.11082196425966
2023-07-03,KIMS,BUY,3241,351.260009765625,1138433.6916503906,2518.7165063270777
2023-07-03,ENDURANCE,BUY,716,1600.4000244140625,1145886.4174804688,1962.1075113158836
2023-07-03,JYOTHYLAB,BUY,5140,223.14999389648438,1146990.9686279297,1963.976091537555
2023-07-03,CERA,BUY,6,7639.14990234375,45834.8994140625,101.13935768776368
2023-07-03,CARBORUNIV,SELL,1,1203.3499755859375,1203.3499755859375,41.385216690860595
2023-07-03,BLUESTARCO,SELL,32,767.3499755859375,24555.19921875,77.38699618753905
2023-07-03,JBCHEPHARM,SELL,71,1181.1500244140625,83861.65173339844,168.8203470938977
2023-07-03,WESTLIFE,SELL,1331,845.2999877929688,1125094.2837524414,2336.646250080197
2023-07-03,SUNDARMFIN,SELL,1,2636.449951171875,2636.449951171875,43.59464125422119
2023-07-03,AIAENG,SELL,1,3155.85009765625,3155.85009765625,44.39540565405762
2023-07-03,SUNDRMFAST,SELL,971,1209.6500244140625,1174570.1737060547,2437.6616693573887
2023-07-03,BECTORFOOD,SELL,7058,166.1300048828125,1172545.5744628906,2433.528024836629
2023-08-01,CERA,BUY,10,7682.39990234375,76823.9990234375,153.56392738793946
2023-08-01,JKCEMENT,BUY,375,3257.35009765625,1221506.2866210938,2090.0344001397707
2023-08-01,CCL,BUY,2004,616.3499755859375,1235165.3510742188,2113.1415760657665
2023-08-01,BECTORFOOD,BUY,6888,179.39000244140627,1235638.3368164063,2731.760899183886
2023-08-01,SKFINDIA,BUY,578,2134.2800781250003,1233613.88515625,2110.5169456576796
2023-08-01,ANANDRATHI,BUY,3936,313.88751220703125,1235461.248046875,2113.642147933379
2023-08-01,CHOICEIN,BUY,380,179.6999969482422,68285.99884033203,139.1201070981781
2023-08-01,ENDURANCE,BUY,5,1711.75,8558.75,38.0789229625
2023-08-01,JYOTHYLAB,SELL,5140,305.1000061035156,1568214.0313720703,2457.2612543066343
2023-08-01,KIMS,BUY,11,379.88999023437503,4178.789892578126,30.66930064917334
2023-08-01,CARBORUNIV,SELL,953,1286.6500244140625,1226177.4732666016,2543.028808943153
2023-08-01,JBCHEPHARM,SELL,12,1287.675048828125,15452.1005859375,63.352657994345705
2023-08-01,SUNDARMFIN,SELL,435,2615.89990234375,1137916.4575195312,3562.968931991236
2023-08-01,AIAENG,SELL,363,3376.35009765625,1225615.0854492188,1929.073033387915
2023-08-01,BLUESTARCO,SELL,1495,784.1500244140625,1172304.2864990234,3791.9222068923414
2023-09-01,SHOPERSTOP,BUY,1768,724.5999755859375,1281092.7568359375,2190.8374276669238
2023-09-01,ZYDUSLIFE,BUY,2132,613.9500122070312,1308941.4260253906,2237.9492998214137
2023-09-01,BAJAJCON,BUY,5086,257.3999938964844,1309136.3689575195,2238.2790867291255
2023-09-01,NH,BUY,1278,1024.25,1308991.5,2238.0340104650004
2023-09-01,SAFARI,BUY,713,1835.9000244140625,1308996.7174072266,2238.0428368049793
2023-09-01,CHOICEIN,BUY,11,190.10000610351562,2091.100067138672,27.13753489457916
2023-09-01,JKCEMENT,SELL,375,3341.0,1252875.0,1971.09991625
2023-09-01,CARBORUNIV,BUY,1152,1136.3499755859375,1309075.171875,2238.1755590126563
2023-09-01,BECTORFOOD,SELL,600,208.20000000000002,124920.00000000001,232.12041320000003
2023-09-01,SKFINDIA,SELL,578,2056.419921875,1188610.71484375,3907.274993081306
2023-09-01,ANANDRATHI,SELL,3936,349.70001220703125,1376419.248046875,2849.7789429297854
2023-09-01,KIMS,SELL,3252,386.71000976562505,1257580.9517578126,2607.145605013444
2023-09-01,ENDURANCE,SELL,721,1659.5999755859375,1196571.582397461,2482.5821654967203
2023-09-01,JBCHEPHARM,SELL,23,1398.074951171875,32155.723876953125,89.1048010583374
2023-09-01,CERA,SELL,23,9546.2998046875,219564.8955078125,378.0353950533496
2023-09-01,CCL,SELL,2004,604.25,1210917.0,3902.281637254167
2023-10-03,SUNDARMFIN,BUY,416,3148.300048828125,1309692.8203125,2239.2204410508593
2023-10-03,KIMS,BUY,3433,386.46000976562505,1326717.2135253907,2268.0207772930385
2023-10-03,VENUSPIPES,BUY,1048,1265.050048828125,1325772.451171875,2266.4225133719724
2023-10-03,ZFCVINDIA,BUY,515,2572.75830078125,1324970.5249023438,2265.065886682544
2023-10-03,ZYDUSLIFE,BUY,39,611.0499877929688,23830.94952392578,63.91505561912049
2023-10-03,SHOPERSTOP,SELL,1768,684.9000244140625,1210903.2431640625,4258.010300830607
2023-10-03,CARBORUNIV,SELL,18,1169.800048828125,21056.40087890625,71.99286379901855
2023-10-03,NH,SELL,74,1101.699951171875,81525.79638671875,165.21913554736815
2023-10-03,SAFARI,SELL,73,2071.125,151192.125,272.62441103375
2023-10-03,BECTORFOOD,SELL,6288,209.0199951171875,1314317.729296875,2722.985651082723
2023-10-03,CHOICEIN,SELL,596,210.89999389648438,125696.39636230469,233.3173912357288
2023-10-03,JBCHEPHARM,SELL,53,1502.1500244140625,79613.95129394531,162.27162484938844
2023-10-03,CERA,SELL,137,8532.099609375,1168897.646484375,2426.080013803613
2023-10-03,BAJAJCON,SELL,5086,232.3000030517578,1181477.8155212402,3705.935935792774
2023-11-01,NH,BUY,89,997.6500244140625,88790.85217285156,173.80837252933472
2023-11-01,CHOLAHLDNG,BUY,1163,1108.800048828125,1289534.4567871094,2205.1183358913204
2023-11-01,BAJAJCON,BUY,5535,230.9499969482422,1278308.2331085205,2186.126821032015
2023-11-01,ANANDRATHI,BUY,2549,506.0874938964844,1290017.0219421387,2205.934696189735
2023-11-01,CARBORUNIV,BUY,77,1064.6500244140625,81978.05187988281,162.28309014571656
2023-11-01,ZYDUSLIFE,BUY,71,575.4000244140625,40853.40173339844,92.71210824640748
2023-11-01,SAFARI,SELL,31,2115.875,65592.125,140.65403503374998
2023-11-01,SUNDARMFIN,SELL,11,3182.35009765625,35005.85107421875,93.49887065963378
2023-11-01,KIMS,SELL,3433,375.1300048828125,1287821.3067626953,2668.8876402304627
2023-11-01,VENUSPIPES,SELL,102,1362.8499755859375,139010.69750976562,253.8441824577808
2023-11-01,ZFCVINDIA,SELL,515,2575.3916015625,1326326.6748046875,4576.961133054576
2023-11-01,CHOICEIN,SELL,6291,204.39999389648438,1285880.3616027832,2664.9247930880183
2023-11-01,JBCHEPHARM,BUY,38,1400.1500244140625,53205.700927734375,113.60861631645751
2023-12-01,RAMCOCEM,BUY,1329,1005.7000122070312,1336575.3162231445,2284.6978282078558
2023-12-01,BECTORFOOD,BUY,5653,243.8699951171875,1378597.082397461,2355.786470262609
2023-12-01,ACE,BUY,1675,822.7000122070312,1378022.5204467773,2354.8144780650177
2023-12-01,AIAENG,BUY,379,3634.800048828125,1377589.2185058594,2354.081456838547
2023-12-01,CRISIL,BUY,326,4220.5,1375883.0,2351.19502993
2023-12-01,BLUESTARCO,BUY,1394,989.0,1378666.0,2355.90305886
2023-12-01,OFSS,BUY,341,4043.300048828125,1378765.3166503906,2356.071073830632
2023-12-01,EXIDEIND,BUY,4729,291.5,1378503.5,2355.628155985
2023-12-01,CHOLAHLDNG,BUY,177,1028.300048828125,182009.10864257812,331.50662918173583
2023-12-01,SUVENPHAR,BUY,2044,674.3499755859375,1378371.3500976562,2355.404596673706
2023-12-01,ANANDRATHI,SELL,2549,649.25,1654938.25,5152.538827128009
2023-12-01,SUNDARMFIN,SELL,405,3355.25,1358876.25,2813.9612283875003
2023-12-01,VENUSPIPES,SELL,946,1309.1500244140625,1238455.9230957031,2568.097842743728
2023-12-01,CARBORUNIV,SELL,1211,1161.5,1406576.5,2208.0630558150006
2023-12-01,ZYDUSLIFE,SELL,2242,639.7000122070312,1434207.427368164,2250.6619328477727
2023-12-01,NH,SELL,1293,1225.300048828125,1584312.9631347656,2482.0811383944997
2023-12-01,SAFARI,SELL,609,2205.375,1343073.375,2781.6963404712496
2023-12-01,JBCHEPHARM,SELL,921,1460.449951171875,1345074.4050292969,2785.781863492366
2023-12-01,BAJAJCON,SELL,5535,221.5500030517578,1226279.2668914795,3929.7579279571246
2024-01-01,RATNAMANI,BUY,421,3322.5,1398772.5,2389.917425975
2024-01-01,ASTRAZEN,BUY,247,5645.39990234375,1394413.7758789062,2382.5437287921045
2024-01-01,BRIGADE,BUY,1563,894.7999877929688,1398572.3809204102,2389.5788825268673
2024-01-01,CHALET,BUY,2034,687.75,1398883.5,2390.105205785
2024-01-01,AJANTPHARM,BUY,647,2159.64990234375,1397293.4868164062,2387.415364582183
2024-01-01,NH,BUY,1139,1203.4000244140625,1370672.6278076172,2342.3805911884238
2024-01-01,MEDANTA,BUY,1470,951.3499755859375,1398484.4641113281,2389.430152781775
2024-01-01,RAMCOCEM,BUY,50,1014.3499755859375,50717.498779296875,109.39929985992431
2024-01-01,BECTORFOOD,SELL,5653,225.239990234375,1273281.6647949219,2639.20190782844
2024-01-01,ACE,SELL,1675,845.9000244140625,1416882.5408935547,2932.3932525677797
2024-01-01,AIAENG,SELL,379,3684.10009765625,1396273.9370117188,2890.316459936196
2024-01-01,CRISIL,SELL,326,4270.64990234375,1392231.8681640625,4502.330521766561
2024-01-01,BLUESTARCO,SELL,1394,948.7999877929688,1322627.1829833984,2739.951145769034
2024-01-01,OFSS,SELL,19,4338.85009765625,82438.15185546875,166.62572309709472
2024-01-01,EXIDEIND,SELL,385,322.0,123970.0,230.65578870000002
2024-01-01,SUVENPHAR,SELL,2044,720.3499755859375,1472395.3500976562,3045.7343102478862
2024-01-01,CHOLAHLDNG,SELL,1340,1019.6500244140625,1366331.0327148438,2829.181732804224
2024-02-01,BBL,BUY,584,2644.85009765625,1544592.45703125,2636.602505484336
2024-02-01,ANANTRAJ,BUY,5005,314.75,1575323.75,2688.5909411125003
2024-02-01,NAM-INDIA,BUY,3105,507.29998779296875,1575166.462097168,2688.3248555944
2024-02-01,ACE,BUY,1624,969.6500244140625,1574711.6396484375,2687.555427909658
2024-02-01,CHOLAHLDNG,BUY,1341,1174.75,1575339.75,2688.6180084725
2024-02-01,CHOICEIN,BUY,5759,273.54998779296875,1575374.379699707,2688.6765918817914
2024-02-01,NH,BUY,16,1363.25,21812.0,60.49957852
2024-02-01,RATNAMANI,BUY,49,3350.64990234375,164181.84521484375,301.3480693684033
2024-02-01,MEDANTA,SELL,156,1198.4000244140625,186950.40380859375,327.7533070557471
2024-02-01,BRIGADE,SELL,3,1009.4500122070312,3028.3500366210938,44.198837534959104
2024-02-01,ASTRAZEN,SELL,247,6497.75,1604944.25,3316.3607246675
2024-02-01,CHALET,SELL,2034,761.1500244140625,1548179.1496582031,3200.46285164865
2024-02-01,RAMCOCEM,SELL,1379,987.0499877929688,1361141.933166504,2138.016129782131
2024-02-01,OFSS,SELL,322,6443.14990234375,2074694.2685546875,3238.106900773447
2024-02-01,EXIDEIND,SELL,4344,334.20001220703125,1451764.8530273438,2277.7303915607863
2024-02-01,AJANTPHARM,SELL,647,2181.25,1411268.75,2920.9315195625
2024-03-01,NAM-INDIA,BUY,126,516.0999755859375,65028.596923828125,133.60952770200927
2024-03-01,GLAXO,BUY,768,2147.10009765625,1648972.875,2813.1839023662496
2024-03-01,GULFOILLUB,BUY,1654,1007.9500122070312,1667149.3201904297,2843.933176459352
2024-03-01,AIAENG,BUY,452,3686.449951171875,1666275.3779296875,2842.4547195974314
2024-03-01,NH,BUY,131,1296.25,169808.75,310.86716046249995
2024-03-01,BRIGADE,BUY,115,995.25,114453.75,217.2225534125
2024-03-01,VENUSPIPES,BUY,875,1904.0999755859375,1666087.4786376953,2842.1368484861755
2024-03-01,ANANTRAJ,SELL,303,354.6499938964844,107458.94815063477,205.20053495331513
2024-03-01,ACE,SELL,1624,1418.5,2303644.0,3591.0809912400005
2024-03-01,CHOLAHLDNG,SELL,1341,1076.949951171875,1444189.8845214844,2988.1469291263597
2024-03-01,CHOICEIN,SELL,5759,273.79998779296875,1576814.129699707,3258.927176749189
2024-03-01,MEDANTA,SELL,30,1298.6500244140625,38959.500732421875,99.59425187418213
2024-03-01,BBL,SELL,26,2985.074951171875,77611.94873046875,159.18511747725097
2024-03-01,RATNAMANI,SELL,470,3133.64990234375,1472815.4541015625,3046.592040793701
2024-04-01,AJANTPHARM,BUY,722,2238.60009765625,1616269.2705078125,2757.8588876107715
2024-04-01,MAHSEAMLES,BUY,1846,886.9500122070312,1637309.7225341797,2793.4532307082973
2024-04-01,CHALET,BUY,1816,901.4000244140625,1636942.4443359375,2792.831902507549
2024-04-01,ANANDRATHI,BUY,1809,905.125,1637371.125,2793.5571058737505
2024-04-01,GLAXO,BUY,56,1986.300048828125,111232.802734375,211.77364471376953
2024-04-01,ANANTRAJ,BUY,351,324.04998779296875,113741.54571533203,216.01771030208437
2024-04-01,BRIGADE,BUY,36,956.5499877929688,34435.799560546875,81.85538647457275
2024-04-01,NAM-INDIA,BUY,134,486.6000061035156,65204.400817871094,133.9069369076007
2024-04-01,VENUSPIPES,BUY,12,1844.25,22131.0,61.03923401
2024-04-01,GULFOILLUB,SELL,1654,959.9500122070312,1587757.3201904297,4874.709536616798
2024-04-01,AIAENG,SELL,452,3988.050048828125,1802598.6220703125,3719.913632667178
2024-04-01,BBL,SELL,558,3174.52490234375,1771384.8955078125,2770.4918072533496
2024-04-01,NH,SELL,1286,1296.300048828125,1667041.8627929688,2609.6251102865476
2024-04-01,MEDANTA,SELL,54,1331.25,71887.5,150.359677625
2024-05-02,COLPAL,BUY,615,2811.800048828125,1729257.0300292969,2949.001410270862
2024-05-02,CRISIL,BUY,406,4317.39990234375,1752864.3603515625,2988.9381670503417
2024-05-02,ZYDUSLIFE,BUY,1777,988.0,1755676.0,2993.6946459600003
2024-05-02,LUPIN,BUY,1065,1647.6500244140625,1754747.2760009766,2992.123514283612
2024-05-02,CHOICEIN,BUY,5312,330.54998779296875,1755881.53515625,2994.0423518391794
2024-05-02,MEDANTA,BUY,2,1424.449951171875,2848.89990234375,28.419512453793946
2024-05-02,AJANTPHARM,SELL,722,2234.0,1612948.0,3332.70206108
2024-05-02,BRIGADE,SELL,10,1032.300048828125,10323.00048828125,55.445073082788085
2024-05-02,CHALET,SELL,1816,879.5999755859375,1597353.5556640625,3300.862728134873
2024-05-02,ANANDRATHI,SELL,51,998.6875,50933.0625,118.05401178687501
2024-05-02,GLAXO,SELL,824,2101.75,1731842.0,2709.52812982
2024-05-02,VENUSPIPES,SELL,64,2132.800048828125,136499.203125,249.97218644984378
2024-05-02,ANANTRAJ,SELL,170,359.6000061035156,61132.001037597656,133.77781731967468
2024-05-02,NAM-INDIA,SELL,3365,583.2999877929688,1962804.4589233398,3065.605262366702
2024-05-02,MAHSEAMLES,SELL,1846,878.2000122070312,1621157.2225341797,3349.4629128202605
2024-06-03,CHALET,BUY,2297,784.6500244140625,1802341.1060791016,3072.6384725650764
2024-06-03,ARVIND,BUY,4819,366.29998779296875,1765199.6411743164,3009.805884971003
2024-06-03,GILLETTE,BUY,250,7210.5,1802625.0,3073.11873875
2024-06-03,KFINTECH,BUY,2505,719.5499877929688,1802472.7194213867,3072.861124172354
2024-06-03,BASF,BUY,414,4347.85009765625,1800009.9404296875,3068.694816324307
2024-06-03,ABSLAMC,BUY,3136,574.7999877929688,1802572.76171875,3073.0303667272265
2024-06-03,LUPIN,BUY,73,1583.949951171875,115628.34643554688,219.20962994847898
2024-06-03,MEDANTA,BUY,314,1166.25,366202.5,643.1084312749999
2024-06-03,COLPAL,SELL,615,2687.14990234375,1652597.1899414062,2587.3556137045653
2024-06-03,CRISIL,SELL,406,4043.949951171875,1641843.6801757812,5461.110545693498
2024-06-03,ZYDUSLIFE,SELL,1777,1032.25,1834308.25,2867.5013721075
2024-06-03,CHOICEIN,SELL,379,365.5,138524.5,253.094606895
2024-06-03,ANANDRATHI,SELL,1758,1023.2125244140625,1798807.6179199219,5594.877925261535
2024-06-03,VENUSPIPES,SELL,823,2134.300048828125,1756528.9401855469,3625.852702466233
2024-06-03,ANANTRAJ,SELL,363,398.8999938964844,144800.69778442383,262.7706837812241
2024-06-03,BRIGADE,SELL,1701,1370.0999755859375,2330540.0584716797,3632.5469135463736
2024-07-01,ZYDUSLIFE,BUY,1774,1067.300048828125,1893390.2866210938,3226.6672817797707
2024-07-01,IPCALAB,BUY,1702,1135.25,1932195.5,3292.314449305
2024-07-01,GPIL,BUY,8857,218.160009765625,1932243.2064941407,3292.3951548582027
2024-07-01,BLUESTARCO,BUY,1190,1622.9000244140625,1931251.0290527344,3290.716678358801
2024-07-01,KIRLOSENG,BUY,1361,1418.949951171875,1931190.8835449219,3290.6149296017797
2024-07-01,GLAXO,BUY,741,2605.199951171875,1930453.1638183594,3289.366921763157
2024-07-01,LUPIN,BUY,57,1616.050048828125,92114.85278320312,179.43161760187257
2024-07-01,ARVIND,BUY,287,378.3999938964844,108600.79824829102,207.3210564046164
2024-07-01,GILLETTE,SELL,250,7308.25,1827062.5,3769.861776875
2024-07-01,KFINTECH,SELL,2505,734.2999877929688,1839421.4694213867,3795.09520833234
2024-07-01,BASF,SELL,414,5112.4501953125,2116554.380859375,4360.920244944395
2024-07-01,CHALET,SELL,2297,861.3499755859375,1978520.8939208984,6348.443478959355
2024-07-01,CHOICEIN,SELL,4933,392.1000061035156,1934229.3301086426,3988.6653655761165
2024-07-01,ANANTRAJ,SELL,4520,443.6499938964844,2005297.9724121094,3131.1179370474733
2024-07-01,MEDANTA,SELL,26,1270.550048828125,33034.30126953125,90.45931261024903
2024-07-01,ABSLAMC,SELL,100,636.5,63650.0,137.65984149999997
2024-08-01,SUVENPHAR,BUY,2059,990.2999877929688,2039027.6748657227,3473.0435078470914
2024-08-01,GODREJAGRO,BUY,2492,818.2999877929688,2039203.5695800781,3473.341070694314
2024-08-01,NAM-INDIA,BUY,3099,658.25,2039916.75,3474.5475651425004
2024-08-01,GENUSPOWER,BUY,5619,363.0,2039697.0,3474.1758118700004
2024-08-01,KPIL,BUY,1464,1363.199951171875,1995724.728515625,3399.787480477168
2024-08-01,GPIL,BUY,252,223.9300048828125,56430.361230468756,119.06380639719629
2024-08-01,360ONE,BUY,1855,1099.1500244140625,2038923.295288086,3472.8669278718075
2024-08-01,ZYDUSLIFE,SELL,1774,1241.4000244140625,2202243.643310547,3434.751047328303
2024-08-01,STAR,BUY,3744,544.7249755859375,2039450.30859375,3473.7584815511327
2024-08-01,BLUESTARCO,SELL,29,1756.25,50931.25,118.0512174375
2024-08-01,KIRLOSENG,SELL,1361,1199.050048828125,1631907.1164550781,3371.411078737498
2024-08-01,GLAXO,SELL,2,2758.25,5516.5,48.034843214999995
2024-08-01,ARVIND,SELL,5106,377.8500061035156,1929302.1311645508,3978.6054542199754
2024-08-01,ABSLAMC,SELL,3036,693.7000122070312,2106073.237060547,4339.520788838889
2024-08-01,LUPIN,SELL,1195,1953.3499755859375,2334253.2208251953,3638.271533078412
2024-08-01,MEDANTA,SELL,1520,1222.0,1857440.0,3831.8838224
2024-08-01,IPCALAB,SELL,1702,1304.800048828125,2220769.6831054688,3463.3128281405316
2024-09-02,ABSLAMC,BUY,2793,745.0,2080785.0,3543.68479235
2024-09-02,VGUARD,BUY,4653,453.04998779296875,2108041.5932006836,3589.795043633528
2024-09-02,KIRLOSENG,BUY,1564,1347.550048828125,2107568.2763671875,3588.994328813135
2024-09-02,360ONE,BUY,85,1086.5,92352.5,179.833647775
2024-09-02,GPIL,BUY,2283,185.04000244140627,422446.3255737305,738.2566734363356
2024-09-02,BLUESTARCO,BUY,108,1660.5999755859375,179344.79736328125,326.99938714743655
2024-09-02,AJANTPHARM,BUY,658,3202.300048828125,2107113.4321289062,3588.224864266792
2024-09-02,KPIL,SELL,1464,1385.0999755859375,2027786.3642578125,4179.681697768818
2024-09-02,GENUSPOWER,SELL,5619,433.5,2435836.5,3794.883490414999
2024-09-02,NAM-INDIA,SELL,3099,684.0499877929688,2119870.91217041,3307.7561840022427
2024-09-02,SUVENPHAR,SELL,111,1082.0,120102.0,224.69245442
2024-09-02,STAR,SELL,657,682.8250122070312,448616.03302001953,731.1658242672943
2024-09-02,GODREJAGRO,SELL,2492,813.7999877929688,2027989.5695800781,4180.096584107341
2024-09-02,GLAXO,BUY,18,2781.64990234375,50069.6982421875,108.30340921329102
2024-10-01,UTIAMC,BUY,1742,1233.800048828125,2149279.6850585938,3659.5579360104734
2024-10-01,QUESS,BUY,5641,386.25,2178836.25,3709.5590724875
2024-10-01,GILLETTE,BUY,256,8508.7001953125,2178227.25,3708.5288210974995
2024-10-01,ERIS,BUY,1645,1324.25,2178391.25,3708.8062615375
2024-10-01,360ONE,BUY,208,1014.0499877929688,210922.3974609375,380.4195290086426
2024-10-01,AJANTPHARM,BUY,11,3253.60009765625,35789.60107421875,84.14562603326661
2024-10-01,KIRLOSENG,BUY,269,1188.25,319639.25,564.3369156175
2024-10-01,VGUARD,SELL,4653,441.3999938964844,2053834.1716003418,6518.50217128815
2024-10-01,ABSLAMC,SELL,2793,749.9000244140625,2094470.7681884766,4315.831912118094
2024-10-01,SUVENPHAR,SELL,137,1202.6500244140625,164763.05334472656,293.54684697209836
2024-10-01,GPIL,SELL,11392,214.08999023437502,2438913.16875,3799.6268213935628
2024-10-01,BLUESTARCO,SELL,230,2095.85009765625,482045.5224609375,782.704402433252
2024-10-01,GLAXO,SELL,757,2735.35009765625,2070660.0239257812,6450.875420432652
2024-10-01,STAR,BUY,23,700.5,16111.5,50.855985665000006
2024-11-01,CHOICEIN,BUY,4307,522.8499755859375,2251914.844848633,3833.1868621788813
2024-11-01,ANANDRATHI,BUY,2168,1038.5250244140625,2251522.2529296875,3832.522710503681
2024-11-01,BLUESTARCO,BUY,135,1917.0999755859375,258808.49670410156,461.4289219592956
2024-11-01,CHALET,BUY,2515,895.4000244140625,2251931.061401367,3833.2142958833074
2024-11-01,SUNDARMFIN,BUY,453,4870.64990234375,2206404.4057617188,3756.1963972711565
2024-11-01,GANECOS,BUY,1061,2122.050048828125,2251495.1018066406,3832.4767786773127
2024-11-01,AJANTPHARM,BUY,60,3086.14990234375,185168.994140625,336.85223907763674
2024-11-01,VIJAYA,BUY,2307,975.9000244140625,2251401.356323242,3832.318188505593
2024-11-01,QUESS,SELL,5641,366.375,2066721.375,4259.17569855125
2024-11-01,GILLETTE,SELL,256,9961.099609375,2550041.5,3970.954480965
2024-11-01,ERIS,SELL,1645,1347.1500244140625,2216061.790161133,7511.771758791154
2024-11-01,KIRLOSENG,SELL,1833,1153.949951171875,2115190.260498047,4358.135106761467
2024-11-01,UTIAMC,SELL,1742,1360.4000244140625,2369816.842529297,3693.1003242958423
2024-11-01,360ONE,SELL,2148,1076.5999755859375,2312536.7475585938,3604.7910290785603
2024-11-01,SUVENPHAR,SELL,115,1327.1500244140625,152622.2528076172,274.8292533760315
2024-11-01,STAR,SELL,229,781.5,178963.5,315.439817585
2024-12-02,RADICO,BUY,924,2419.449951171875,2235571.7548828125,3805.5390934528027
2024-12-02,FORTIS,BUY,3343,676.9500122070312,2263043.8908081055,3852.01398051898
2024-12-02,GLAXO,BUY,940,2406.699951171875,2262297.9541015625,3850.752071933154
2024-12-02,KIMS,BUY,3756,602.4500122070312,2262802.2458496094,3851.605187326243
2024-12-02,CHALET,BUY,61,878.5999755859375,53594.59851074219,114.26651824660766
2024-12-02,AJANTPHARM,BUY,18,3026.35009765625,54474.3017578125,115.75472102670898
2024-12-02,SUVENPHAR,BUY,32,1309.0999755859375,41891.19921875,94.46776063035156
2024-12-02,GANECOS,SELL,103,2360.39990234375,243121.18994140625,414.3523697445654
2024-12-02,VIJAYA,SELL,2307,1150.050048828125,2653165.4626464844,4129.941725416711
2024-12-02,ANANDRATHI,SELL,2168,1042.2874755859375,2259679.2470703125,7472.000058993006
2024-12-02,CHOICEIN,SELL,65,533.5,34677.5,92.992648525
2024-12-02,STAR,SELL,40,796.4000244140625,31856.0009765625,88.64271526557617
2024-12-02,BLUESTARCO,SELL,1174,1842.3499755859375,2162918.8713378906,3374.1236531303393
2024-12-02,SUNDARMFIN,SELL,453,4023.550048828125,1822668.1721191406,2849.555747637801
2025-01-01,RADICO,SELL,66,2582.10009765625,170418.6064453125,302.26606974280276
2025-01-01,VIJAYA,BUY,2054,1062.75,2182888.5,3716.414304335
2025-01-01,PRICOLLTD,BUY,4092,541.5999755859375,2216227.1000976562,3772.8135475062054
2025-01-01,ANANDRATHI,BUY,2250,984.8499755859375,2215912.4450683594,3772.2812424465938
2025-01-01,SUVENPHAR,BUY,246,1122.5,276135.0,490.74034085
2025-01-01,FORTIS,SELL,215,708.5,152327.5,274.37483002500005
2025-01-01,CIGNITITEC,BUY,1270,1743.8499755859375,2214689.4689941406,3770.2123215920774
2025-01-01,KIMS,SELL,83,603.3499755859375,50078.04797363281,116.73582734142946
2025-01-01,CHALET,SELL,392,1014.7000122070312,397762.40478515625,652.7642770813234
2025-01-01,GANECOS,SELL,958,1980.5,1897319.0,5954.908905458732
2025-01-01,CHOICEIN,SELL,248,554.7999877929688,137590.39697265625,251.65449091671388
2025-01-01,AJANTPHARM,SELL,747,2994.35009765625,2236779.5229492188,3487.9953583260403
2025-01-01,GLAXO,SELL,940,2232.10009765625,2098174.091796875,6600.543435820282
2025-01-01,STAR,SELL,2841,704.2999877929688,2000916.2653198242,4124.820748066139
2025-02-03,IPCALAB,BUY,1409,1428.5999755859375,2012897.365600586,3428.838602360167
2025-02-03,UTIAMC,BUY,1998,1018.5999755859375,2035162.7512207031,3466.5051778675756
2025-02-03,GLENMARK,BUY,1439,1414.449951171875,2035393.4797363281,3466.8955036047437
2025-02-03,FORTIS,BUY,152,620.75,94354.0,183.21960534
2025-02-03,RADICO,BUY,11,2341.449951171875,25755.949462890625,67.1715972658667
2025-02-03,CHALET,BUY,362,799.7000122070312,289491.4044189453,513.335503769574
2025-02-03,CIGNITITEC,BUY,109,1475.75,160856.75,295.72297254250003
2025-02-03,VIJAYA,SELL,2054,1068.6500244140625,2195007.1501464844,3423.5944734523364
2025-02-03,PRICOLLTD,SELL,4092,514.6500244140625,2105947.8999023438,6717.9018357766145
2025-02-03,ANANDRATHI,SELL,1,905.3250122070312,905.3250122070312,40.9257486245697
2025-02-03,KIMS,SELL,374,617.0499877929688,230776.6954345703,395.32073911843145
2025-02-03,CHOICEIN,SELL,3994,501.20001220703125,2001792.8487548828,6156.505764277198
2025-02-03,SUVENPHAR,SELL,134,1106.0,148204.0,268.01758884000003
2025-03-03,BLUEJET,BUY,2478,770.7000122070312,1909794.6302490234,3254.4186739385755
2025-03-03,COROMANDEL,BUY,1166,1665.5999755859375,1942089.5715332031,3309.0523490584346
2025-03-03,EIDPARRY,BUY,2944,659.9500122070312,1942892.8359375,3310.4112394838285
2025-03-03,ERIS,BUY,1645,1180.949951171875,1942662.6696777344,3310.02186492052
2025-03-03,CHOICEIN,BUY,4152,468.0,1943136.0,3310.8226025599997
2025-03-03,IPCALAB,BUY,25,1355.0999755859375,33877.49938964844,80.91090449246215
2025-03-03,GLENMARK,BUY,40,1313.199951171875,52527.998046875,112.4621395758789
2025-03-03,SUVENPHAR,SELL,136,1140.0999755859375,155053.5966796875,278.57768053704103
2025-03-03,UTIAMC,SELL,1998,940.9000244140625,1879918.2487792969,6206.002699163395
2025-03-03,CIGNITITEC,SELL,1379,1342.0,1850618.0,5832.530390967562
2025-03-03,ANANDRATHI,SELL,373,1035.75,386334.75,635.1461474225
2025-03-03,RADICO,SELL,869,2065.35009765625,1794789.2348632812,2806.574511281069
2025-03-03,FORTIS,SELL,3280,629.0999755859375,2063447.919921875,3220.768292622754
2025-03-03,CHALET,SELL,2546,749.5,1908227.0,2981.46264817
2025-03-03,KIMS,BUY,448,518.5999755859375,232332.7890625,416.6397025849219
2025-04-01,SUVENPHAR,BUY,278,1074.050048828125,298585.91357421875,528.7207758526416
2025-04-01,UBL,BUY,1079,1951.699951171875,2105884.247314453,3586.1454400243333
2025-04-01,GODREJAGRO,BUY,2832,751.6500244140625,2128672.869140625,3624.697179453887
2025-04-01,IPCALAB,BUY,96,1390.8499755859375,133521.59765625,249.47982197105472
2025-04-01,BLUEJET,BUY,54,840.5999755859375,45392.398681640625,100.39077477371826
2025-04-01,COROMANDEL,SELL,128,2049.050048828125,262278.40625,443.88724169968754
2025-04-01,MUTHOOTFIN,BUY,910,2338.800048828125,2128308.0444335938,3624.0800018487553
2025-04-01,ERIS,SELL,114,1390.0,158460.0,283.8293666
2025-04-01,KIMS,SELL,304,618.2000122070312,187932.8037109375,329.2678828091895
2025-04-01,ANANDRATHI,SELL,1876,916.4500122070312,1719260.2229003906,2690.130678247762
2025-04-01,EIDPARRY,SELL,2944,789.9500122070312,2325612.8359375,7249.3386019106365
2025-04-01,CHOICEIN,SELL,4152,508.6499938964844,2111914.774658203,6577.259199479831
2025-04-01,GLENMARK,SELL,69,1509.199951171875,104134.79663085938,200.07565731376224
2025-05-02,MUTHOOTFIN,BUY,65,2175.39990234375,141400.99365234375,262.80947497160645
2025-05-02,SUVENPHAR,SELL,114,1135.699951171875,129469.79443359375,239.13487677621583
2025-05-02,KIMS,SELL,223,658.9500122070312,146945.85272216797,266.0778906002936
2025-05-02,ERIS,SELL,111,1493.5,165778.5,295.112371235
2025-05-02,COROMANDEL,SELL,95,2249.699951171875,213721.49536132812,369.0265666135132
2025-05-02,BLUEJET,SELL,2532,723.25,1831269.0,2862.81572999
2025-05-02,UBL,SELL,1079,2164.5,2335495.5,3640.1867673049996
2025-05-02,GODREJAGRO,BUY,356,665.4500122070312,236900.20434570312,424.36644469366945
2025-05-02,GLENMARK,BUY,133,1375.0,182875.0,332.97146625000005
2025-05-02,IPCALAB,BUY,9,1378.199951171875,12403.799560546875,44.58363175457275
2025-05-02,CHOICEIN,BUY,3445,615.9500122070312,2121947.7920532227,3613.320299294357
2025-05-02,AAVAS,BUY,1144,1844.9000244140625,2110565.6279296875,3594.0649784249317
2025-06-02,LALPATHLAB,BUY,1598,1383.050048828125,2210113.9780273438,3762.4719177686384
2025-06-02,JKCEMENT,BUY,403,5478.0,2207634.0,3758.2765141399996
2025-06-02,GODREJAGRO,SELL,3188,762.7000122070312,2431487.6389160156,3788.1788077932106
2025-06-02,ASTERDM,BUY,3996,553.0999755859375,2210187.5024414062,3762.5962997551514
2025-06-02,RADICO,BUY,852,2548.89990234375,2171662.716796875,3697.4235346324413
2025-06-02,PRIVISCL,BUY,950,2324.699951171875,2208464.9536132812,3759.6822466771237
2025-06-02,AFFLE,BUY,1244,1776.4000244140625,2209841.6303710938,3762.0111845150827
2025-06-02,COROMANDEL,BUY,25,2283.39990234375,57084.99755859375,120.17126121984862
2025-06-02,IPCALAB,SELL,1539,1415.800048828125,2178916.2751464844,3398.7870105560864
2025-06-02,AAVAS,SELL,1144,1802.300048828125,2061831.255859375,4249.191493400645
2025-06-02,CHOICEIN,SELL,303,703.5499877929688,213175.64630126953,368.18502565913025
2025-06-02,MUTHOOTFIN,SELL,975,2222.300048828125,2166742.547607422,3380.0186530718383
2025-06-02,ERIS,SELL,9,1566.0999755859375,14094.899780273438,61.26024794024536
2025-06-02,GLENMARK,SELL,1543,1497.5,2310642.5,3601.8706486749998
2025-06-02,SUVENPHAR,SELL,1868,1079.199951171875,2015945.5087890625,4155.506104749717
2025-06-02,KIMS,BUY,108,664.0999755859375,71722.79736328125,144.9341735274365
2025-07-01,KIMS,BUY,12,686.25,8235.0,37.531231850000005
2025-07-01,CUB,BUY,9944,230.50999450683594,2292191.3853759766,3901.3230885543935
2025-07-01,ZYDUSWELL,BUY,5682,403.4199951171875,2292232.4122558595,3901.39249413736
2025-07-01,ANURAS,BUY,2006,1142.5999755859375,2292055.5510253906,3901.0932962251636
2025-07-01,COROMANDEL,BUY,17,2325.60009765625,39535.20166015625,90.48209600050293
2025-07-01,PRIVISCL,BUY,56,2277.199951171875,127523.197265625,239.33226804623047
2025-07-01,ABBOTINDIA,BUY,65,34665.0,2253225.0,3835.40326475
2025-07-01,RADICO,SELL,852,2569.199951171875,2188958.3583984375,3414.2689907264553
2025-07-01,AFFLE,SELL,1244,1963.4000244140625,2442469.6303710938,3805.109853839419
2025-07-01,JKCEMENT,SELL,30,6136.0,184080.0,323.32797680000004
2025-07-01,LALPATHLAB,SELL,1598,1387.0,2216426.0,3456.6161284599993
2025-07-01,CHOICEIN,SELL,3142,694.0499877929688,2180705.061645508,4491.89733141225
2025-07-01,ERIS,SELL,44,1676.5999755859375,73770.39892578125,153.26256172786623
2025-07-01,ASTERDM,SELL,109,589.7000122070312,64277.301330566406,138.6269582343475
2025-08-01,DALBHARAT,BUY,1057,2204.39990234375,2330050.6967773438,3965.3700642452004
2025-08-01,INDIASHLTR,BUY,2630,903.75,2376862.5,4044.562059875
2025-08-01,RAMCOCEM,BUY,2065,1151.0999755859375,2377021.449584961,4044.8309564773735
2025-08-01,CHOICEIN,BUY,3158,752.7999877929688,2377342.3614501953,4045.3738462889096
2025-08-01,CUB,BUY,1172,213.8699951171875,250655.63427734375,447.6366430633252
2025-08-01,ASTERDM,BUY,106,595.4000244140625,63112.402587890625,130.36788258196046
2025-08-01,ABBOTINDIA,SELL,65,33595.0,2183675.0,6740.797518390862
2025-08-01,EIDPARRY,BUY,1973,1204.5999755859375,2376675.7518310547,4044.246136130113
2025-08-01,ANURAS,SELL,2006,1136.5999755859375,2280019.5510253906,7660.691548535069
2025-08-01,JKCEMENT,SELL,18,6681.5,120267.0,224.94683657000002
2025-08-01,PRIVISCL,SELL,37,2453.10009765625,90764.70361328125,179.46285120763184
2025-08-01,COROMANDEL,SELL,985,2590.39990234375,2551543.9038085938,3973.270751940747
2025-08-01,ERIS,SELL,1367,1808.4000244140625,2472082.8333740234,7994.488659260254
2025-08-01,KIMS,SELL,197,756.4500122070312,149020.65240478516,269.27663001898134
2025-08-01,ZYDUSWELL,SELL,5682,412.760009765625,2345302.3754882812,7955.094878087069
2025-09-01,PSPPROJECT,BUY,3424,684.9000244140625,2345097.68359375,3990.8252023123823
2025-09-01,PRIVISCL,BUY,59,2279.199951171875,134472.79711914062,251.0889756144214
2025-09-01,CUB,BUY,768,197.3300018310547,151549.44140625,279.97770552136717
2025-09-01,EIDPARRY,BUY,102,1129.9000244140625,115249.80249023438,218.5692433707544
2025-09-01,KIMS,BUY,80,727.5,58200.0,122.057522
2025-09-01,DALBHARAT,SELL,82,2403.300048828125,197070.60400390625,343.3557208988623
2025-09-01,RAMCOCEM,SELL,2065,1058.5,2185802.5,4502.304822275
2025-09-01,CHOICEIN,SELL,199,792.2999877929688,157667.69757080078,282.60786602187926
2025-09-01,ASTERDM,SELL,118,605.2000122070312,71413.60144042969,149.62906347672487
2025-09-01,JKCEMENT,SELL,24,7067.5,169620.0,301.03485020000005
2025-09-01,INDIASHLTR,SELL,39,904.8499755859375,35289.14904785156,93.93563397856325
2025-10-01,JKCEMENT,BUY,35,6305.0,220675.0,396.91810425000006
2025-10-01,NAVINFLUOR,BUY,499,4630.10009765625,2310419.9487304688,3932.1605314668213
2025-10-01,FIEMIND,BUY,1176,1963.800048828125,2309428.857421875,3930.4838923891602
2025-10-01,ABBOTINDIA,BUY,75,29890.0,2241750.0,3815.9908924999995
2025-10-01,RAMCOCEM,BUY,2328,992.7000122070312,2311005.6284179688,3933.1513316509618
2025-10-01,DALBHARAT,BUY,61,2229.39990234375,135993.39404296875,253.66138463643065
2025-10-01,CHOICEIN,BUY,57,766.2000122070312,43673.40069580078,97.48272869109313
2025-10-01,ANURAS,BUY,2169,1065.300048828125,2310635.805908203,3932.525699212966
2025-10-01,EIDPARRY,SELL,2075,1035.0,2147625.0,6841.035110904144
2025-10-01,KIMS,SELL,3223,687.9000244140625,2217101.7786865234,6837.818374166331
2025-10-01,PRIVISCL,SELL,1028,2359.199951171875,2425257.5498046875,8358.22985056114
2025-10-01,PSPPROJECT,SELL,3424,755.5999755859375,2587174.31640625,9376.922182199869
2025-10-01,CUB,SELL,985,212.0399932861328,208859.39338684082,361.5306153784263
2025-10-01,INDIASHLTR,SELL,2591,864.5999755859375,2240178.536743164,7336.57643973487
2025-10-01,ASTERDM,SELL,212,630.8499755859375,133740.19482421875,245.71859576244628
2025-11-03,MFSL,BUY,1535,1559.9000244140625,2394446.537475586,4074.309151912824
2025-11-03,HCG,BUY,3220,752.9000244140625,2424338.0786132812,4124.876970970874
2025-11-03,KIMS,BUY,3335,726.75,2423711.25,6653.598613360553
2025-11-03,DALBHARAT,BUY,128,2081.89990234375,266483.1875,474.41227312562495
2025-11-03,JKCEMENT,BUY,44,5899.5,259578.0,462.73069838000004
2025-11-03,RAMCOCEM,BUY,36,1025.5,36918.0,86.05454978
2025-11-03,ANURAS,BUY,71,1081.9000244140625,76814.90173339844,153.5485374114075
2025-11-03,NAVINFLUOR,SELL,499,5905.5,2946844.5,6056.131884095001
2025-11-03,FIEMIND,SELL,1176,2115.199951171875,2487475.142578125,8626.610511271887
2025-11-03,CHOICEIN,SELL,98,830.5499877929688,81393.89880371094,165.0157877246692
2025-11-03,CUB,SELL,628,236.0399932861328,148233.1157836914,268.0624769348749
2025-11-03,ASTERDM,SELL,90,678.4500122070312,61060.50109863281,133.66758514877318
2025-11-03,ABBOTINDIA,SELL,75,29035.0,2177625.0,7020.891880071573
2025-12-01,JKCEMENT,BUY,19,5783.5,109886.5,209.496090915
2025-12-01,GLAND,BUY,1423,1727.4000244140625,2458090.234741211,4181.975831014054
2025-12-01,SBFC,BUY,23045,107.69000244140625,2481716.106262207,4221.943954124839
2025-12-01,DALBHARAT,BUY,71,2009.4000244140625,142667.40173339844,264.95187018640746
2025-12-01,ASTERDM,BUY,133,669.6500244140625,89063.45324707031,174.2695344926013
2025-12-01,RAMCOCEM,BUY,61,1023.2000122070312,62415.200744628906,129.18841925169616
2025-12-01,CUB,SELL,1500,282.95001220703125,424425.0183105469,693.8702949795531
2025-12-01,MFSL,SELL,87,1713.4000244140625,149065.80212402344,269.3462377926282
2025-12-01,HCG,SELL,3220,739.0,2379580.0,8025.996053749387
2025-12-01,KIMS,SELL,3335,690.0499877929688,2301316.709289551,7083.506347789881
2025-12-01,ANURAS,SELL,225,1231.4000244140625,277065.00549316406,466.6838896188659
2025-12-01,CHOICEIN,BUY,204,794.9000244140625,162159.60498046875,297.9270253415088
2026-01-01,JKCEMENT,BUY,23,5498.0,126454.0,237.52349634
2026-01-01,ASAHIINDIA,BUY,2493,997.5999755859375,2487016.739135742,6967.531176361348
2026-01-01,AIAENG,BUY,617,4030.10009765625,2486571.7602539062,4230.158312539135
2026-01-01,MSUMI,BUY,50212,48.91999816894531,2456370.948059082,4179.0672965410295
2026-01-01,GLAND,SELL,1423,1715.0999755859375,2440587.265258789,7981.591093111609
2026-01-01,ASTERDM,BUY,393,606.7000122070312,238433.10479736328,426.95966771674745
2026-01-01,ANURAS,SELL,141,1326.5,187036.5,327.8860424150001
2026-01-01,SBFC,SELL,23045,102.86000061035156,2370408.7140655518,7758.030969402096
2026-01-01,CUB,SELL,165,289.0,47685.0,113.04644135000001
2026-01-01,CHOICEIN,SELL,155,838.2000122070312,129921.00189208984,239.8305078270538
2026-01-01,MFSL,BUY,37,1674.0,61938.0,128.38113398
2026-01-01,RAMCOCEM,SELL,75,1058.300048828125,79372.50366210938,161.89938262091067
2026-01-01,DALBHARAT,SELL,1235,2136.199951171875,2638206.9396972656,4106.880021000671
2026-02-02,SBILIFE,BUY,1196,2001.0,2393196.0,4072.19360516
2026-02-02,DALBHARAT,BUY,1159,2063.39990234375,2391480.4868164062,4069.2914543521824
2026-02-02,SHRIPISTON,BUY,894,2675.300048828125,2391718.2436523438,4069.693669969106
2026-02-02,MSUMI,BUY,4786,43.52000045776367,208286.72219085693,375.9607307974946
2026-02-02,ANURAS,BUY,73,1229.300048828125,89738.90356445312,175.412200549021
2026-02-02,CHOICEIN,BUY,230,748.5499877929688,172166.4971923828,314.85578496532594
2026-02-02,PTC,BUY,13929,169.77000427246094,2364726.3895111084,4024.0312803998377
2026-02-02,AIAENG,SELL,22,4016.199951171875,88356.39892578125,175.74994378786621
2026-02-02,MFSL,SELL,27,1641.5999755859375,44323.19934082031,107.86351965573608
2026-02-02,RAMCOCEM,SELL,199,1112.4000244140625,221367.60485839844,380.81465008624144
2026-02-02,CUB,SELL,8606,285.45001220703125,2456582.805053711,3826.8682763793563
2026-02-02,ASTERDM,SELL,4099,558.0499877929688,2287446.899963379,3566.1097601425413
2026-02-02,JKCEMENT,SELL,452,5482.0,2477864.0,3859.6777074399997
2026-02-02,ASAHIINDIA,SELL,2493,992.2000122070312,2473554.630432129,9023.079156850123
2026-03-02,SBC,BUY,74529,31.729999542236328,2364805.1358833313,4024.164496425191
2026-03-02,SANSERA,BUY,1072,2229.89990234375,2390452.6953125,4067.5527291871094
2026-03-02,TMB,BUY,3556,672.1500244140625,2390165.4868164062,4067.0668557021827
2026-03-02,DALBHARAT,BUY,60,1959.5,117570.0,222.4943447
2026-03-02,MSUMI,BUY,1583,42.25,66881.75,136.7445252925
2026-03-02,PTC,BUY,758,162.75999450683594,123372.07583618164,232.30977441282684
2026-03-02,ANURAS,BUY,16,1217.699951171875,19483.19921875,56.55992295035156
2026-03-02,SBILIFE,SELL,20,2032.199951171875,40643.9990234375,102.19125973442382
2026-03-02,SHRIPISTON,SELL,894,3076.0,2749944.0,4279.14616424
2026-03-02,AIAENG,SELL,595,3738.89990234375,2224645.4418945312,7057.567353311062
2026-03-02,RAMCOCEM,SELL,2151,1099.9000244140625,2365884.9525146484,4869.9809663986825
2026-03-02,CHOICEIN,BUY,173,709.25,122700.25,231.1732399275
2026-03-02,MFSL,SELL,135,1806.800048828125,243918.00659179688,415.5808299426392
2026-04-01,AIAENG,BUY,593,3681.0,2182833.0,3716.32041443
2026-04-01,MFSL,BUY,183,1477.4000244140625,270364.20446777344,480.97782834017704
2026-04-01,TORNTPHARM,BUY,541,4111.2998046875,2224213.1943359375,3786.3237029900492
2026-04-01,GRMOVER,BUY,14346,155.10000610351562,2225064.687561035,3787.764182593878
2026-04-01,APLAPOLLO,BUY,1150,1934.800048828125,2225020.0561523438,3787.688679193481
2026-04-01,CRAFTSMAN,BUY,325,6838.0,2222350.0,3783.1717184999998
2026-04-01,MSUMI,BUY,1668,38.20000076293945,63717.60127258301,131.3917032488414
2026-04-01,SBC,SELL,947,30.239999771118164,28637.2797832489,83.68038061463267
2026-04-01,TMB,SELL,3556,606.5999755859375,2157069.5131835938,6751.561441279912
2026-04-01,PTC,SELL,14687,167.32000732421875,2457428.947570801,7878.022824931339
2026-04-01,SBILIFE,SELL,1176,1790.5,2105628.0,3285.79774388
2026-04-01,DALBHARAT,SELL,1219,1806.0,2201514.0,3433.62614894
2026-04-01,ANURAS,SELL,220,1276.4000244140625,280808.00537109375,472.45450996066904
2026-04-01,CHOICEIN,SELL,3370,640.25,2157642.5,3365.9890186749994
2026-04-01,SANSERA,SELL,34,2142.39990234375,72841.5966796875,151.83061801704102
2026-05-04,INOXINDIA,BUY,1589,1504.699951171875,2390968.2224121094,4068.424851536789
2026-05-04,CIEINDIA,BUY,5004,477.8999938964844,2391411.569458008,4069.174866167806
2026-05-04,TMB,BUY,3254,734.9000244140625,2391364.6794433594,4069.0955418611256
2026-05-04,STARHEALTH,BUY,4600,519.9000244140625,2391540.1123046875,4069.3923233869627
2026-05-04,TORNTPHARM,BUY,21,4251.7998046875,89287.7958984375,174.64905719934575
2026-05-04,ANURAS,BUY,31,1348.0,41788.0,94.29317748
2026-05-04,AIAENG,SELL,593,3958.10009765625,2347153.3579101562,7664.505659679415
2026-05-04,JBCHEPHARM,BUY,1128,2082.10009765625,2348608.91015625,3996.76517940043
2026-05-04,APLAPOLLO,SELL,1150,1873.0,2153950.0,3360.2962544999996
2026-05-04,CRAFTSMAN,SELL,325,7679.0,2495675.0,7796.741685781875
2026-05-04,SBC,SELL,1929,33.380001068115234,64390.02206039429,138.8007409107305
2026-05-04,SANSERA,SELL,78,2489.800048828125,194204.40380859375,338.93687139574706
2026-05-04,MSUMI,SELL,58249,41.470001220703125,2415586.1011047363,3763.6632479341833
2026-05-04,MFSL,SELL,18,1606.699951171875,28920.59912109375,84.11717687098144
2026-05-04,GRMOVER,SELL,14346,166.75,2392195.5,4923.699474305
2026-06-01,WHEELS,BUY,1541,1556.5999755859375,2398720.5623779297,4081.5395625803676
2026-06-01,GRMOVER,BUY,15725,154.3800048828125,2427625.5767822266,4130.43846449826
2026-06-01,ANANDRATHI,BUY,1386,1751.199951171875,2427163.1323242188,4129.656142584204
2026-06-01,AIAENG,BUY,536,4522.7001953125,2424167.3046875,4124.58807101289
2026-06-01,MFSL,BUY,6,1624.4000244140625,9746.400146484375,40.08808259180908
2026-06-01,JBCHEPHARM,BUY,6,2140.199951171875,12841.19970703125,45.323585956381834
2026-06-01,INOXINDIA,BUY,89,1446.800048828125,128765.20434570312,241.43338384366945
2026-06-01,ANURAS,BUY,53,1328.199951171875,70394.59741210938,142.68724438803955
2026-06-01,TMB,SELL,3254,728.25,2369725.5,4877.822250605
2026-06-01,STARHEALTH,SELL,4600,532.9500122070312,2451570.0561523438,5044.925099346801
2026-06-01,TORNTPHARM,SELL,4,4350.39990234375,17401.599609375,66.35822013376954
2026-06-01,SBC,SELL,5771,36.849998474121094,212661.34119415283,367.39211633243735
2026-06-01,SANSERA,SELL,960,2806.300048828125,2694048.046875,4192.970814347656
2026-06-01,CIEINDIA,SELL,5004,437.3999938964844,2188749.569458008,4508.321883458109
2026-07-01,WHEELS,SELL,1541,1613.5,2486403.5,5116.044889985
2026-07-01,RPTECH,BUY,3198,787.9500122070312,2519864.139038086,4286.47936265212
2026-07-01,AJANTPHARM,BUY,752,3347.5,2517320.0,4282.1754172
2026-07-01,GLAND,BUY,1022,2465.199951171875,2519434.3500976562,4285.752284403706
2026-07-01,KPIL,BUY,1835,1355.699951171875,2487709.4104003906,4232.082886668445
2026-07-01,STARHEALTH,BUY,4295,586.7999877929688,2520305.947570801,4287.226774564999
2026-07-01,GRMOVER,SELL,15725,91.16999816894531,1433648.221206665,2249.7997991165275
2026-07-01,TORNTPHARM,SELL,15,4640.7998046875,69611.9970703125,146.85151200327147
2026-07-01,AIAENG,SELL,32,4996.0,159872.0,286.00626112000003
2026-07-01,JBCHEPHARM,SELL,38,2298.0,87324.0,174.15828403999998
2026-07-01,INOXINDIA,SELL,1678,1905.0,3196590.0,4967.7447689
2026-07-01,SBC,SELL,5869,42.0,246498.0,419.55843158000005
2026-07-01,MFSL,SELL,1494,1608.9000244140625,2403696.6364746094,3745.3331414192703
2026-07-01,ANURAS,SELL,1827,1270.5,2321203.5,4778.754397985
2026-07-01,ANANDRATHI,SELL,104,1964.9000244140625,204349.6025390625,354.57782573049803
2026-08-03,GRANULES,BUY,3027,843.2000122070312,2552366.4369506836,4341.463825053841
2026-08-03,GAEL,BUY,14339,180.67999267578125,2590770.4149780273,4406.432218722479
2026-08-03,TMB,BUY,3007,861.5499877929688,2590680.813293457,4406.2806386566745
2026-08-03,STARHEALTH,BUY,77,592.5999755859375,45630.19812011719,100.79306246178345
2026-08-03,SBC,BUY,1688,41.9900016784668,70879.12283325195,143.50692088824064
2026-08-03,KPIL,SELL,1835,1283.5,2355222.5,7646.245757790632
2026-08-03,ASTERDM,BUY,3178,815.1500244140625,2590546.7775878906,4406.053889113211
2026-08-03,AJANTPHARM,SELL,15,3513.89990234375,52708.49853515625,120.79121927663576
2026-08-03,GLAND,SELL,1022,2579.199951171875,2635942.3500976562,4103.388680569057
2026-08-03,ANANDRATHI,SELL,24,2058.699951171875,49408.798828125,115.7040392413086
2026-08-03,AIAENG,SELL,504,4684.60009765625,2361038.44921875,4860.085812154413
2026-08-03,JBCHEPHARM,SELL,1096,2408.89990234375,2640154.29296875,5429.959421497228
2026-08-03,TORNTPHARM,SELL,30,5050.0,151500.0,273.099065
2026-08-03,RPTECH,SELL,266,883.6500244140625,235050.90649414062,401.9103330510816
2026-09-01,SJS,BUY,1034,2461.199951171875,2544880.7495117188,4328.8002127564705
2026-09-01,MINDACORP,BUY,3572,712.4000244140625,2544692.8872070312,4328.482404217008
2026-09-01,HONASA,BUY,5375,473.5,2545062.5,4329.107681875
2026-09-01,RPTECH,BUY,213,809.0999755859375,172338.2947998047,315.1464166957776
2026-09-01,GRANULES,BUY,13,837.2000122070312,10883.600158691406,42.01189522445984
2026-09-01,GAEL,SELL,14339,172.02999877929688,2466738.152496338,7651.492746214466
2026-09-01,STARHEALTH,SELL,4372,560.4000244140625,2450068.9067382812,7776.3143997515745
2026-09-01,ASTERDM,SELL,3178,757.7999877929688,2408288.3612060547,4956.556429958013
2026-09-01,AJANTPHARM,SELL,737,3504.800048828125,2583037.635986328,5313.343771769645
2026-09-01,ANANDRATHI,SELL,100,2197.0,219700.0,378.243687
2026-09-01,TORNTPHARM,SELL,1,4965.5,4965.5,47.185361005000004
2026-09-01,SBC,SELL,1161,42.040000915527344,48808.441062927246,114.77846167112556
2026-09-01,VIJAYA,BUY,1697,1499.0,2543803.0,4326.97697313
2026-09-01,TMB,SELL,3007,908.0999755859375,2730656.626586914,9245.000571309625
2026-09-01,AKUMS,BUY,3201,779.0499877929688,2493739.010925293,4242.2832221724275
