SYMBOL,latest_ISIN,reason
ABGSEC,INF209KC1134,fund/ETF (INF)
ABSL10BANK,INF209KC1670,fund/ETF (INF)
ABSLBANETF,INF209KB17D5,fund/ETF (INF)
ABSLLIQUID,INF209KB18T9,fund/ETF (INF)
ABSLMSCIN,INF209KC1662,fund/ETF (INF)
ABSLNN50ET,INF209KB16D7,fund/ETF (INF)
ABSLPSE,INF209KB19Z4,fund/ETF (INF)
ALPHA,INF174KA1IA5,fund/ETF (INF)
ALPHAETF,INF769K01KU7,fund/ETF (INF)
ALPL30IETF,INF109KC17V7,fund/ETF (INF)
AONEGOLD,INF1J2R01114,fund/ETF (INF)
AONELIQUID,INF1J2R01056,fund/ETF (INF)
AONENIFTY,INF1J2R01064,fund/ETF (INF)
AONESILVER,INF1J2R01171,fund/ETF (INF)
AONETMMQ50,INF1J2R01148,fund/ETF (INF)
AONETOTAL,INF1J2R01015,fund/ETF (INF)
AUTOBEES,INF204KC1337,fund/ETF (INF)
AUTOIETF,INF109KC10V2,fund/ETF (INF)
AXISBNKETF,INF846K01X63,fund/ETF (INF)
AXISBPSETF,INF846K01Z04,fund/ETF (INF)
AXISCETF,INF846K016C7,fund/ETF (INF)
AXISGOLD,INF846K01W80,fund/ETF (INF)
AXISHCETF,INF846K01Z12,fund/ETF (INF)
AXISILVER,INF846K011K1,fund/ETF (INF)
AXISNIFTY,INF846K01W98,fund/ETF (INF)
AXISTECETF,INF846K01Y96,fund/ETF (INF)
AXISVALUE,INF846KA1119,fund/ETF (INF)
AXSENSEX,INF846K010Q0,fund/ETF (INF)
BANK10ADD,INF740KA1YH2,fund/ETF (INF)
BANKADD,INF740KA1RX3,fund/ETF (INF)
BANKBEES,INF204KB15I9,fund/ETF (INF)
BANKBETA,INF789F1AUV1,fund/ETF (INF)
BANKBETF,INF0QA701714,fund/ETF (INF)
BANKETF,INF769K01KR3,fund/ETF (INF)
BANKETFADD,INF740KA1RX3,fund/ETF (INF)
BANKIETF,INF109KC15I8,fund/ETF (INF)
BANKNIFTY1,INF174KA1ZB7,fund/ETF (INF)
BANKPSU,INF769K01LZ4,fund/ETF (INF)
BBETF0432,INF754K01OB1,fund/ETF (INF)
BBNPNBETF,INF251K01TL6,fund/ETF (INF)
BBNPPGOLD,INF251K01SU9,fund/ETF (INF)
BFSI,INF769K01HI8,fund/ETF (INF)
BHARATIWIN,INF109KB15Y7,fund/ETF (INF)
BSE500IETF,INF109KC1V59,fund/ETF (INF)
BSLGOLDETF,INF209KB18D3,fund/ETF (INF)
BSLNIFTY,INF209KB19D1,fund/ETF (INF)
BSLSENETFG,INF209KB10E8,fund/ETF (INF)
CASHIETF,INF109K1A021,fund/ETF (INF)
CHEMICAL,INF174KA1XV0,fund/ETF (INF)
CHOICEGOLD,INF2KCX01012,fund/ETF (INF)
COMMOIETF,INF109KC19O8,fund/ETF (INF)
CONS,INF174KA1ZF8,fund/ETF (INF)
CONSUMBEES,INF204KA1LD7,fund/ETF (INF)
CONSUMER,INF769K01NS5,fund/ETF (INF)
CONSUMIETF,INF109KC1V42,fund/ETF (INF)
CPSEETF,INF457M01133,fund/ETF (INF)
CRMFGETF,INF760K01BR1,fund/ETF (INF)
DEFENCE,INF769K01QC2,fund/ETF (INF)
DIVIDEND,INF769K01PY8,fund/ETF (INF)
DIVOPPBEES,INF204KA1MS3,fund/ETF (INF)
DSPBANKETF,INF740KA1RX3,fund/ETF (INF)
DSPGOLDETF,INF740KA1SW3,fund/ETF (INF)
DSPITETF,INF740KA1SX1,fund/ETF (INF)
DSPN50ETF,INF740KA1CL0,fund/ETF (INF)
DSPNEWETF,INF740KA1QK2,fund/ETF (INF)
DSPPSBKETF,INF740KA1SY9,fund/ETF (INF)
DSPPVBKETF,INF740KA1TA7,fund/ETF (INF)
DSPQ50ETF,INF740KA1QL0,fund/ETF (INF)
DSPSENXETF,INF740KA1SZ6,fund/ETF (INF)
DSPSILVETF,INF740KA1RE3,fund/ETF (INF)
EBANK,INF754K01EL1,fund/ETF (INF)
EBANKNIFTY,INF754K01TE4,fund/ETF (INF)
EBBETF0423,INF754K01KN4,fund/ETF (INF)
EBBETF0425,INF754K01LD3,fund/ETF (INF)
EBBETF0430,INF754K01KO2,fund/ETF (INF)
EBBETF0431,INF754K01LE1,fund/ETF (INF)
EBBETF0433,INF754K01QX0,fund/ETF (INF)
ECAPINSURE,INF754K01TX4,fund/ETF (INF)
EGOLD,INF754K01SE6,fund/ETF (INF)
ELIQUID,INF754K01VW2,fund/ETF (INF)
ELM250,INF754K01VV4,fund/ETF (INF)
EMULTIMQ,INF754K01TF1,fund/ETF (INF)
ENERGY,INF769K01PR2,fund/ETF (INF)
ENEXT50,INF754K01XF3,fund/ETF (INF)
ENIFTY,INF754K01VX0,fund/ETF (INF)
EQ30,INF754K01EM9,fund/ETF (INF)
EQUAL200,INF769K01OA1,fund/ETF (INF)
EQUAL50,INF769K01OO2,fund/ETF (INF)
EQUAL50ADD,INF740KA1QK2,fund/ETF (INF)
ESENSEX,INF754K01VY8,fund/ETF (INF)
ESG,INF769K01GS9,fund/ETF (INF)
ESILVER,INF754K01SF3,fund/ETF (INF)
EVIETF,INF109K1A153,fund/ETF (INF)
EVINDIA,INF769K01LQ3,fund/ETF (INF)
FELDVR,IN9623B01058,DVR/special (IN9)
FINIETF,INF109KC17L8,fund/ETF (INF)
FLEXIADD,INF740KA1WU9,fund/ETF (INF)
FMCGADD,INF740KA1ZA4,fund/ETF (INF)
FMCGIETF,INF109KC19V3,fund/ETF (INF)
FRLDVR,IN9623B01058,DVR/special (IN9)
FTCPOF5YDV,INF090I01080,fund/ETF (INF)
FTCPOF5YGR,INF090I01072,fund/ETF (INF)
FTCSF5YDIV,INF090I01049,fund/ETF (INF)
FTCSF5YGRO,INF090I01031,fund/ETF (INF)
G5,INF247L01AK4,fund/ETF (INF)
GILT10BETA,INF789F1AZF3,fund/ETF (INF)
GILT5BETA,INF789F1AZE6,fund/ETF (INF)
GILT5YBEES,INF204KC1030,fund/ETF (INF)
GOLD1,INF174KA1HJ8,fund/ETF (INF)
GOLD360,INF579M01BB5,fund/ETF (INF)
GOLDADD,INF740KA1SW3,fund/ETF (INF)
GOLDBEES,INF204KB17I5,fund/ETF (INF)
GOLDBETA,INF789F1AUX7,fund/ETF (INF)
GOLDBND,INF194KB1KJ7,fund/ETF (INF)
GOLDCASE,INF0R8F01042,fund/ETF (INF)
GOLDETF,INF769K01JP9,fund/ETF (INF)
GOLDETFADD,INF740KA1SW3,fund/ETF (INF)
GOLDIETF,INF109KC1NT3,fund/ETF (INF)
GOLDIWIN,INF109KB1WF4,fund/ETF (INF)
GOLDSHARE,INF789F1AUX7,fund/ETF (INF)
GROWEV,INF666M01IH2,fund/ETF (INF)
GROWWCAPM,INF666M01MM4,fund/ETF (INF)
GROWWCHEM,INF666M01NP5,fund/ETF (INF)
GROWWDEFNC,INF666M01IO8,fund/ETF (INF)
GROWWEV,INF666M01IH2,fund/ETF (INF)
GROWWGOLD,INF666M01OE7,fund/ETF (INF)
GROWWHOSPI,INF666M01OD9,fund/ETF (INF)
GROWWLIQID,INF666M01IP5,fund/ETF (INF)
GROWWLOVOL,INF666M01LB9,fund/ETF (INF)
GROWWMC150,INF666M01MV5,fund/ETF (INF)
GROWWMETAL,INF666M01NI0,fund/ETF (INF)
GROWWMOM50,INF666M01KJ4,fund/ETF (INF)
GROWWN200,INF666M01JV1,fund/ETF (INF)
GROWWNET,INF666M01LI4,fund/ETF (INF)
GROWWNIFTY,INF666M01LL8,fund/ETF (INF)
GROWWNXT50,INF666M01LZ8,fund/ETF (INF)
GROWWPOWER,INF666M01LM6,fund/ETF (INF)
GROWWPSE,INF666M01NQ3,fund/ETF (INF)
GROWWPSUBK,INF666M01OG2,fund/ETF (INF)
GROWWRAIL,INF666M01JJ6,fund/ETF (INF)
GROWWRLTY,INF666M01MN2,fund/ETF (INF)
GROWWSC250,INF666M01MO0,fund/ETF (INF)
GROWWSLVR,INF666M01OF4,fund/ETF (INF)
GSEC10ABSL,INF209KC1142,fund/ETF (INF)
GSEC10IETF,INF109KC18O0,fund/ETF (INF)
GSEC10YEAR,INF769K01KF8,fund/ETF (INF)
GSEC5IETF,INF109KC14A8,fund/ETF (INF)
GUJNREDVR,IN9110D01011,DVR/special (IN9)
HBANKETF,INF179KC1AN8,fund/ETF (INF)
HDFCBSE500,INF179KC1EZ4,fund/ETF (INF)
HDFCGOLD,INF179KC1981,fund/ETF (INF)
HDFCGROWTH,INF179KC1DJ0,fund/ETF (INF)
HDFCLIQUID,INF179KC1JG3,fund/ETF (INF)
HDFCLOWVOL,INF179KC1HU8,fund/ETF (INF)
HDFCMFGETF,INF179KC1981,fund/ETF (INF)
HDFCMID150,INF179KC1HT0,fund/ETF (INF)
HDFCMOMENT,INF179KC1HV6,fund/ETF (INF)
HDFCNEXT50,INF179KC1HS2,fund/ETF (INF)
HDFCNIF100,INF179KC1HR4,fund/ETF (INF)
HDFCNIFBAN,INF179KC1HY0,fund/ETF (INF)
HDFCNIFETF,INF179KC1965,fund/ETF (INF)
HDFCNIFIT,INF179KC1IA8,fund/ETF (INF)
HDFCNIFTY,INF179KC1965,fund/ETF (INF)
HDFCPSUBK,INF179KC1HW4,fund/ETF (INF)
HDFCPVTBAN,INF179KC1HZ7,fund/ETF (INF)
HDFCQUAL,INF179KC1DL6,fund/ETF (INF)
HDFCSENETF,INF179KC1973,fund/ETF (INF)
HDFCSENSEX,INF179KC1HX2,fund/ETF (INF)
HDFCSILVER,INF179KC1DI2,fund/ETF (INF)
HDFCSML250,INF179KC1FB2,fund/ETF (INF)
HDFCVALUE,INF179KC1DK8,fund/ETF (INF)
HEALTHADD,INF740KA1UF4,fund/ETF (INF)
HEALTHCARE,INF769K01QA6,fund/ETF (INF)
HEALTHIETF,INF109KC1Q72,fund/ETF (INF)
HEALTHY,INF209KB10C2,fund/ETF (INF)
HNGSNGBEES,INF204KB19I1,fund/ETF (INF)
HSBCGOLD,INF336L01RX2,fund/ETF (INF)
IBMFNIFTY,INF666M01FS5,fund/ETF (INF)
ICCNX100,INF109KA1962,fund/ETF (INF)
ICICI10GS,INF109KC18O0,fund/ETF (INF)
ICICI500,INF109KC1V59,fund/ETF (INF)
ICICI5GSEC,INF109KC14A8,fund/ETF (INF)
ICICIALPLV,INF109KC1N59,fund/ETF (INF)
ICICIAUTO,INF109KC1Y49,fund/ETF (INF)
ICICIB22,INF109KB15Y7,fund/ETF (INF)
ICICIBANKN,INF109KC15I8,fund/ETF (INF)
ICICIBANKP,INF109KC1E35,fund/ETF (INF)
ICICICOMMO,INF109KC19O8,fund/ETF (INF)
ICICICONSU,INF109KC1V42,fund/ETF (INF)
ICICIFIN,INF109KC17L8,fund/ETF (INF)
ICICIFMCG,INF109KC1R48,fund/ETF (INF)
ICICIGOLD,INF109KC1NT3,fund/ETF (INF)
ICICIINFRA,INF109KC16E5,fund/ETF (INF)
ICICILIQ,INF109KC1KT9,fund/ETF (INF)
ICICILOVOL,INF109KB10T8,fund/ETF (INF)
ICICIM150,INF109KC1G82,fund/ETF (INF)
ICICIMCAP,INF109KB1XT3,fund/ETF (INF)
ICICIMOM30,INF109KC17C7,fund/ETF (INF)
ICICINF100,INF109KA1962,fund/ETF (INF)
ICICINIFTY,INF109K012R6,fund/ETF (INF)
ICICINV20,INF109KB1WY5,fund/ETF (INF)
ICICINXT50,INF109KC1NS5,fund/ETF (INF)
ICICIPHARM,INF109KC1Q72,fund/ETF (INF)
ICICIQTY30,INF109KC15T5,fund/ETF (INF)
ICICISENSX,INF346A01034,fund/ETF (INF)
ICICISILVE,INF109KC1Y56,fund/ETF (INF)
ICICITECH,INF109KC16I6,fund/ETF (INF)
ICNX100,INF109KA1962,fund/ETF (INF)
IDBIGOLD,INF397L01554,fund/ETF (INF)
IDFNIFTYET,INF194KA1U07,fund/ETF (INF)
IGOLD,INF109KB1WF4,fund/ETF (INF)
IIFLNIFTY,INF579M01019,fund/ETF (INF)
IMIDCAP,INF109KB1XT3,fund/ETF (INF)
INFRA,INF769K01QB4,fund/ETF (INF)
INFRABEES,INF732E01268,fund/ETF (INF)
INFRAIETF,INF109KC16E5,fund/ETF (INF)
INIFTY,INF109K012R6,fund/ETF (INF)
INTERNET,INF769K01PB6,fund/ETF (INF)
INV20,INF109KB1WY5,fund/ETF (INF)
IPGETF,INF109K01FV4,fund/ETF (INF)
IPRU5008,INF109KC1E27,fund/ETF (INF)
ISENSEX,INF346A01034,fund/ETF (INF)
IT,INF174KA1GC5,fund/ETF (INF)
ITADD,INF740KA1SX1,fund/ETF (INF)
ITBEES,INF204KB15V2,fund/ETF (INF)
ITBETA,INF789F1AZD8,fund/ETF (INF)
ITETF,INF769K01KV5,fund/ETF (INF)
ITETFADD,INF740KA1SX1,fund/ETF (INF)
ITIETF,INF109KC16I6,fund/ETF (INF)
IVZINGOLD,INF205KA1BP1,fund/ETF (INF)
IVZINNIFTY,INF205K01DA9,fund/ETF (INF)
JISLDVREQS,IN9175A01010,DVR/special (IN9)
JUNIORBEES,INF732E01045,fund/ETF (INF)
KOTAKALPHA,INF174KA1IA5,fund/ETF (INF)
KOTAKBKETF,INF174K01F59,fund/ETF (INF)
KOTAKCONS,INF174KA1JE5,fund/ETF (INF)
KOTAKGOLD,INF174KA1HJ8,fund/ETF (INF)
KOTAKIT,INF174KA1GC5,fund/ETF (INF)
KOTAKLIQ,INF174KA1LV5,fund/ETF (INF)
KOTAKLOVOL,INF174KA1IY5,fund/ETF (INF)
KOTAKMID50,INF174KA1IB3,fund/ETF (INF)
KOTAKMNC,INF174KA1JF2,fund/ETF (INF)
KOTAKNIFTY,INF174K014P6,fund/ETF (INF)
KOTAKNV20,INF174K01Z71,fund/ETF (INF)
KOTAKPSUBK,INF373I01023,fund/ETF (INF)
KOTAKSILVE,INF174KA1KU9,fund/ETF (INF)
KTKNV20ETF,INF174K01Z71,fund/ETF (INF)
LICMFGOLD,INF767K01SM1,fund/ETF (INF)
LICNETFGSC,INF767K01MV5,fund/ETF (INF)
LICNETFN50,INF767K01OS7,fund/ETF (INF)
LICNETFSEN,INF767K01OT5,fund/ETF (INF)
LICNFENGP,INF767K01OS7,fund/ETF (INF)
LICNFNHGP,INF767K01PC8,fund/ETF (INF)
LICNMFET,INF767K01MV5,fund/ETF (INF)
LICNMID100,INF767K01RN1,fund/ETF (INF)
LIQGRWBEES,INF204KC1FU1,fund/ETF (INF)
LIQUID,INF769K01KS1,fund/ETF (INF)
LIQUID1,INF174KA1LV5,fund/ETF (INF)
LIQUIDADD,INF740KA1UM0,fund/ETF (INF)
LIQUIDBEES,INF732E01037,fund/ETF (INF)
LIQUIDBETF,INF0QA701854,fund/ETF (INF)
LIQUIDCASE,INF0R8F01034,fund/ETF (INF)
LIQUIDETF,INF740KA1EU7,fund/ETF (INF)
LIQUIDIETF,INF109KC1KT9,fund/ETF (INF)
LIQUIDPLUS,INF769K01MY5,fund/ETF (INF)
LIQUIDSBI,INF200KA13Z8,fund/ETF (INF)
LIQUIDSHRI,INF680P01422,fund/ETF (INF)
LOWVOL,INF769K01JU9,fund/ETF (INF)
LOWVOL1,INF174KA1IY5,fund/ETF (INF)
LOWVOLIETF,INF109KC19U5,fund/ETF (INF)
LOWVOLIWIN,INF109KB10T8,fund/ETF (INF)
LTGILTBEES,INF204KB1882,fund/ETF (INF)
LTGILTCASE,INF0R8F01133,fund/ETF (INF)
M100,INF247L01023,fund/ETF (INF)
M50,INF247L01536,fund/ETF (INF)
MAESGETF,INF769K01GS9,fund/ETF (INF)
MAFANG,INF769K01HF4,fund/ETF (INF)
MAFSETF,INF769K01HI8,fund/ETF (INF)
MAGOLDETF,INF769K01JP9,fund/ETF (INF)
MAGS813ETF,INF769K01KF8,fund/ETF (INF)
MAHKTECH,INF769K01HS7,fund/ETF (INF)
MAKEINDIA,INF769K01IB1,fund/ETF (INF)
MAM150ETF,INF769K01IC9,fund/ETF (INF)
MAMFGETF,INF769K01IB1,fund/ETF (INF)
MAN50ETF,INF769K01EG9,fund/ETF (INF)
MANUFGBEES,INF204KC1GH6,fund/ETF (INF)
MANV30F,INF769K01JU9,fund/ETF (INF)
MANXT50,INF769K01FN2,fund/ETF (INF)
MASILVER,INF769K01KG6,fund/ETF (INF)
MASPTOP50,INF769K01HP3,fund/ETF (INF)
METAL,INF769K01LY7,fund/ETF (INF)
METALIETF,INF109KC19W1,fund/ETF (INF)
MGOLD,INF247L01072,fund/ETF (INF)
MID150,INF174KA1VW2,fund/ETF (INF)
MID150BEES,INF204KB1V68,fund/ETF (INF)
MID150CASE,INF0R8F01059,fund/ETF (INF)
MIDCAP,INF174KA1ZC5,fund/ETF (INF)
MIDCAPADD,INF740KA1WW5,fund/ETF (INF)
MIDCAPBETA,INF789F1AYX9,fund/ETF (INF)
MIDCAPETF,INF769K01IC9,fund/ETF (INF)
MIDCAPIETF,INF109KC11W8,fund/ETF (INF)
MIDCAPIWIN,INF109KB1XT3,fund/ETF (INF)
MIDQ50ADD,INF740KA1QL0,fund/ETF (INF)
MIDSELIETF,INF109KC10W0,fund/ETF (INF)
MIDSMALL,INF769K01LJ8,fund/ETF (INF)
MNC,INF174KA1JF2,fund/ETF (INF)
MOALPHA50,INF247L01FR8,fund/ETF (INF)
MOBANK10,INF247L01GV8,fund/ETF (INF)
MOCAPITAL,INF247L01EV3,fund/ETF (INF)
MODEFENCE,INF247L01DJ0,fund/ETF (INF)
MOENERGY,INF247L01GH7,fund/ETF (INF)
MOGOLD,INF247L01FY4,fund/ETF (INF)
MOGSEC,INF247L01AK4,fund/ETF (INF)
MOHEALTH,INF247L01BB1,fund/ETF (INF)
MOINFRA,INF247L01FL1,fund/ETF (INF)
MOIPO,INF247L01GI5,fund/ETF (INF)
MOLOWVOL,INF247L01BL0,fund/ETF (INF)
MOM100,INF247L01023,fund/ETF (INF)
MOM30IETF,INF109KC17C7,fund/ETF (INF)
MOM50,INF247L01536,fund/ETF (INF)
MOMENTUM,INF209KB14K7,fund/ETF (INF)
MOMENTUM30,INF174KA1XS6,fund/ETF (INF)
MOMENTUM50,INF247L01DK8,fund/ETF (INF)
MOMGF,INF247L01FK3,fund/ETF (INF)
MOMIDMTM,INF247L01FQ0,fund/ETF (INF)
MOMNC,INF247L01GK1,fund/ETF (INF)
MOMOMENTUM,INF247L01BK2,fund/ETF (INF)
MON100,INF247L01AP3,fund/ETF (INF)
MON50EQUAL,INF247L01FC0,fund/ETF (INF)
MONEXT50,INF247L01FD8,fund/ETF (INF)
MONIFTY100,INF247L01GG9,fund/ETF (INF)
MONIFTY500,INF247L01BU1,fund/ETF (INF)
MONQ50,INF247L01AU3,fund/ETF (INF)
MOPSE,INF247L01FO5,fund/ETF (INF)
MOQUALITY,INF247L01BH8,fund/ETF (INF)
MOREALTY,INF247L01CI4,fund/ETF (INF)
MOSERVICE,INF247L01GJ3,fund/ETF (INF)
MOSILVER,INF247L01FZ1,fund/ETF (INF)
MOSMALL250,INF247L01CH6,fund/ETF (INF)
MOTOUR,INF247L01FP2,fund/ETF (INF)
MOVALUE,INF247L01BE5,fund/ETF (INF)
MSCI360,INF579M01BP5,fund/ETF (INF)
MSCIADD,INF740KA1WV7,fund/ETF (INF)
MSCIINDIA,INF174KA1VD2,fund/ETF (INF)
MULTICAP,INF769K01LX9,fund/ETF (INF)
N100,INF247L01031,fund/ETF (INF)
NAVINIFTY,INF959L01HI3,fund/ETF (INF)
NCPSESDL24,INF204KB18W4,fund/ETF (INF)
NETF,INF277K015R5,fund/ETF (INF)
NETFAUTO,INF204KC1337,fund/ETF (INF)
NETFCONSUM,INF204KA1LD7,fund/ETF (INF)
NETFDIVOPP,INF204KA1MS3,fund/ETF (INF)
NETFGILT5Y,INF204KC1030,fund/ETF (INF)
NETFIT,INF204KB15V2,fund/ETF (INF)
NETFLTGILT,INF204KB1882,fund/ETF (INF)
NETFMID150,INF204KB1V68,fund/ETF (INF)
NETFNIF100,INF204K014N5,fund/ETF (INF)
NETFNV20,INF204KB18I3,fund/ETF (INF)
NETFPHARMA,INF204KC1089,fund/ETF (INF)
NETFSDL26,INF204KC1022,fund/ETF (INF)
NETFSILVER,INF204KC1402,fund/ETF (INF)
NEXT30ADD,INF740KA1VE5,fund/ETF (INF)
NEXT50,INF769K01FN2,fund/ETF (INF)
NEXT50ADD,INF740KA1XU7,fund/ETF (INF)
NEXT50BETA,INF789F1AUW9,fund/ETF (INF)
NEXT50ETF,INF174KA1YO3,fund/ETF (INF)
NEXT50IETF,INF109KC1NS5,fund/ETF (INF)
NIF100BEES,INF204K014N5,fund/ETF (INF)
NIF100IETF,INF109KC16V9,fund/ETF (INF)
NIF100IWIN,INF109KA1962,fund/ETF (INF)
NIF10GETF,INF789F1AZF3,fund/ETF (INF)
NIF5GETF,INF789F1AZE6,fund/ETF (INF)
NIFETF,INF109K012R6,fund/ETF (INF)
NIFITETF,INF789F1AZD8,fund/ETF (INF)
NIFMID150,INF789F1AYX9,fund/ETF (INF)
NIFTY1,INF174K014P6,fund/ETF (INF)
NIFTY100EW,INF174KA1UW4,fund/ETF (INF)
NIFTY50ADD,INF740KA1CL0,fund/ETF (INF)
NIFTYADD,INF740KA1CL0,fund/ETF (INF)
NIFTYBEES,INF204KB14I2,fund/ETF (INF)
NIFTYBETA,INF789F1AZC0,fund/ETF (INF)
NIFTYBETF,INF0QA701722,fund/ETF (INF)
NIFTYCASE,INF0R8F01166,fund/ETF (INF)
NIFTYEES,INF754K01EK3,fund/ETF (INF)
NIFTYETF,INF769K01EG9,fund/ETF (INF)
NIFTYIETF,INF109K012R6,fund/ETF (INF)
NIFTYIWIN,INF109K012R6,fund/ETF (INF)
NIFTYQLITY,INF209KB15K4,fund/ETF (INF)
NPBET,INF277K010X4,fund/ETF (INF)
NV20,INF174KA1ZE1,fund/ETF (INF)
NV20BEES,INF204KB18I3,fund/ETF (INF)
NV20IETF,INF109KC11V0,fund/ETF (INF)
NV20IWIN,INF109KB1WY5,fund/ETF (INF)
OILIETF,INF109KC18W3,fund/ETF (INF)
PHARMABEES,INF204KC1089,fund/ETF (INF)
PRETAILDVR,IN9623B01058,DVR/special (IN9)
PSUBANK,INF373I01023,fund/ETF (INF)
PSUBANKADD,INF740KA1SY9,fund/ETF (INF)
PSUBANKICI,INF109KC10S8,fund/ETF (INF)
PSUBNKBEES,INF204KB16I7,fund/ETF (INF)
PSUBNKIETF,INF109KC10S8,fund/ETF (INF)
PVTBANIETF,INF109KC18U7,fund/ETF (INF)
PVTBANKADD,INF740KA1TA7,fund/ETF (INF)
PVTBKGROWW,INF666M01OT5,fund/ETF (INF)
QGOLDHALF,INF082J01408,fund/ETF (INF)
QNIFTY,INF082J01499,fund/ETF (INF)
QUAL30IETF,INF109KC18V5,fund/ETF (INF)
QUALITY,INF174KA1WT6,fund/ETF (INF)
QUALITY30,INF174KA1WT6,fund/ETF (INF)
RELBANK,INF733I01028,fund/ETF (INF)
RELCNX100,INF204K014N5,fund/ETF (INF)
RELCONS,INF204KA1LD7,fund/ETF (INF)
RELDIVOPP,INF204KA1MS3,fund/ETF (INF)
RELGOLD,INF733I01010,fund/ETF (INF)
RELGRNIFTY,INF205K01DA9,fund/ETF (INF)
RELIGAREGO,INF205K01361,fund/ETF (INF)
RELNIFTY,INF204KA1EU6,fund/ETF (INF)
RELNV20,INF204KA17D8,fund/ETF (INF)
RETFMID150,INF204KB1V68,fund/ETF (INF)
RRSLGETF,INF204KB1882,fund/ETF (INF)
SBIBPB,INF200KB1712,fund/ETF (INF)
SBIETFCON,INF200KA1X17,fund/ETF (INF)
SBIETFIT,INF200KA1S14,fund/ETF (INF)
SBIETFPB,INF200KA1S22,fund/ETF (INF)
SBIETFQLTY,INF200KA1WX6,fund/ETF (INF)
SBIGETS,INF200K01099,fund/ETF (INF)
SBILIQETF,INF200KB1969,fund/ETF (INF)
SBIMIDMOM,INF200KB1AJ0,fund/ETF (INF)
SBINEQWETF,INF200KB1282,fund/ETF (INF)
SBINMID150,INF200KB1AK8,fund/ETF (INF)
SBISILVER,INF200KB1217,fund/ETF (INF)
SBISMLETF,INF200KB1AY9,fund/ETF (INF)
SBIVALETF,INF200KB1AX1,fund/ETF (INF)
SDL24BEES,INF204KB18W4,fund/ETF (INF)
SDL26BEES,INF204KC1022,fund/ETF (INF)
SELECTIPO,INF769K01ON4,fund/ETF (INF)
SENSEXADD,INF740KA1SZ6,fund/ETF (INF)
SENSEXBETA,INF789FB1X58,fund/ETF (INF)
SENSEXETF,INF769K01KT9,fund/ETF (INF)
SENSEXIETF,INF346A01034,fund/ETF (INF)
SENSEXIWIN,INF346A01034,fund/ETF (INF)
SETF10GILT,INF200KA1JT1,fund/ETF (INF)
SETFBANK,INF200KA1580,fund/ETF (INF)
SETFGOLD,INF200KA16D8,fund/ETF (INF)
SETFNIF50,INF200KA1FS1,fund/ETF (INF)
SETFNIFBK,INF200KA1580,fund/ETF (INF)
SETFNIFJR,INF200KA1598,fund/ETF (INF)
SETFNIFTY,INF200KA1FS1,fund/ETF (INF)
SETFNN50,INF200KA1598,fund/ETF (INF)
SHARIABEES,INF732E01128,fund/ETF (INF)
SILVER,INF209KB19F6,fund/ETF (INF)
SILVER1,INF174KA1ZD3,fund/ETF (INF)
SILVER360,INF579M01BC3,fund/ETF (INF)
SILVERADD,INF740KA1RE3,fund/ETF (INF)
SILVERAG,INF769K01KG6,fund/ETF (INF)
SILVERBEES,INF204KC1402,fund/ETF (INF)
SILVERBETA,INF789F1AYK6,fund/ETF (INF)
SILVERBND,INF194KB1KI9,fund/ETF (INF)
SILVERCASE,INF0R8F01091,fund/ETF (INF)
SILVERETF,INF789F1AYK6,fund/ETF (INF)
SILVERIETF,INF109KC1Y56,fund/ETF (INF)
SILVRETF,INF769K01KG6,fund/ETF (INF)
SMALL250,INF769K01PQ4,fund/ETF (INF)
SMALLADD,INF740KA1WX3,fund/ETF (INF)
SMALLCAP,INF769K01LC3,fund/ETF (INF)
SML100CASE,INF0R8F01141,fund/ETF (INF)
SNXT30BEES,INF204KC1EZ3,fund/ETF (INF)
SNXT50BETA,INF789F1AUU3,fund/ETF (INF)
SPICE,INF346A01034,fund/ETF (INF)
TATAGOLD,INF277KA1976,fund/ETF (INF)
TATAMTRDVR,IN9155A01020,DVR/special (IN9)
TATSILV,INF277KA1984,fund/ETF (INF)
TECH,INF209KB11D8,fund/ETF (INF)
TNIDETF,INF277KA1364,fund/ETF (INF)
TOP100CASE,INF0R8F01067,fund/ETF (INF)
TOP10ADD,INF740KA1UR9,fund/ETF (INF)
TOP15IETF,INF109K1A344,fund/ETF (INF)
TOP20,INF769K01PZ5,fund/ETF (INF)
TWCGOLDETF,INF2F0001370,fund/ETF (INF)
UNIONGOLD,INF582M01KS4,fund/ETF (INF)
UTIBANKETF,INF789F1AUV1,fund/ETF (INF)
UTINEXT50,INF789F1AUW9,fund/ETF (INF)
UTINIFTETF,INF789F1AZC0,fund/ETF (INF)
UTISENSETF,INF789FB1X58,fund/ETF (INF)
UTISUNDER,INF789F01042,fund/ETF (INF)
UTISXN50,INF789F1AUU3,fund/ETF (INF)
VAL30IETF,INF109KC16X5,fund/ETF (INF)
VALUE,INF769K01QV2,fund/ETF (INF)
