SYMBOL,ISIN
20MICRONS,INE144J01027
3IINFOTECH,INE748C01020
3MINDIA,INE470A01017
A2ZMES,INE619I01012
AANJANEYA,INE928K01013
AARTIDRUGS,INE767A01016
AARTIIND,INE769A01020
AARVEEDEN,INE273D01019
ABAN,INE421A01028
ABB,INE117A01022
ABBOTINDIA,INE358A01014
ABCIL,INE605B01016
ABGSHIP,INE067H01016
ABHISHEK,INE004I01017
ABIRLANUVO,INE069A01017
ACC,INE012A01025
ACE,INE731H01025
ACKRUTI,INE703H01016
ACROPETAL,INE055L01013
ADANIENT,INE423A01024
ADANIPOWER,INE814H01029
ADFFOODS,INE982B01027
ADHUNIK,INE400H01019
ADORWELD,INE045A01017
ADSL,INE102I01027
ADVANTA,INE517H01028
AEGISCHEM,INE208C01025
AFL,INE020G01017
AFTEK,INE796A01023
AGCNET,INE676A01019
AGRE,INE360L01017
AGRODUTCH,INE135B01014
AHLEAST,INE926K01017
AHLUCONT,INE758C01029
AHLWEST,INE915K01010
AHMEDFORGE,INE425A01011
AIAENG,INE212H01026
AJANTPHARM,INE031B01049
AJMERA,INE298G01035
AKSHOPTFBR,INE523B01011
AKZOINDIA,INE133A01011
ALBK,INE428A01015
ALCHEM,INE964B01033
ALEMBICLTD,INE426A01027
ALFALAVAL,INE427A01017
ALKALI,INE773I01017
ALKYLAMINE,INE150B01039
ALLCARGO,INE418H01029
ALLSEC,INE835G01018
ALMONDZ,INE326B01035
ALOKTEXT,INE270A01011
ALPA,INE385I01010
ALPHAGEO,INE137C01018
ALPSINDUS,INE093B01015
AMAR,INE787G01011
AMARAJABAT,INE885A01032
AMARJOTHI,INE484D01012
AMBIKCO,INE540G01014
AMBUJACEM,INE079A01024
AMDIND,INE005I01014
AMLSTEEL,INE577F01018
AMRUTANJAN,INE098F01031
AMTEKAUTO,INE130C01021
AMTEKINDIA,INE068D01021
ANANTRAJ,INE242C01024
ANDHRABANK,INE434A01013
ANDHRACEMT,INE666E01012
ANDHRSUGAR,INE715B01021
ANGIND,INE017D01010
ANIKINDS,INE087B01017
ANKURDRUGS,INE238D01012
ANSALAPI,INE436A01026
ANSALHSG,INE880B01015
ANTGRAPHIC,INE414B01021
APARINDS,INE372A01015
APCOTEXIND,INE116A01032
APIL,INE878A01011
APOLLOHOSP,INE437A01024
APOLLOTYRE,INE438A01022
APPAPER,INE435A01028
APTECHT,INE266F01018
AQUA,INE544K01026
ARCHIDPLY,INE877I01016
ARCHIES,INE731A01020
AREVAT&D,INE200A01026
ARIES,INE298I01015
ARIHANT,INE413D01011
ARL,INE211C01029
AROGRANITE,INE210C01013
ARROWTEX,INE933J01015
ARSHIYA,INE968D01022
ARSSINFRA,INE267I01010
ARVIND,INE034A01011
ASAHIINDIA,INE439A01020
ASAL,INE900C01027
ASHAPURMIN,INE348A01023
ASHCONIUL,INE714F01033
ASHIMASYN,INE440A01010
ASHOKA,INE442H01029
ASHOKLEY,INE208A01029
ASIANELEC,INE441A01026
ASIANHOTNR,INE363A01022
ASIANPAINT,INE021A01026
ASIANTILES,INE022I01019
ASSAMCO,INE442A01024
ASTEC,INE563J01010
ASTERSILI,INE900K01012
ASTRAL,INE006I01046
ASTRAMICRO,INE386C01029
ASTRAZEN,INE203A01020
ATFL,INE209A01019
ATLANTA,INE285H01022
ATLASCYCLE,INE446A01025
ATNINTER,INE803A01027
ATUL,INE100A01010
AURIONPRO,INE132H01018
AUROPHARMA,INE406A01037
AUSOMENT,INE218C01016
AUSTRAL,INE455J01027
AUTOAXLES,INE449A01011
AUTOIND,INE718H01014
AUTOLITIND,INE448A01013
AVANTI,INE871C01012
AVENTIS,INE058A01010
AVTNPL,INE488D01021
AXIS-IT&T,INE555B01013
AXISBANK,INE238A01034
BAGFILMS,INE116D01028
BAJAJ-AUTO,INE917I01010
BAJAJCORP,INE933K01021
BAJAJELEC,INE193E01025
BAJAJFINSV,INE918I01026
BAJAJHIND,INE306A01021
BAJAJHLDNG,INE118A01012
BAJFINANCE,INE296A01032
BALAJITELE,INE794B01026
BALAMINES,INE050E01027
BALKRISIND,INE787D01026
BALLARPUR,INE294A01037
BALMLAWRIE,INE164A01016
BALPHARMA,INE083D01012
BALRAMCHIN,INE119A01028
BANARISUG,INE459A01010
BANCOINDIA,INE213C01025
BANG,INE863I01016
BANKBARODA,INE028A01039
BANKINDIA,INE084A01016
BANSWRAS,INE629D01020
BARTRONICS,INE855F01034
BASF,INE373A01013
BASML,INE186H01022
BATAINDIA,INE176A01028
BATLIBOI,INE177C01022
BAYERCROP,INE462A01022
BBL,INE464A01036
BBTC,INE050A01025
BEARDSELL,INE520H01022
BECREL,INE287A01015
BEDMUTHA,INE844K01012
BEL,INE263A01024
BELLCERATL,INE403A01026
BEML,INE258A01024
BEPL,INE922A01025
BERGEPAINT,INE463A01038
BFINVEST,INE878K01010
BFUTILITIE,INE243D01012
BGRENERGY,INE661I01014
BHAGWATIHO,INE797H01018
BHAGYNAGAR,INE458B01028
BHARATFORG,INE465A01025
BHARATGEAR,INE561C01019
BHARATRAS,INE838B01021
BHARTIARTL,INE397D01024
BHARTISHIP,INE673G01013
BHEL,INE257A01026
BHUSANSTL,INE824B01021
BIL,INE828A01016
BILENERGY,INE607L01029
BILPOWER,INE952D01018
BIMETAL,INE469A01019
BINANIIND,INE071A01013
BINDALAGRO,INE143A01010
BIOCON,INE376G01013
BIRLACORPN,INE340A01012
BIRLACOT,INE655I01024
BIRLAERIC,INE800A01015
BIRLAMONEY,INE865C01022
BIRLAPOWER,INE224B01024
BLBLIMITED,INE791A01024
BLISSGVS,INE416D01022
BLKASHYAP,INE350H01032
BLUECHIP,INE657B01025
BLUEDART,INE233B01017
BLUESTARCO,INE472A01039
BLUESTINFO,INE504B01011
BOC,INE473A01011
BOMDYEING,INE032A01023
BOSCHLTD,INE323A01026
BPCL,INE029A01011
BPL,INE110A01019
BRANDHOUSE,INE317J01011
BRFL,INE589G01011
BRIGADE,INE791I01019
BRITANNIA,INE216A01030
BROADCAST,INE698H01018
BSELINFRA,INE395A01016
BSL,INE594B01012
BSTRANSCOM,INE043K01011
BURNPUR,INE817H01022
BVCL,INE139I01011
CADILAHC,INE010B01027
CAIRN,INE910H01017
CALSOFT,INE526B01014
CAMLIN,INE760A01029
CANBK,INE476A01022
CANDC,INE874H01015
CANFINHOME,INE477A01020
CANTABIL,INE068L01024
CARBORUNIV,INE120A01034
CAROLINFO,INE198A01014
CASTROL,INE172A01019
CCCL,INE429I01024
CCL,INE421D01022
CEATLTD,INE482A01020
CEBBCO,INE209L01016
CELEBRITY,INE185H01016
CELESTIAL,INE221I01017
CENTENKA,INE485A01015
CENTEXT,INE281A01026
CENTRALBK,INE483A01010
CENTUM,INE320B01020
CENTURYPLY,INE348B01021
CENTURYTEX,INE055A01016
CERA,INE739E01017
CESC,INE486A01021
CHAMBLFERT,INE085A01013
CHEMFALKAL,INE479E01028
CHEMPLAST,INE488A01027
CHENNPETRO,INE178A01016
CHESLINTEX,INE217C01018
CHOLAFIN,INE121A01024
CILNOVA,INE672K01017
CINEMAX,INE704H01014
CINEVISTA,INE039B01026
CIPLA,INE059A01026
CLASSIC,INE987C01024
CLNINDIA,INE492A01029
CMAHENDRA,INE378J01013
CMC,INE314A01017
COALINDIA,INE522F01014
COLPAL,INE259A01022
COMPUAGE,INE070C01029
CONCOR,INE111A01025
CONSOFINVT,INE025A01027
CORAL-HUB,INE108J01030
CORDSCABLE,INE792I01017
COREPROTEC,INE247G01024
COROMANDEL,INE169A01031
CORPBANK,INE112A01023
COSMOFILMS,INE757A01017
COX&KINGS,INE008I01026
CPIL,INE521J01018
CREATIVEYE,INE230B01021
CRESTANI,INE774A01012
CREWBOS,INE514G01019
CRISIL,INE007A01025
CROMPGREAV,INE067A01029
CRONIMET,INE592I01029
CTE,INE627H01017
CUB,INE491A01021
CUBEXTUB,INE144D01012
CUMMINSIND,INE298A01020
CURATECH,INE117B01012
CYBERMEDIA,INE278G01037
CYBERTECH,INE214A01019
DAAWAT,INE818H01020
DABUR,INE016A01026
DALMIABEL,INE439L01019
DALMIASUG,INE495A01022
DATAMATICS,INE365B01017
DBCORP,INE950I01011
DBREALTY,INE879I01012
DCB,INE503A01015
DCHL,INE137G01027
DCM,INE498A01018
DCMSRMCONS,INE499A01024
DCW,INE500A01029
DECCANCE,INE583C01021
DECOLIGHT,INE172I01012
DEEPAKFERT,INE501A01019
DEEPAKNTR,INE288B01029
DEEPIND,INE677H01012
DELTACORP,INE124G01033
DEN,INE947J01015
DENABANK,INE077A01010
DENORA,INE244A01016
DENSO,INE502A01017
DEWANHOUS,INE202B01012
DHAMPURSUG,INE041A01016
DHANBANK,INE680A01011
DHARSUGAR,INE988C01014
DHUNINV,INE320L01011
DIAPOWER,INE989C01012
DICIND,INE303A01010
DIGJAM,INE471A01023
DISHMAN,INE353G01020
DISHTV,INE836F01026
DIVISLAB,INE361B01024
DLF,INE271C01023
DLINKINDIA,INE250K01012
DOLPHINOFF,INE920A01011
DONEAR,INE668D01028
DPSCLTD,INE360C01024
DPTL,INE477B01010
DQE,INE656K01010
DREDGECORP,INE506A01018
DRREDDY,INE089A01031
DSKULKARNI,INE891A01014
DUNCANSIND,INE508A01014
DWARKESH,INE366A01041
DYNAMATECH,INE221B01012
DYNASYS,INE417B01032
EASTSILK,INE962C01027
EASUNREYRL,INE268C01029
ECEIND,INE588B01014
ECLERX,INE738I01010
EDELWEISS,INE532F01054
EDL,INE180G01019
EDSERV,INE889J01019
EDUCOMP,INE216H01027
EICHERMOT,INE066A01021
EIDPARRY,INE126A01031
EIHAHOTELS,INE276C01014
EIHOTEL,INE230A01023
EIMCOELECO,INE158B01016
EKC,INE184H01027
ELDERPHARM,INE975A01015
ELECON,INE205B01031
ELECTCAST,INE086A01029
ELECTHERM,INE822G01016
ELFORGE,INE158F01017
ELGIEQUIP,INE285A01027
ELNET,INE033C01019
EMAMIINFRA,INE778K01012
EMAMILTD,INE548C01032
EMCO,INE078A01026
EMKAY,INE296H01011
EMMBI,INE753K01015
EMPEESUG,INE928B01012
ENERGYDEV,INE306C01019
ENGINERSIN,INE510A01028
ENIL,INE265F01028
ENTEGRA,INE826A01028
ERAINFRA,INE039E01020
EROSMEDIA,INE416L01017
ESABINDIA,INE284A01012
ESCORTS,INE042A01014
ESL,INE481K01013
ESSAROIL,INE011A01019
ESSARPORTS,INE282A01024
ESSDEE,INE825H01017
ESSELPACK,INE255A01020
ESTER,INE778B01029
EUROCERA,INE649H01011
EUROMULTI,INE063J01011
EUROTEXIND,INE022C01012
EVEREADY,INE128A01029
EVERESTIND,INE295A01018
EVERONN,INE678H01010
EVINIX,INE961H01028
EXCELCROP,INE223G01017
EXCELINDUS,INE369A01029
EXCELINFO,INE688J01015
EXIDEIND,INE302A01020
FACT,INE188A01015
FAGBEARING,INE513A01014
FAME,INE886G01011
FARMAXIND,INE890I01035
FCH,INE688I01017
FCSSOFT,INE512B01022
FDC,INE258B01022
FEDDERLOYD,INE249C01011
FEDERALBNK,INE171A01029
FIEMIND,INE737H01014
FINANTECH,INE111B01023
FINCABLES,INE235A01022
FINPIPE,INE183A01024
FIRSTLEASE,INE492B01019
FIRSTWIN,INE315J01015
FKONCO,INE575G01010
FMGOETZE,INE529A01010
FORTIS,INE061F01013
FOSECOIND,INE519A01011
FOURSOFT,INE218G01017
FSL,INE684F01012
FUTUREVENT,INE220J01017
GABRIEL,INE524A01029
GAEL,INE036B01030
GAIL,INE129A01019
GAL,INE482J01021
GALLANTT,INE297H01019
GALLISPAT,INE528K01029
GAMMNINFRA,INE181G01025
GAMMONIND,INE259B01020
GANDHITUBE,INE524B01027
GANESHHOUC,INE460C01014
GANGOTRI,INE670B01028
GARDENSILK,INE526A01016
GARWALLROP,INE276A01018
GATI,INE152B01027
GDL,INE852F01015
GEECEE,INE916G01016
GEINDSYS,INE599B01011
GEMINI,INE878C01033
GENESYS,INE727B01026
GENUSPOWER,INE955D01029
GEODESIC,INE371D01029
GEOJITBNPP,INE007B01023
GEOMETRIC,INE797A01021
GESHIP,INE017A01032
GHCL,INE539A01019
GICHSGFIN,INE289B01019
GILLANDERS,INE047B01011
GILLETTE,INE322A01010
GINNIFILA,INE424C01010
GIPCL,INE162A01010
GISOLUTION,INE065J01016
GITANJALI,INE346H01014
GKB,INE265D01015
GKWLIMITED,INE528A01020
GLAXO,INE159A01016
GLENMARK,INE935A01035
GLFL,INE540A01017
GLOBALVECT,INE792H01019
GLOBOFFS,INE446C01013
GLOBUSSPR,INE615I01010
GLODYNE,INE932G01021
GMBREW,INE075D01018
GMDCLTD,INE131A01031
GMRINFRA,INE776C01039
GNFC,INE113A01013
GOACARBON,INE426D01013
GODFRYPHLP,INE260B01028
GODREJCP,INE102D01028
GODREJIND,INE233A01035
GODREJPROP,INE484J01027
GOENKA,INE516K01024
GOKEX,INE887G01027
GOKUL,INE020J01029
GOLDENTOBC,INE973A01010
GOLDIAM,INE025B01025
GOLDINFRA,INE260D01016
GOLDTECH,INE805A01014
GPIL,INE177H01039
GPPL,INE517F01014
GRABALALK,INE012D01011
GRANULES,INE101D01020
GRAPHITE,INE371A01025
GRASIM,INE047A01021
GRAVITA,INE024L01027
GREAVESCOT,INE224A01026
GREENPLY,INE461C01038
GREENPOWER,INE999K01014
GRINDWELL,INE536A01023
GRUH,INE580B01029
GSFC,INE026A01025
GSKCONS,INE264A01014
GSLNOVA,INE787A01022
GSPL,INE246F01010
GSSAMERICA,INE871H01011
GTL,INE043A01012
GTLINFRA,INE221H01019
GTNIND,INE537A01013
GTNTEX,INE302H01017
GTOFFSHORE,INE892H01017
GUJALKALI,INE186A01019
GUJAPOLLO,INE826C01016
GUJFLUORO,INE538A01037
GUJNRECOKE,INE110D01013
GUJRATGAS,INE374A01029
GUJSIDHCEM,INE542A01013
GULFOILCOR,INE077F01027
GVKPIL,INE251H01024
HALONIX,INE455B01016
HANUNG,INE648H01013
HARITASEAT,INE939D01015
HARRMALAYA,INE544A01019
HATHWAY,INE982F01036
HAVELLS,INE176B01034
HBLPOWER,INE292B01021
HBSTOCK,INE550B01014
HCC,INE549A01026
HCIL,INE019C01026
HCL-INSYS,INE236A01020
HCLTECH,INE860A01027
HDFC,INE001A01036
HDFCBANK,INE040A01034
HDIL,INE191I01012
HEG,INE545A01024
HEIDELBERG,INE578A01017
HELIOSMATH,INE674B01012
HERCULES,INE688E01024
HERITGFOOD,INE978A01027
HEROHONDA,INE158A01026
HEXAWARE,INE093A01033
HFCL,INE548A01028
HGSL,INE170I01016
HIKAL,INE475B01022
HILTON,INE788H01017
HIMATSEIDE,INE049A01027
HINDALCO,INE038A01020
HINDCOMPOS,INE310C01029
HINDCOPPER,INE531E01026
HINDDORROL,INE551A01022
HINDMOTORS,INE253A01025
HINDNATGLS,INE952A01022
HINDOILEXP,INE345A01011
HINDPETRO,INE094A01015
HINDUJAFO,INE291F01016
HINDUJAVEN,INE353A01023
HINDUNILVR,INE030A01027
HINDZINC,INE267A01025
HIRECT,INE835D01023
HITACHIHOM,INE782A01015
HITECHGEAR,INE127B01011
HITECHPLAS,INE120D01012
HMT,INE262A01018
HMVL,INE871K01015
HOCL,INE048A01011
HONAUT,INE671A01010
HONDAPOWER,INE634A01018
HOTELEELA,INE102A01024
HOTELRUGBY,INE275F01019
HOVS,INE596H01014
HSIL,INE415A01038
HTMEDIA,INE501G01024
HYDRBADIND,INE557A01011
HYDROS&S,INE473D01015
IBN18,INE886H01027
IBPOW,INE399K01017
IBREALEST,INE069I01010
IBSEC,INE274G01010
ICICIBANK,INE090A01021
ICIL,INE483B01026
ICRA,INE725G01011
ICSA,INE306B01029
IDBI,INE008A01015
IDEA,INE669E01016
IDFC,INE043D01016
IFBAGRO,INE076C01018
IFBIND,INE559A01017
IFCI,INE039A01010
IFGLREFRAC,INE023B01012
IGARASHI,INE188B01013
IGL,INE203G01027
IGPL,INE204A01010
IL&FSENGG,INE369I01014
IL&FSTRANS,INE975G01012
IMPAL,INE547E01014
IMPEXFERRO,INE691G01015
INDBANK,INE841B01017
INDHOTEL,INE053A01029
INDIABULLS,INE894F01025
INDIACEM,INE383A01012
INDIAGLYCO,INE560A01023
INDIAINFO,INE530B01024
INDIANB,INE562A01011
INDIANCARD,INE061A01014
INDIANHUME,INE323C01030
INDLMETER,INE065B01013
INDNIPPON,INE092B01025
INDOASIFU,INE076H01017
INDOCO,INE873D01024
INDORAMA,INE156A01020
INDOSOLAR,INE866K01015
INDOTECH,INE332H01014
INDOWIND,INE227G01018
INDRAMEDCO,INE681B01017
INDSWFTLAB,INE915B01019
INDSWFTLTD,INE788B01028
INDUSFILA,INE025I01012
INDUSINDBK,INE095A01012
INEABS,INE189B01011
INFINITE,INE486J01014
INFODRIVE,INE804D01029
INFOMEDIA,INE669A01022
INFOSYSTCH,INE009A01021
INFOTECENT,INE136B01020
INGERRAND,INE177A01018
INGVYSYABK,INE166A01011
INNOIND,INE549I01011
INOXLEISUR,INE312H01016
INSECTICID,INE070I01018
IOB,INE565A01014
IOC,INE242A01010
IOLCP,INE485C01029
IOLN,INE517C01011
IPCALAB,INE571A01038
IPRINGLTD,INE558A01019
IRB,INE821I01022
ISFT,INE566K01011
ISMTLTD,INE732F01019
ISPATIND,INE136A01022
ITC,INE154A01025
ITDCEM,INE686A01026
ITI,INE248A01017
IVC,INE050B01023
IVP,INE043C01018
IVRCLAH,INE414I01018
IVRCLINFRA,INE875A01025
J&KBANK,INE168A01041
JAGRAN,INE199G01027
JAGSNPHARM,INE048B01035
JAIBALAJI,INE091G01026
JAICORPLTD,INE070D01027
JAINSTUDIO,INE486B01011
JAMNAAUTO,INE039C01032
JAYAGROGN,INE785A01026
JAYBARMARU,INE571B01036
JAYNECOIND,INE854B01010
JAYSREETEA,INE364A01020
JBCHEPHARM,INE572A01036
JBFIND,INE187A01017
JCTEL,INE264B01020
JENSONICOL,INE819B01021
JETAIRWAYS,INE802G01018
JHS,INE544H01014
JIKIND,INE026B01049
JINDALPHOT,INE796G01012
JINDALPOLY,INE197D01010
JINDALSAW,INE324A01032
JINDALSTEL,INE749A01030
JINDALSWHL,INE824G01012
JINDCOT,INE904J01016
JINDRILL,INE742C01031
JINDWORLD,INE247D01039
JISLJALEQS,INE175A01038
JKCEMENT,INE823G01014
JKIL,INE576I01022
JKLAKSHMI,INE786A01032
JKPAPER,INE789E01012
JKTYRE,INE573A01042
JMCPROJECT,INE890A01024
JMFINANCIL,INE780C01023
JMTAUTOLTD,INE988E01036
JOCIL,INE839G01010
JPASSOCIAT,INE455F01025
JPINFRATEC,INE099J01015
JPPOWER,INE351F01018
JSL,INE220G01021
JSWENERGY,INE121E01018
JSWSTEEL,INE019A01038
JUBILANT,INE700A01033
JUBLFOOD,INE797F01020
JUBLINDS,INE645L01011
JUMBO,INE699D01015
JUPITER,INE918B01013
JVLAGRO,INE430G01026
JYOTHYLAB,INE668F01031
JYOTISTRUC,INE197A01024
KABRAEXTRU,INE900B01029
KAJARIACER,INE217B01036
KAKATCEM,INE437B01014
KALECONSUL,INE793A01012
KALINDEE,INE178D01010
KALPATPOWR,INE220B01022
KAMATHOTEL,INE967C01018
KANDAGIRI,INE292D01019
KANORICHEM,INE138C01024
KANSAINER,INE531A01024
KARURKCP,INE727F01019
KARURVYSYA,INE036D01028
KAUSHALYA,INE234I01028
KAVVERITEL,INE641C01019
KBIL,INE920K01010
KCP,INE805C01028
KCPSUGIND,INE790B01024
KEC,INE389H01022
KECL,INE134B01017
KEI,INE878B01027
KEMROCK,INE990B01012
KERNEX,INE202H01019
KESARENT,INE133B01019
KESORAMIND,INE087A01019
KFA,INE438H01019
KGL,INE299C01024
KHAITANELE,INE761A01019
KHAITANLTD,INE731C01018
KHANDSE,INE060B01014
KICL,INE029L01018
KIL,INE390H01012
KILITCH,INE729D01010
KINETICMOT,INE267B01015
KIRIINDUS,INE415I01015
KIRLOSBROS,INE732A01036
KIRLOSENG,INE146L01010
KIRLOSIND,INE250A01039
KITPLYIND,INE147B01019
KKCL,INE401H01017
KLGSYSTEL,INE799A01019
KLRF,INE014E01015
KMSUGAR,INE157H01023
KNRCON,INE634I01029
KOHINOOR,INE080B01012
KOLTEPATIL,INE094I01018
KOPRAN,INE082A01010
KOTAKBANK,INE237A01036
KOTARISUG,INE419A01022
KOTHARIPET,INE720A01015
KOTHARIPRO,INE823A01017
KOUTONS,INE406I01014
KPIT,INE836A01035
KPRMILL,INE930H01031
KRBL,INE001B01026
KRISHNAENG,INE409C01011
KSBPUMPS,INE999A01015
KSCL,INE455I01029
KSE,INE953E01022
KSERASERA,INE216D01026
KSK,INE143H01015
KSL,INE907A01026
KSOILS,INE727D01022
KTKBANK,INE614B01018
KWALITY,INE775B01025
LAKPRE,INE651C01018
LAKSHMIEFL,INE992B01026
LAKSHMIMIL,INE938C01019
LAKSHVILAS,INE694C01018
LANCOIN,INE943C01027
LAOPALA,INE059D01020
LAXMIMACH,INE269B01029
LCCINFOTEC,INE938A01021
LGBBROSLTD,INE337A01034
LGBFORGE,INE201J01017
LIBERTSHOE,INE557B01019
LICHSGFIN,INE115A01026
LITL,INE785C01048
LLOYDELENG,INE245C01019
LLOYDFIN,INE174A01015
LLOYDSTEEL,INE292A01015
LML,INE862A01015
LOGIXMICRO,INE848A01014
LOKESHMACH,INE397H01017
LOTUSEYE,INE947I01017
LOVABLE,INE597L01014
LPDC,INE197J01017
LT,INE018A01030
LUMAXAUTO,INE547G01019
LUMAXIND,INE162B01018
LUMAXTECH,INE872H01027
LUPIN,INE326A01037
LYKALABS,INE933A01014
M&M,INE101A01026
M&MFIN,INE774D01024
MAANALU,INE215I01027
MADHAV,INE925C01016
MADHUCON,INE378D01032
MADRASCEM,INE331A01037
MADRASFERT,INE414A01015
MAGMA,INE511C01022
MAGNUM,INE387I01016
MAHABANK,INE457A01014
MAHINDFORG,INE536H01010
MAHINDUGIN,INE850A01010
MAHLIFE,INE813A01018
MAHSCOOTER,INE288A01013
MAHSEAMLES,INE271B01025
MALUPAPER,INE383H01017
MALWACOTT,INE272B01015
MANAKSIA,INE015D01022
MANALIPETC,INE201A01024
MANAPPURAM,INE522D01027
MANDHANA,INE087J01010
MANGALAM,INE584F01014
MANGCHEFER,INE558B01017
MANGLMCEM,INE347A01017
MANGTIMBER,INE805B01012
MANINDS,INE993A01026
MANINFRA,INE949H01023
MANJEERA,INE320D01018
MANJUSHREE,INE435H01015
MANUGRAPH,INE867A01022
MARALOVER,INE882A01013
MARG,INE941E01019
MARICO,INE196A01026
MARKSANS,INE750C01026
MARUTI,INE585B01010
MASTEK,INE759A01021
MAWANASUG,INE636A01039
MAX,INE180A01020
MAXWELL,INE450G01024
MBECL,INE748A01016
MBLINFRA,INE912H01013
MCDHOLDING,INE836H01014
MCDOWELL-N,INE854D01024
MCLEODRUSS,INE942G01012
MEGASOFT,INE933B01012
MEGH,INE974H01013
MERCK,INE199A01012
MHRIL,INE998I01010
MIC,INE287C01029
MICROSEC,INE019J01013
MICROTECH,INE358B01012
MINDAIND,INE405E01023
MINDTREE,INE018I01017
MIRCELECTR,INE831A01028
MIRZAINT,INE771A01026
MLL,INE934B01028
MMFL,INE227C01017
MMFSL,INE180C01018
MMTC,INE123F01029
MOIL,INE490G01020
MONNETISPA,INE743C01013
MONSANTO,INE274B01011
MORARJETEX,INE161G01019
MOREPENLAB,INE083A01026
MOSERBAER,INE739A01015
MOTHERSUMI,INE775A01035
MOTILALOFS,INE338I01027
MOTOGENFIN,INE861B01023
MPHASIS,INE356A01018
MPSLTD,INE943D01017
MRF,INE883A01011
MRO-TEK,INE398B01018
MRPL,INE103A01014
MSPL,INE752G01015
MTNL,INE153A01019
MUDRA,INE311H01018
MUKANDENGG,INE022B01014
MUKANDLTD,INE304A01026
MUKTAARTS,INE374B01019
MUNDRAPORT,INE742F01042
MUNJALAU,INE672B01032
MUNJALSHOW,INE577A01027
MURLIIND,INE806B01028
MURUDCERA,INE692B01014
MUTHOOTFIN,INE414G01012
MVL,INE744I01034
MVLIND,INE141B01020
MYSOREBANK,INE651A01020
NAGARFERT,INE580A01013
NAGREEKCAP,INE245I01016
NAGREEKEXP,INE123B01028
NAHARCAP,INE049I01012
NAHARINDUS,INE289A01011
NAHARPOLY,INE308A01027
NAHARSPING,INE290A01027
NANDAN,INE875G01022
NATCOPHARM,INE987B01026
NATIONALUM,INE139A01034
NATNLSTEEL,INE088B01015
NAUKRI,INE663F01032
NAVINFLUOR,INE048G01026
NAVNETPUBL,INE060A01024
NBVENTURES,INE725A01022
NCC,INE868B01028
NCLIND,INE732C01016
NDTV,INE155G01029
NECLIFE,INE023H01027
NEHAINT,INE874D01022
NELCAST,INE189I01024
NELCO,INE045B01015
NEOCURE,INE695B01025
NEPCMICON,INE588A01016
NESCO,INE317F01035
NESTLEIND,INE239A01024
NET4,INE553E01012
NETWORK18,INE870H01013
NEULANDLAB,INE794A01010
NEXTMEDIA,INE747B01016
NEYVELILIG,INE589A01014
NFL,INE870D01012
NHPC,INE848E01016
NICCO,INE241C01026
NIITLTD,INE161A01038
NIITTECH,INE591G01017
NILKAMAL,INE310A01015
NIPPOBATRY,INE567A01028
NISSAN,INE846H01021
NITCO,INE858F01012
NITESHEST,INE639K01016
NITINFIRE,INE489H01020
NITINSPIN,INE229H01012
NMDC,INE584A01023
NOCIL,INE163A01018
NOIDATOLL,INE781B01015
NOL,INE296D01010
NORBTEAEXP,INE369C01017
NORTHGATE,INE217G01019
NOVOPANIND,INE460B01016
NRBBEARING,INE349A01021
NRC,INE953C01018
NSIL,INE023A01030
NTPC,INE733E01010
NUCHEM,INE946A01016
NUCLEUS,INE096B01018
NUMERICPW,INE409B01013
NUTEK,INE318J01027
OBEROIRLTY,INE093I01010
OCL,INE290B01025
OFSS,INE881D01027
OIL,INE274J01014
OILCOUNTUB,INE591A01010
OISL,INE196J01019
OMAXAUTO,INE090B01011
OMAXE,INE800H01010
OMKARCHEM,INE474L01016
OMMETALS,INE239D01028
OMNITECH,INE810H01019
ONGC,INE213A01029
ONMOBILE,INE809I01019
ONWARDTEC,INE229A01017
OPTOCIRCUI,INE808B01016
ORBITCORP,INE628H01015
ORCHIDCHEM,INE191A01019
ORIENTABRA,INE569C01020
ORIENTALTL,INE998H01012
ORIENTBANK,INE141A01014
ORIENTCERA,INE607D01018
ORIENTHOT,INE750A01020
ORIENTLTD,INE609C01024
ORIENTPPR,INE592A01026
ORISSAMINE,INE725E01024
OSWALMIN,INE469B01017
OUDHSUG,INE594A01014
PAEL,INE766A01018
PAGEIND,INE761H01022
PANACEABIO,INE922B01023
PANASONIC,INE841C01015
PANCARBON,INE013E01017
PANORAMUNI,INE194B01029
PANTALOONR,INE623B01027
PAPERPROD,INE275B01026
PARABDRUGS,INE618H01016
PARACABLES,INE074B01023
PARAL,INE620C01013
PARAPRINT,INE702L01010
PARASPETRO,INE162C01024
PAREKHPLAT,INE598A01015
PARRYSUGAR,INE353B01021
PARSVNATH,INE561H01026
PATELENG,INE244B01030
PATINTLOG,INE529D01014
PATNI,INE660F01012
PATSPINLTD,INE790C01014
PBAINFRA,INE160H01019
PDPL,INE904D01019
PDUMJEIND,INE105C01023
PDUMJEPULP,INE606A01024
PEACOCKIND,INE600A01019
PEARLPOLY,INE844A01013
PENIND,INE932A01024
PENINLAND,INE138A01028
PEPL,INE843A01023
PERSISTENT,INE262H01021
PETRONENGG,INE742A01019
PETRONET,INE347G01014
PFC,INE134E01011
PFIZER,INE182A01018
PFOCUS,INE367G01038
PFS,INE560K01014
PGHH,INE179A01014
PHILIPCARB,INE602A01023
PHOENIXLTD,INE211B01039
PIDILITIND,INE318A01026
PIIND,INE603J01030
PIONDIST,INE889E01010
PIONEEREMB,INE156C01018
PIPAVAVYD,INE542F01012
PIRGLASS,INE748E01018
PIRHEALTH,INE140A01024
PIRLIFE,INE122J01015
PITTILAM,INE450D01021
PLASTIBLEN,INE083C01022
PLETHICO,INE491H01018
PNB,INE160A01022
PNBGILTS,INE859A01011
PNC,INE392B01011
POCHIRAJU,INE332G01032
POLARIND,INE057B01010
POLARIS,INE763A01023
POLYPLEX,INE633B01018
PONDYOXIDE,INE063E01038
PONNIERODE,INE838E01017
POWERGRID,INE752E01010
PPAP,INE095I01015
PRADIP,INE495J01015
PRAENG,INE505C01016
PRAJIND,INE074A01025
PRAKASH,INE603A01013
PRAKASHSTL,INE696K01024
PRATIBHA,INE308H01022
PRECOT,INE283A01014
PRECWIRE,INE372C01037
PREMIER,INE342A01018
PRESTIGE,INE811K01011
PRICOL,INE605A01026
PRIMESECU,INE032B01021
PRISMCEM,INE010A01011
PRITHVI,INE700C01013
PROVOGUE,INE968G01025
PSB,INE608A01012
PSL,INE474B01017
PTC,INE877F01012
PTL,INE034D01049
PUNJABCHEM,INE277B01014
PUNJLLOYD,INE701B01021
PURVA,INE323I01011
PVP,INE362A01016
PVR,INE191H01014
QUINTEGRA,INE033B01011
RADAAN,INE874F01027
RADICO,INE944F01028
RAINBOWPAP,INE028D01025
RAINCOM,INE855B01025
RAJESHEXPO,INE343B01030
RAJOIL,INE294G01018
RAJPALAYAM,INE296E01026
RAJRAYON,INE533D01024
RAJSREESUG,INE562B01019
RAJTV,INE952H01027
RAJVIR,INE011H01014
RALLIS,INE613A01020
RAMANEWS,INE278B01020
RAMCOIND,INE614A01028
RAMCOSYS,INE246B01019
RAMKY,INE874I01013
RAMSARUP,INE005D01015
RANASUG,INE625B01014
RANBAXY,INE015A01028
RANEENGINE,INE222J01013
RANEHOLDIN,INE384A01010
RANKLIN,INE619C01015
RATNAMANI,INE703B01027
RAYMOND,INE301A01014
RBL,INE244J01017
RBN,INE445K01018
RCF,INE027A01015
RCOM,INE330H01018
RECLTD,INE020B01018
REDINGTON,INE891D01026
REFEX,INE056I01025
REIAGROLTD,INE385B01031
REISIXTEN,INE849J01021
RELAXO,INE131B01039
RELCAPITAL,INE013A01015
RELIANCE,INE002A01018
RELIGARE,INE621H01010
RELINFRA,INE036A01016
RELMEDIA,INE540B01015
RENUKA,INE087H01022
REPRO,INE461B01014
RESURGERE,INE774I01023
REVATHI,INE617A01013
RICOAUTO,INE209B01025
RIIL,INE046A01015
RKDL,INE722J01012
RKFORGE,INE399G01023
RMCL,INE172H01014
RML,INE050H01012
ROHITFERRO,INE248H01012
ROHLTD,INE283H01019
ROLTA,INE293A01013
ROMAN,INE924H01018
RPGLIFE,INE105J01010
RPOWER,INE614G01033
RPPINFRA,INE324L01013
RSSOFTWARE,INE165B01029
RSWM,INE611A01016
RSYSTEMS,INE411H01032
RUBYMILLS,INE301D01026
RUCHINFRA,INE413B01023
RUCHIRA,INE803H01014
RUCHISOYA,INE619A01027
SABTN,INE416A01036
SADBHAV,INE226H01026
SAGCEM,INE229C01021
SAHPETRO,INE586G01017
SAIL,INE114A01011
SAKHTISUG,INE623A01011
SAKSOFT,INE667G01023
SAKUMA,INE190H01024
SALONACOT,INE498E01010
SALORAINTL,INE924A01013
SALSTEEL,INE658G01014
SAMBANDAM,INE304D01012
SAMBHAAV,INE699B01027
SANDESH,INE583B01015
SANGAMIND,INE495C01010
SANGHIIND,INE999B01013
SANGHIPOLY,INE146A01013
SANGHVIFOR,INE263L01013
SANGHVIMOV,INE989A01032
SANWARIA,INE890C01046
SARDAEN,INE385C01021
SAREGAMA,INE979A01025
SASKEN,INE231F01020
SATHAISPAT,INE176C01016
SATYAMCOMP,INE275A01028
SAVERA,INE104E01014
SBBJ,INE648A01026
SBIN,INE062A01020
SBT,INE654A01024
SCI,INE109A01011
SEAMECLTD,INE497B01018
SEINVEST,INE420C01034
SELAN,INE818A01017
SELMCL,INE105I01012
SENTINEL,INE577L01016
SERVALL,INE431L01016
SESAGOA,INE205A01025
SESHAPAPER,INE630A01024
SGJHL,INE553K01019
SGL,INE353H01010
SHAHALLOYS,INE640C01011
SHANTIGEAR,INE631A01022
SHARRESLTD,INE559D01011
SHASUNPHAR,INE317A01028
SHILPAMED,INE790G01031
SHILPI,INE510K01019
SHIV-VANI,INE756B01017
SHIVAMAUTO,INE637H01024
SHIVTEX,INE705C01012
SHLAKSHMI,INE851B01016
SHOPERSTOP,INE498B01024
SHPRE,INE318K01017
SHREEASHTA,INE538H01024
SHREECEM,INE070A01015
SHREERAMA,INE879A01019
SHRENUJ,INE633A01028
SHREYANIND,INE231C01019
SHREYAS,INE757B01015
SHRIRAMCIT,INE722A01011
SHRIRAMEPC,INE964H01014
SHYAMTEL,INE635A01023
SICAGEN,INE176J01011
SICAL,INE075B01012
SIEMENS,INE003A01024
SILINV,INE923A01015
SIMBHSUGAR,INE270C01017
SIMPLEX,INE898F01018
SIMPLEXINF,INE059B01024
SINTEX,INE429C01035
SIRPAPER,INE202C01010
SITASHREE,INE686I01011
SIYSIL,INE076B01028
SJVN,INE002L01015
SKFINDIA,INE640A01023
SKMEGGPROD,INE411D01023
SKSMICRO,INE180K01011
SKUMARSYNF,INE772A01016
SMARTLINK,INE178C01020
SMLISUZU,INE294B01019
SMPL,INE215G01021
SMSPHARMA,INE812G01025
SOBHA,INE671H01015
SOFTTECHGR,INE863A01013
SOLARINDS,INE343H01029
SOMANYCERA,INE355A01028
SOMATEX,INE314C01013
SONASTEER,INE643A01035
SONATSOFTW,INE269A01021
SOTL,INE035D01020
SOUISPAT,INE943B01029
SOUTHBANK,INE683A01023
SPANCO,INE360B01026
SPARC,INE232I01014
SPECTACLE,INE409H01028
SPENTEX,INE376C01020
SPIC,INE147A01011
SPICEMOBIL,INE927C01020
SPLIL,INE978G01016
SPMLINFRA,INE937A01023
SPYL,INE268L01020
SREINFRA,INE872A01014
SRF,INE647A01010
SRGINFOTEC,INE376A01032
SRHHLINDST,INE724B01023
SRHHYPOLTD,INE917H01012
SRTRANSFIN,INE721A01013
SSWL,INE802C01033
STAR,INE939A01011
STARPAPER,INE733A01018
STCINDIA,INE655A01013
STER,INE268A01049
STERLINBIO,INE324C01038
STERTOOLS,INE334A01023
STRTECH,INE089C01029
SUBEX,INE754A01014
SUDAR,INE384L01017
SUDARSCHEM,INE659A01023
SUJANATOW,INE333I01028
SUJANAUNI,INE216G01011
SUMEETINDS,INE235C01036
SUMMITSEC,INE519C01017
SUNCLAYTON,INE105A01027
SUNDARAM,INE108E01023
SUNDARMFIN,INE660A01013
SUNDRMBRAK,INE073D01013
SUNDRMFAST,INE387A01021
SUNFLAG,INE947A01014
SUNILHITEC,INE305H01028
SUNPHARMA,INE044A01036
SUNTECK,INE805D01034
SUNTV,INE424H01027
SUPER,INE091C01017
SUPERSPIN,INE662A01027
SUPPETRO,INE663A01017
SUPRAJIT,INE399C01030
SUPREMEIND,INE195A01028
SUPREMEINF,INE550H01011
SURAJDIAMN,INE664A01015
SURANACORP,INE357D01010
SURANAIND,INE659D01019
SURANAT&P,INE130B01031
SURANAVEL,INE272L01014
SURYAJYOTI,INE411C01017
SURYALAXMI,INE713B01026
SURYAPHARM,INE249G01020
SURYAROSNI,INE335A01020
SUTLEJTEX,INE645H01027
SUVEN,INE495B01038
SUZLON,INE040H01021
SWARAJENG,INE277A01016
SYMPHONY,INE225D01027
SYNCOM,INE602K01014
SYNDIBANK,INE667A01018
TAINWALCHM,INE123C01018
TAJGVK,INE586B01026
TAKE,INE142I01023
TALBROAUTO,INE187D01029
TALWALKARS,INE502K01016
TANFACIND,INE639B01015
TANLA,INE483C01032
TANTIACONS,INE388G01018
TARAPUR,INE747K01017
TATACHEM,INE092A01019
TATACOFFEE,INE493A01027
TATACOMM,INE151A01013
TATAELXSI,INE670A01012
TATAGLOBAL,INE192A01025
TATAINVEST,INE672A01026
TATAMETALI,INE056C01010
TATAMOTORS,INE155A01022
TATAPOWER,INE245A01021
TATASPONGE,INE674A01014
TATASTEEL,INE081A01020
TCI,INE688A01022
TCIDEVELOP,INE662L01016
TCIFINANCE,INE911B01018
TCS,INE467B01029
TECHM,INE669C01036
TECHNO,INE286K01024
TECHNOFAB,INE509K01011
TECPRO,INE904H01010
TELEDATAIT,INE391I01018
TEXMACOLTD,INE435C01024
TEXMOPIPES,INE141K01013
TEXRAIL,INE621L01012
TFCILTD,INE305A01023
TFL,INE804H01012
THANGAMAYL,INE085J01014
THEMISMED,INE083B01024
THERMAX,INE152A01029
THINKSOFT,INE201K01015
THIRUSUGAR,INE409A01015
THOMASCOOK,INE332A01027
TI,INE133E01013
TIDEWATER,INE484C01030
TIIL,INE545H01011
TIL,INE806C01018
TIMBOR,INE346L01016
TIMESGTY,INE289C01025
TIMETECHNO,INE508G01029
TIMKEN,INE325A01013
TINPLATE,INE422C01014
TIPSINDLTD,INE716B01029
TIRUMALCHM,INE338A01024
TITAN,INE280A01028
TNPETRO,INE148A01019
TNPL,INE107A01015
TODAYS,INE944B01019
TORNTPHARM,INE685A01028
TORNTPOWER,INE813H01021
TRENT,INE849A01020
TRF,INE391D01019
TRICOM,INE771B01032
TRIDENT,INE064C01022
TRIGYN,INE948A01012
TRIL,INE763I01026
TRIVENI,INE256C01024
TTKHEALTH,INE910C01018
TTKPRESTIG,INE690A01028
TTL,INE592B01024
TTML,INE517B01013
TUBEINVEST,INE149A01025
TULIP,INE122H01027
TULSI,INE474I01012
TULSYAN,INE463D01016
TVSELECT,INE236G01019
TVSMOTOR,INE494B01023
TVSSRICHAK,INE421C01016
TVTODAY,INE038F01029
TWILITAKA,INE783B01029
TWL,INE615H01020
UBENGG,INE328C01013
UBHOLDINGS,INE696A01025
UBL,INE686F01025
UCALFUEL,INE139B01016
UCOBANK,INE691A01018
UFLEX,INE516A01017
UGARSUGAR,INE071E01023
ULTRACEMCO,INE481G01011
UMESLTD,INE240C01028
UNICHEMLAB,INE351A01035
UNIENTER,INE037A01022
UNIONBANK,INE692A01016
UNIPHOS,INE628A01036
UNIPLY,INE950G01023
UNITECH,INE694A01020
UNITEDBNK,INE695A01019
UNITEDTEA,INE458F01011
UNITY,INE466H01028
UNIVCABLES,INE279A01012
UPERGANGES,INE018B01012
USHAMART,INE228A01035
USHERAGRO,INE235G01011
UTTAMSTL,INE699A01011
UTTAMSUGAR,INE786F01031
UTVSOF,INE507B01022
VADILALIND,INE694D01016
VAIBHAVGEM,INE884A01019
VAKRANSOFT,INE051B01021
VALECHAENG,INE624C01015
VALUEIND,INE352A01017
VARDHACRLC,INE116G01013
VARDMNPOLY,INE835A01029
VARUN,INE032G01012
VARUNSHIP,INE702A01013
VASCONEQ,INE893I01013
VENKEYS,INE398A01010
VENUSREM,INE411B01019
VESUVIUS,INE386A01023
VGUARD,INE951I01027
VHL,INE701A01023
VICEROY,INE048C01017
VIDEOIND,INE703A01011
VIJAYABANK,INE705A01016
VIJSHAN,INE806F01011
VIKASHMET,INE158H01013
VINATIORGA,INE410B01037
VINDHYATEL,INE707A01012
VINYLINDIA,INE250B01029
VIPIND,INE054A01027
VIPUL,INE946H01037
VISAKAIND,INE392A01021
VISASTEEL,INE286H01012
VISESHINFO,INE861A01058
VISHALRET,INE945H01013
VISUINTL,INE965A01016
VIVIMEDLAB,INE526G01021
VLSFINANCE,INE709A01018
VOLTAMP,INE540H01012
VOLTAS,INE226A01021
VSTIND,INE710A01016
VSTTILLERS,INE764D01017
VTL,INE825A01020
VTXIND,INE119G01025
WABAG,INE956G01038
WABCO-TVS,INE342J01019
WALCHANNAG,INE711A01022
WANBURY,INE107F01022
WEBELSOLAR,INE855C01023
WEIZMANIND,INE080A01014
WELCORP,INE191B01025
WELINV,INE389K01018
WELPROJ,INE625G01013
WELSPUNIND,INE192B01031
WENDT,INE274C01019
WHEELS,INE715A01015
WHIRLPOOL,INE716A01013
WILLAMAGOR,INE210A01017
WINSOMYARN,INE784B01027
WIPRO,INE075A01022
WOCKPHARMA,INE049B01025
WSI,INE100D01014
WSTCSTPAPR,INE976A01021
WWIL,INE965H01011
WYETH,INE378A01012
XLENERGY,INE183H01011
XPROINDIA,INE445C01015
YESBANK,INE528G01035
ZANDUREALT,INE719A01017
ZEEL,INE256A01028
ZEELEARN,INE565L01011
ZEENEWS,INE966H01019
ZENITHBIR,INE318D01020
ZENITHCOMP,INE598B01013
ZENITHINFO,INE899A01017
ZENSARTECH,INE520A01027
ZICOM,INE871B01014
ZODIACLOTH,INE206B01013
ZODJRDMKJ,INE077B01018
ZUARIAGRO,INE217A01012
ZYDUSWELL,INE768C01028
ZYLOG,INE225I01026
ADVANIHOTR,INE199C01026
COROENGG,INE312J01012
KTIL,INE096L01025
MELSTAR,INE817A01019
NUCENT,INE980A01023
PERIATEA,INE431F01018
PRITHVISOF,INE621B01021
RESPONIND,INE688D01026
SARLAPOLY,INE453D01025
SGFL,INE883G01018
SRICHAMUND,INE004H01019
TOKYOPLAST,INE932C01012
ASIL,INE988A01026
BLUECOAST,INE472B01011
DELTAMAGNT,INE393A01011
ZENITHEXPO,INE058B01018
CHETTINAD,INE132B01011
ASHIANA,INE365D01021
DHANUKA,INE435G01025
INFY,INE009A01021
MAITHANALL,INE683C01011
RUSHIL,INE573K01025
KARMAENG,INE725L01011
WEIZFOREX,INE726L01019
KEYCORPSER,INE681C01015
TELEMARINE,INE473I01014
TV18BRDCST,INE886H01027
SMOBILITY,INE927C01020
BGLOBAL,INE224M01013
INVENTURE,INE878H01024
HEROMOTOCO,INE158A01026
WELGLOB,INE390K01016
L&TFH,INE498L01015
JSWISPAT,INE136A01022
EONELECT,INE076H01017
BODALCHEM,INE338D01028
GAYAPROJ,INE336H01023
GSS,INE871H01011
ELGIRUBCO,INE819L01012
WINSOME,INE784B01035
IMFA,INE919H01018
TREEHOUSE,INE040M01013
ASAHISONG,INE228I01012
FILATEX,INE816B01035
WINDMACHIN,INE052A01021
BROOKS,INE650L01011
IBWSL,INE126M01010
APLAB,INE273A01015
CAMBRIDGE,INE692G01013
CLUTCHAUTO,INE779B01019
GLORY,INE408H01012
GUFICBIO,INE742B01025
HOPFL,INE940H01014
HORIZONINF,INE429F01012
RJL,INE722H01016
SABERORGAN,INE243A01018
SB&TINTL,INE465B01015
SEZALGLASS,INE955I01028
SHALPAINTS,INE849C01026
STOREONE,INE034H01016
VIMTALABS,INE579C01029
WABCOINDIA,INE342J01019
COREEDUTEC,INE247G01024
HINDSYNTEX,INE155B01012
INDTERRAIN,INE611L01021
JBMA,INE927D01051
KOPDRUGS,INE746A01010
CIMMCO,INE184C01028
IITL,INE886A01014
TDPOWERSYS,INE419M01035
JDORGOCHEM,INE263B01022
REMSONSIND,INE474C01023
SRSLTD,INE219H01039
NATHSEED,INE778A01021
PGEL,INE457L01029
PIPAVAVDOC,INE542F01012
PANAMAPET,INE305C01029
APLLTD,INE901L01018
PRAKASHCON,INE023M01027
TIJARIA,INE440L01017
NCOPPER,INE846H01039
ONELIFECAP,INE912L01015
SEINV,INE420C01042
FLEXITUFF,INE060J01017
TAKSHEEL,INE889I01011
MBSWITCH,INE899L01022
VASWANI,INE590L01019
HIRAFERRO,INE573I01011
KRITIIND,INE479D01038
PANCHSHEEL,INE316G01019
SHAKTIPUMP,INE908D01010
INDOTHAI,INE337M01021
STEL,INE577L01016
HUBTOWN,INE703H01016
TRITURBINE,INE152M01016
CAREERP,INE521J01018
SEZAL,INE955I01036
ALICON,INE062D01024
STINDIA,INE090C01019
SUBROS,INE287B01021
ESSARSHPNG,INE122M01019
HGS,INE170I01016
DSSL,INE417B01040
POLYMED,INE205C01021
RUPA,INE895B01021
SHARONBIO,INE028B01029
MERCATOR,INE934B01028
RASOYPR,INE904G01038
VIKASGLOB,INE806A01020
APLAPOLLO,INE702C01027
KANANIIND,INE879E01037
SARTHAKIND,INE074H01012
ALPINEHOU,INE840D01015
THEBYKE,INE319B01014
VTMLTD,INE222F01029
SHRINATRAJ,INE200F01017
ADANIPORTS,INE742F01042
THOMASCOTT,INE480M01011
DBSTOCKBRO,INE921B01025
JAIHINDPRO,INE343D01010
BODHTREE,INE104F01011
COMPUSOFT,INE453B01029
KOKUYOCMLN,INE760A01029
NEOCORP,INE851C01014
V2RETAIL,INE945H01021
FMNL,INE360L01017
MCX,INE745G01043
ALSTOMT&D,INE200A01026
TEXINFRA,INE435C01024
NANDANEXIM,INE875G01030
ORIENTREF,INE743M01012
NAGAROIL,INE453M01018
METKORE,INE592I01029
SCHNEIDER,INE839M01018
PROVOGE,INE968G01033
ORIENTBELL,INE607D01018
MTEDUCARE,INE472M01018
NBCC,INE095N01031
HEXATRADEX,INE750M01017
DHFL,INE202B01012
TBZ,INE760L01018
CHROMATIC,INE662C01015
SWANENERGY,INE665A01038
SIGNETIND,INE529F01019
VSSL,INE050M01012
ARVINDREM,INE211C01037
MINDACORP,INE842C01021
SPECIALITY,INE247M01014
REGENCERAM,INE277C01012
SAMTEL,INE381A01016
STYABS,INE189B01011
EON,INE076H01025
XCHANGING,INE692G01013
CINEPRO,INE704H01022
RMMIL,INE774I01031
PGIL,INE940H01022
SWELECTES,INE409B01013
AIL,INE878A01011
SANOFI,INE058A01010
WINSOMEDJ,INE664A01015
VKSPL,INE213M01024
SEPOWER,INE735M01018
IBIPL,INE834M01019
DHANUS,INE406H01016
AMTL,INE436N01029
PREMIERPOL,INE309M01020
SAMINDUS,INE653D01012
SAYAJIHOTL,INE318C01014
SIMPLEXCAS,INE658D01011
COUNCODOS,INE695B01025
PEL,INE140A01024
KITEX,INE602G01020
MAYURUNIQ,INE040D01038
ROSSELLIND,INE847C01020
ZUARIGLOB,INE217A01012
PROZONECSC,INE195N01013
MORARJEE,INE161G01027
DYNATECH,INE741L01018
HIL,INE557A01011
GREENFIRE,INE217G01027
CINEMAXIN,INE460N01011
SUNCLAYLTD,INE105A01035
BAFNAPHARM,INE878I01014
BSLIMITED,INE043K01029
SITICABLE,INE965H01011
RAIREKMOH,INE313D01013
TARMAT,INE924H01018
CAPF,INE688I01017
ZUARI,INE840M01016
TARAJEWELS,INE799L01016
CARERATING,INE752H01013
PCJEWELLER,INE785M01021
INFRATEL,INE121J01017
DALMIABHA,INE439L01019
ACCELYA,INE793A01012
SHIRPUR-G,INE196B01016
VAIBHAVGBL,INE884A01027
VMART,INE665J01013
ANKITMETAL,INE106I01010
MOHITIND,INE954E01012
NAKODA,INE559B01023
REPCOHOME,INE612J01015
LINDEINDIA,INE473A01011
FRL,INE623B01027
UTTAMVALUE,INE292A01015
NIBL,INE047O01014
VIMALOIL,INE067D01015
VIVIDHA,INE370E01029
GSCLCEMENT,INE542A01039
TGBHOTELS,INE797H01018
JUSTDIAL,INE599M01018
NIVINFRA,INE303D01014
ATULAUTO,INE951D01028
CEREBRAINT,INE345B01019
BANARBEADS,INE655B01011
FVIL,INE220J01025
DUNCANSLTD,INE508A01022
ORIENTCEM,INE876N01018
JSWHL,INE824G01012
ZEEMEDIA,INE966H01019
PFRL,INE647O01011
IBULHSGFIN,INE148I01020
CGCL,INE180C01042
CINELINE,INE704H01022
RAIN,INE855B01025
DRDATSONS,INE928K01013
PRESSMN,INE980A01023
SUJANATWR,INE333I01036
NAVNETEDUL,INE060A01024
UJAAS,INE899L01022
RAMCOCEM,INE331A01037
INTEGRA,INE418N01027
SSLT,INE205A01025
FCEL,INE220J01025
FLFL,INE452O01016
UPL,INE628A01036
PHOENIXLL,INE455B01016
PILIND,INE600A01027
LYPSAGEMS,INE142K01011
ORBTEXP,INE231G01010
SFCL,INE935O01010
NDL,INE875G01048
JPOLYINVST,INE147P01019
VAKRANGEE,INE051B01021
NGCT,INE970N01019
PIRPHYTO,INE122J01015
MAHINDCIE,INE536H01010
SREEL,INE099F01013
DCBBANK,INE503A01015
IPAPPM,INE435A01028
8KMILES,INE650K01021
CNOVAPETRO,INE672K01025
SHRIASTER,INE900K01012
PALRED,INE218G01017
DCMSHRIRAM,INE499A01024
IIFL,INE530B01024
SKIL,INE429F01012
MMWL,INE200D01020
CASTROLIND,INE172A01027
SDBL,INE480C01038
ARCOTECH,INE574I01035
BUTTERFLY,INE295F01017
CYIENT,INE136B01020
DALMIAREF,INE200F01017
SAKTHIFIN,INE302E01014
WONDERLA,INE066O01014
AGARIND,INE204E01012
NOESISIND,INE141B01020
HATSUN,INE473B01035
CAPLIPOINT,INE475E01026
GULFCORP,INE077F01035
MAKE,INE432P01015
WELENTRP,INE072P01019
GULFOILLUB,INE635Q01029
SPICEMOBI,INE927C01020
SHARDACROP,INE221J01015
SNOWMAN,INE734N01019
SUPERHOUSE,INE712B01010
SQSBFSI,INE201K01015
PROZONINTU,INE195N01013
AXISCADES,INE555B01013
CIGNITITEC,INE675C01017
SHEMAROO,INE363M01019
PDSMFL,INE111Q01013
DPL,INE477B01010
CREST,INE559D01011
SURANASOL,INE272L01022
RTNINFRA,INE834M01019
RTNPOWER,INE399K01017
SRIPIPES,INE943C01027
MONTECARLO,INE950M01013
A2ZINFRA,INE619I01012
INTELLECT,INE306R01017
GOODLUCK,INE127I01024
FCL,INE045J01034
CAMLINFINE,INE052I01032
GULPOLY,INE255D01024
CCHHL,INE652F01027
DTIL,INE341R01014
LAMBODHARA,INE112F01022
GRPLTD,INE137I01015
AGRITECH,INE449G01018
MOLDTKPAC,INE893J01029
NATHBIOGEN,INE448G01010
SUPREMETEX,INE651G01027
TECHIN,INE778A01021
GENUSPAPER,INE949P01018
VISHNU,INE270I01022
GANECOS,INE845D01014
LINCPEN,INE802B01019
MENONBE,INE071D01033
ELAND,INE311H01018
HESTERBIO,INE782E01017
SIGNET,INE529F01027
GREENLAM,INE544R01021
JMA,INE412C01023
ZENTEC,INE251B01027
IBVENTURES,INE274G01010
ADLABS,INE172N01012
ORTEL,INE849L01019
INOXWIND,INE066P01011
AVANTIFEED,INE871C01038
BYKE,INE319B01014
MANAKALUCO,INE859Q01017
MANAKCOAT,INE830Q01018
MANAKINDST,INE831Q01016
MANAKSTEEL,INE824Q01011
VIPULLTD,INE946H01037
VETO,INE918N01018
VRLLOG,INE366I01010
EXCEL,INE688J01023
GULFPETRO,INE586G01017
MEP,INE776I01010
VEDL,INE205A01025
ADI,INE959A01019
LYCOS,INE425B01027
UFO,INE527H01019
IZMO,INE848A01014
TPLPLASTEH,INE413G01022
ARROWCOAT,INE570D01018
NILAINFRA,INE937C01029
PNCINFRA,INE195J01029
SKIPPER,INE439E01022
METALFORGE,INE425A01011
WELENT,INE625G01013
ALANKIT,INE914E01040
CASTEXTECH,INE068D01021
MANPASAND,INE122R01018
ORICONENT,INE730A01022
NIRVIKARA,INE875R01011
SHYAMCENT,INE979R01011
SYNGENE,INE398R01022
ADANITRANS,INE931S01010
WELSYNTEX,INE193B01039
BLUEBLENDS,INE113O01014
MUTHOOTCAP,INE296G01013
POWERMECH,INE211R01019
KAYA,INE587G01015
MAJESCO,INE898S01029
ORTINLABSS,INE749B01012
PILITA,INE600A01035
SHARDAMOTR,INE597I01028
RAMASTEEL,INE230R01035
ARVINFRA,INE034S01021
NAVKARCORP,INE278M01019
SATIN,INE836B01017
SADBHIN,INE764L01010
PRABHAT,INE302M01033
PENPEBS,INE455O01019
SHREEPUSHK,INE712K01011
GUJGASLTD,INE844O01030
PNEUMATIC,INE096T01010
SPHEREGSL,INE737B01033
PKTEA,INE431F01018
PALREDTECH,INE218G01025
SVOGL,INE756B01017
COFFEEDAY,INE335K01011
GOCLCORP,INE077F01035
INDIGO,INE646L01027
SHK,INE500L01026
IDFCBANK,INE092T01019
AIFL,INE428O01016
SALZERELEC,INE457F01013
TTKHLTCARE,INE910C01018
UMANGDAIRY,INE864B01027
KRIDHANINF,INE524L01026
ANANDAMRUB,INE618N01014
LUXIND,INE150G01020
LINCOLN,INE405C01035
ORCHIDPHAR,INE191A01019
VIKASECO,INE806A01020
ALKEM,INE540L01014
LALPATHLAB,INE600L01024
PILANIINVS,INE417C01014
NH,INE410P01011
OCCL,INE321D01016
ABFRL,INE647O01011
AYMSYNTEX,INE193B01039
PRECAM,INE484I01029
JSLHISAR,INE455T01018
TEAMLEASE,INE985S01024
QUICKHEAL,INE306L01010
APOLSINHOT,INE451F01024
MFSL,INE180A01020
BHAGERIA,INE354C01027
KELLTONTEC,INE164B01030
NECCLTD,INE553C01016
VIDHIDYE,INE632C01026
SEQUENT,INE807F01027
BHARATIDIL,INE673G01013
KAMDHENU,INE390H01020
RDEL,INE542F01012
KDDL,INE291D01011
GOKULAGRO,INE314T01033
HCG,INE075I01017
SIMBHALS,INE748T01016
INEOSSTYRO,INE189B01011
INFIBEAM,INE483S01020
BHARATWIRE,INE316L01019
EQUITAS,INE988K01017
PALREDTEC,INE218G01033
THYROCARE,INE594H01019
UJJIVAN,INE334L01012
ARROWGREEN,INE570D01018
DUCON,INE741L01018
PARAGMILK,INE883N01014
FEL,INE623B01027
CROMPTON,INE299U01018
ALBERTDAVD,INE155C01010
ARMANFIN,INE109C01017
PINCON,INE675G01018
SALONA,INE498E01010
PREMEXPLN,INE863B01029
CONTROLPR,INE663B01015
ADHUNIKIND,INE452L01012
BHARATFIN,INE180K01011
MAHASTEEL,INE451L01014
MGL,INE002S01010
SETCO,INE878E01021
DAMODARIND,INE497D01022
NKIND,INE542C01019
COMPINFO,INE070C01037
MAXVIL,INE154U01015
MOLDTECH,INE835B01035
POKARNA,INE637C01025
GPTINFRA,INE390G01014
UVSL,INE292A01023
VIJIFIN,INE159N01027
QUESS,INE615P01015
SOMICONVEY,INE323J01019
LTI,INE214T01019
STAMPEDE,INE224E01028
DIGJAMLTD,INE731U01010
MAXINDIA,INE153U01017
ADVENZYMES,INE837H01020
LSIL,INE093R01011
MINDTECK,INE110B01017
NLCINDIA,INE589A01014
DBL,INE917M01012
HSCL,INE019C01026
SITINET,INE965H01011
PDMJEPAPER,INE865T01018
SPAL,INE212I01016
RBLBANK,INE976G01028
BALKRISHNA,INE875R01011
JCHAC,INE782A01015
FRETAIL,INE752P01024
GEPIL,INE878A01011
GET&D,INE200A01026
NDGL,INE756C01015
CUPID,INE509F01029
BIGBLOC,INE412U01025
LTTS,INE010V01017
ICICIPRULI,INE726G01019
MARATHON,INE182D01020
SABEVENTS,INE860T01019
TVVISION,INE871L01013
HPL,INE495S01016
GNA,INE934S01014
ENDURANCE,INE913H01037
FCONSUMER,INE220J01025
MAZDA,INE885E01042
PNBHOUSING,INE572E01012
VBL,INE200M01039
KINGFA,INE473D01015
BIRLACABLE,INE800A01015
BLS,INE153T01027
GROBTEA,INE646C01018
PODDARMENT,INE371C01013
ROLLT,INE927A01040
SANCO,INE782L01012
SASTASUNDR,INE019J01013
HIGHGROUND,INE361M01021
CMICABLES,INE981B01011
ARVSMART,INE034S01021
SFL,INE916U01025
LAURUSLABS,INE947Q01028
VIPCLOTHNG,INE450G01024
TMRVL,INE759V01019
DFMFOODS,INE456C01020
TCIEXP,INE586V01016
TERASOFT,INE482B01010
ITDC,INE353K01014
HISARMETAL,INE598C01011
SORILINFRA,INE034H01016
CAPTRUST,INE707C01018
63MOONS,INE111B01023
FAIRCHEM,INE959A01019
SPCENET,INE970N01027
BHANDARI,INE474E01029
BSE,INE118H01025
NTL,INE333I01036
NAGAFERT,INE454M01024
PRICOLLTD,INE726V01018
KIOCL,INE880L01014
VIDHIING,INE632C01026
GEOJITFSL,INE007B01023
CGPOWER,INE067A01029
RADIOCITY,INE919I01024
DMART,INE192R01011
INTENTECH,INE781A01025
TASTYBITE,INE488B01017
AKSHARCHEM,INE542B01011
ARIHANTSUP,INE643K01018
URJA,INE550C01020
NRAIL,INE740D01017
SHANKARA,INE274V01019
NAGAAGRI,INE295D01020
APCL,INE071F01012
PODDARHOUS,INE888B01018
CLEDUCATE,INE201M01029
SORILHOLD,INE126M01010
SCHAND,INE807K01035
HUDCO,INE031A01017
HITECHCORP,INE120D01012
DOLLAR,INE325C01035
NBIFIN,INE365I01020
BHAGYANGR,INE458B01036
PSPPROJECT,INE488V01015
FEDDERELEC,INE249C01011
LEEL,INE245C01019
TEJASNET,INE010J01012
CORALFINAC,INE558D01021
ERIS,INE406M01024
CDSL,INE736A01011
STARCEMENT,INE460H01021
GTPL,INE869I01013
AUBANK,INE949L01017
DYNPRO,INE256H01015
STEELXIND,INE503B01021
MOHOTAMILL,INE313D01013
SCHAEFFLER,INE513A01022
FORTUNEFIN,INE924D01017
AGLSL,INE517U01013
OPTIEMUS,INE350C01017
SALASAR,INE170V01027
SIS,INE285J01028
COCHINSHIP,INE704P01025
ASPINWALL,INE991I01015
BHAGYAPROP,INE363W01018
SPTL,INE501W01021
SMSLIFE,INE320X01016
ABCAPITAL,INE674K01013
APEX,INE346W01013
BRNL,INE727S01012
DIXON,INE935N01020
RNAVAL,INE542F01012
MATRIMONY,INE866R01028
CAPACITE,INE264T01014
ICICIGI,INE765G01017
NACLIND,INE295D01020
SBILIFE,INE123W01016
DIAMONDYD,INE393P01035
DCAL,INE385W01011
RHFL,INE217K01011
SCAPDVR,INE224E01036
TIFIN,INE149A01033
GODREJAGRO,INE850D01014
TCPLPACK,INE822C01015
MASFIN,INE348L01012
IEX,INE022Q01020
GICRE,INE481Y01014
RNAM,INE298J01013
MAHLOG,INE766P01016
NIACL,INE470Y01017
KHADIM,INE834I01025
TIINDIA,INE974X01010
HDFCLIFE,INE795G01014
AVADHSUGAR,INE349W01017
MAGADSUGAR,INE347W01011
BKMINDST,INE831Q01016
IFGLEXPOR,INE133Y01011
5PAISA,INE618L01018
SHALBY,INE597J01018
FSC,INE935Q01015
DNAMEDIA,INE016M01021
MOHOTAIND,INE313D01013
SHIVATEX,INE705C01020
ARENTERP,INE610C01014
ASTRON,INE646X01014
AMJLAND,INE606A01024
PAISALO,INE420C01059
NEWGEN,INE619B01017
AMBER,INE371P01015
APOLLO,INE713T01028
GANGESSECU,INE335W01016
PALASHSECU,INE471W01019
GALAXYSURF,INE600K01018
PRAXIS,INE546Y01022
LASA,INE670X01014
ASTERDM,INE914M01019
GMMPFAUDLR,INE541A01023
HGINFRA,INE926X01010
SHIVAMILLS,INE644Y01017
BDL,INE171Z01026
BANDHANBNK,INE545U01014
HAL,INE066F01020
SANDHAR,INE278H01035
CENTRUM,INE660C01027
ISEC,INE763G01038
MIDHANI,INE099Z01011
LEMONTREE,INE970X01018
21STCENMGM,INE253B01015
KARDA,INE278R01034
ADROITINFO,INE737B01033
JTEKTINDIA,INE643A01035
OSWALAGRO,INE142A01012
3PLAND,INE105C01023
PRSMJOHNSN,INE010A01011
HITECH,INE106T01025
INDOSTAR,INE896L01010
BOROSIL,INE666D01022
ORIENTELEC,INE142Z01019
PITTIENG,INE450D01021
DCMFINSERV,INE891B01012
ADANIGREEN,INE364U01010
FINEORG,INE686Y01026
RITES,INE320J01015
VARROC,INE665L01035
SOLARA,INE624Z01016
TALWGYM,INE627Z01019
CHEMFAB,INE783X01023
SUNDARMHLD,INE202Z01029
THEINVEST,INE924D01017
OLECTRA,INE260D01016
TCNSBRANDS,INE778U01029
HDFCAMC,INE127D01025
HBSL,INE550B01022
GARFIBRES,INE276A01018
CREDITACC,INE741K01010
GAYAHWS,INE287Z01012
KREBSBIO,INE268B01013
SIGIND,INE529F01035
IRCON,INE962Y01021
AAVAS,INE216P01012
BCG,INE425B01027
GRSE,INE382Z01011
INSPIRISYS,INE020G01017
PROSEED,INE217G01027
KSB,INE999A01023
IBULISL,INE126M01010
AIONJSW,INE743C01021
EMAMIREAL,INE778K01012
ADANIGAS,INE399L01023
TATASTLBSL,INE824B01021
TECHNOE,INE285K01026
DVL,INE477B01010
NILASPACES,INE00S901012
TREJHARA,INE00CA01015
BAJAJCON,INE933K01021
IDFCFIRSTB,INE092T01019
ABMINTLTD,INE251C01017
SAGARDEEP,INE976T01013
DALBHARAT,INE00R701025
CHALET,INE427F01016
CESCVENT,INE425Y01011
SPENCERS,INE020801028
XELPMOC,INE01P501012
BSOFT,INE836A01035
AGROPHOS,INE740V01019
ANUP,INE294Z01018
BALAXI,INE618N01022
ARVINDFASN,INE955V01021
RGL,INE722H01024
CHOLAHLDNG,INE149A01033
RVNL,INE415G01027
SAKAR,INE732S01012
MSTCLTD,INE255X01014
MAHESHWARI,INE263W01010
METROPOLIS,INE112L01020
POLYCAB,INE455K01017
SOUTHWEST,INE980Y01015
CKFSL,INE391Z01012
EXPLEOSOL,INE201K01015
AIRAN,INE645W01026
KEYFINSERV,INE681C01015
KPITTECH,INE04I401011
ONEPOINT,INE840Y01029
LFIC,INE850E01012
NEOGEN,INE136S01016
VIKASMCORP,INE161L01027
EMAMIPAP,INE830C01026
PGHL,INE199A01012
CONFIPET,INE552D01024
MIL,INE087J01028
STEELCITY,INE395H01011
DGCONTENT,INE03JI01017
INDIAMART,INE933S01016
OAL,INE959C01023
SEYAIND,INE573R01012
INFOBEAN,INE344S01016
SANGINITA,INE753W01010
SATIA,INE170E01023
SIRCA,INE792Z01011
LIBAS,INE908V01012
GFLLIMITED,INE538A01037
DCMNVL,INE08KP01019
SETUINFRA,INE023M01027
SUMIT,INE748Z01013
SHRENIK,INE632X01030
CREATIVE,INE985W01018
AFFLE,INE00WC01027
BCP,INE905P01028
DOLAT,INE966A01022
FORCEMOT,INE451A01017
HNDFDS,INE254N01026
JIYAECO,INE023S01016
JUMPNET,INE974C01022
KENNAMET,INE717A01029
SHREDIGCEM,INE232A01011
SPANDANA,INE572J01011
SPICEJET,INE285B01017
VIKASPROP,INE767B01022
VIKASWSP,INE706A01022
WATERBASE,INE054C01015
WESTLIFE,INE274F01020
ZOTA,INE358U01012
SWSOLAR,INE00M201021
VISHAL,INE755Q01025
KRISHANA,INE506W01020
MBAPL,INE900L01028
PPL,INE050001010
TATASTLLP,INE674A01014
SAFARI,INE429E01023
DIGISPICE,INE927C01020
IIFLWAM,INE466L01020
IIFLSEC,INE489L01022
AKASH,INE737W01013
IRCTC,INE335Y01020
KUANTUM,INE529I01021
JASH,INE039O01029
FLUOROCHEM,INE09N301011
VISHWARAJ,INE430N01022
GREENPANEL,INE08ZM01014
APOLLOPIPE,INE126J01016
NXTDIGITAL,INE353A01023
KIRLFER,INE884B01025
CHEMBOND,INE995D01025
BIOFILCHEM,INE829A01014
CSBBANK,INE679A01013
UJJIVANSFB,INE551W01018
PRINCEPIPE,INE689W01016
PANACHE,INE895W01019
HLVLTD,INE102A01024
MMP,INE511Y01018
SHIL,INE05AN01011
VAISHALI,INE972X01022
DPWIRES,INE864X01013
TOUCHWOOD,INE486Y01013
ANDPAPER,INE435A01028
NAM-INDIA,INE298J01013
ARTEMISMED,INE025R01021
RUCHI,INE619A01035
SUMICHEM,INE258G01013
ASALCBR,INE073G01016
MAHEPC,INE215D01010
BORORENEW,INE666D01022
BIRLATYRE,INE0AEJ01013
TATACONSUM,INE192A01025
UNIVPHOTO,INE03V001013
ALOKINDS,INE270A01029
ANDHRAPAP,INE435A01051
GEEKAYWIRE,INE669X01032
GBGLOBAL,INE087J01028
SBICARD,INE018E01016
BAFNAPH,INE878I01022
SUVENPHAR,INE03QK01018
S&SPOWER,INE902B01017
GFSTEELS,INE534A01028
POWERINDIA,INE07Y701011
IMAGICAA,INE172N01012
MITTAL,INE997Y01027
VERTOZ,INE188Y01031
RAJRATAN,INE451D01029
EBIXFOREX,INE726L01019
KAPSTON,INE542Z01028
UNIVASTU,INE562X01013
AARVI,INE754X01016
SILLYMONKS,INE203Y01012
ROSSARI,INE02A801020
TIRUPATIFL,INE319Y01024
WORTH,INE196Y01018
NDRAUTO,INE07OG01012
MACPOWER,INE155Z01011
MCL,INE813V01022
COFORGE,INE591G01025
TOTAL,INE336X01012
MAXHEALTH,INE027H01010
MAXIND,INE0CG601016
HAPPSTMNDS,INE419U01012
ROUTE,INE450U01017
SHAREINDIA,INE932X01026
SRPL,INE008Z01020
UNIDT,INE961D01019
AAKASH,INE087Z01024
DEEPENR,INE677H01012
CHEMCON,INE03YM01018
NIRAJ,INE368I01016
ANGELBRKG,INE732I01013
CAMS,INE596I01020
GOODYEAR,INE533A01012
NOVARTIND,INE234A01025
VALIANTORG,INE565V01010
GLOBE,INE581X01021
SINTERCOM,INE129Z01016
ICEMAKE,INE520Y01019
JSWISPL,INE743C01021
MAZDOCK,INE249Z01020
UTIAMC,INE094J01016
PRIVISCL,INE959A01019
EPL,INE255A01020
SUULD,INE591Q01016
SHRADHA,INE715Y01031
BSHSL,INE032Z01020
DHANI,INE274G01010
BANKA,INE862Y01015
LIKHITHA,INE060901027
STLTECH,INE089C01029
KHAICHEM,INE745B01028
EQUITASBNK,INE063P01018
DPABHUSHAN,INE266Y01019
ROML,INE294G01026
HEMIPROP,INE0AJG01018
AARON,INE721Z01010
DANGEE,INE688Y01022
KEERTI,INE586X01012
SUBEXLTD,INE754A01055
GLAND,INE068V01023
AARTISURF,INE09EO01013
BOROLTD,INE02PY01013
HUHTAMAKI,INE275B01026
MARINE,INE01JE01028
SUPREMEENG,INE319Z01021
GLOBAL,INE291W01037
YAARII,INE126M01010
ACCURACY,INE648Z01023
BURGERKING,INE07T201019
REPL,INE364Z01019
INDUSTOWER,INE121J01017
RKEC,INE786W01010
MGEL,INE0APB01032
BECTORFOOD,INE495P01020
GODHA,INE925Y01036
AWHCL,INE01BK01022
KANPRPLA,INE694E01014
RVHL,INE09E501017
TARC,INE0EK901012
FAIRCHEMOR,INE0DNW01011
ZENITHSTL,INE318D01020
ATGL,INE399L01023
ACRYSIL,INE482D01024
WEALTH,INE658T01017
AHLADA,INE00PV01013
IRFC,INE053F01010
RPSGVENT,INE425Y01011
INDIGOPNTS,INE09VQ01012
SECURKLOUD,INE650K01021
HOMEFIRST,INE481N01025
STOVEKRAFT,INE00IN01015
OMINFRAL,INE239D01028
AKG,INE00Y801016
GENCON,INE854S01022
RAJMET,INE00KV01022
JUBLPHARMA,INE700A01033
BESTAGRO,INE052T01021
HLEGLAS,INE461D01028
IRISDOREME,INE01GN01025
RAILTEL,INE0DD101019
SILGO,INE01II01013
BCLIND,INE412G01024
HERANBA,INE694N01015
SMCGLOBAL,INE103C01036
NURECA,INE0DSF01015
MTARTECH,INE864I01014
EASEMYTRIP,INE07O001026
ARVEE,INE006Z01016
ANURAS,INE930P01018
CRAFTSMAN,INE00LO01017
DRCSYSTEMS,INE03RS01027
LXCHEM,INE576O01020
KALYANKJIL,INE303R01014
SURYODAY,INE428Q01011
NAZARA,INE418L01047
JUBLINGREA,INE0BY001018
BARBEQUE,INE382M01027
RTNINDIA,INE834M01019
ORTINLAB,INE749B01020
SUVIDHAA,INE018401013
LODHA,INE670K01029
NITIRAJ,INE439T01012
TEMBO,INE869Y01028
AMBICAAGAR,INE792B01012
MODISNME,INE737D01021
ISGEC,INE858B01029
ORCHPHARMA,INE191A01027
VIKASLIFE,INE161L01027
AJOONI,INE820Y01021
DEEPINDS,INE0FHS01024
CLSEL,INE419D01026
INCREDIBLE,INE452L01012
MOKSH,INE514Y01020
PROINDIA,INE217G01035
ANMOL,INE02AR01019
ARIHANTCAP,INE420B01036
SBCL,INE386D01027
SHYAMMETL,INE810G01011
SONACOMS,INE073K01018
IWEL,INE0FLR01028
DODLA,INE021O01019
KIMS,INE967H01025
VINEETLAB,INE505Y01010
HINDCON,INE642Y01029
IPL,INE0D6701023
GANGAFORGE,INE691Z01023
SVPGLOB,INE308E01029
CLEAN,INE227W01023
GRINFRA,INE201P01022
RHIM,INE743M01012
ZOMATO,INE758T01015
KPIGLOBAL,INE542W01017
SGIL,INE00QT01015
TATVA,INE0GK401011
STYLAMIND,INE239C01020
ANDREWYU,INE449C01025
GRAUWEIL,INE266D01021
KOVAI,INE177F01017
AAREYDRUGS,INE198H01019
GLS,INE03Q201024
ROLEXRINGS,INE645S01024
PRITIKAUTO,INE583R01029
UGROCAP,INE583D01011
DEVYANI,INE872J01023
KRSNAA,INE08LI01020
WINDLAS,INE0H5O01029
CARTRADE,INE290S01011
NGIL,INE236Y01012
NUVOCO,INE118D01016
APTUS,INE852O01025
CHEMPLASTS,INE488A01050
EXXARO,INE0GFE01026
DELPHIFX,INE726L01027
JAIPURKURT,INE696V01013
MFL,INE071N01016
MOL,INE0CT101020
SERVOTECH,INE782X01033
YUKEN,INE384C01016
POONAWALLA,INE511C01022
AMIORG,INE00FF01025
VIJAYA,INE043W01024
GANESHBE,INE388A01029
INTLCONV,INE575C01027
PAR,INE04LG01015
SHANTI,INE933X01016
SANSERA,INE953O01021
ABMINTLLTD,INE251C01025
LAGNAM,INE548Z01017
COASTCORP,INE377E01024
ABSLAMC,INE404A01024
AJRINFRA,INE181G01025
EIFFL,INE546V01010
PASUPTAC,INE818B01023
AIROLAM,INE801L01010
BHAGCHEM,INE414D01027
PARAS,INE045601023
PANSARI,INE697V01011
ARTNIRMAN,INE738V01013
AURUM,INE898S01029
SIKKO,INE112X01025
MEDICAMEQ,INE646B01010
DIGJAMLMTD,INE731U01028
KRITI,INE479D01038
MANORG,INE370D01013
3IINFOLTD,INE748C01038
IRIS,INE864K01010
NYKAA,INE388Y01029
ANGELONE,INE732I01021
FINOPB,INE02NC01014
LAXMICOT,INE801V01019
SELMC,INE105I01020
POLICYBZR,INE417T01026
SJS,INE284S01014
FOODSIN,INE976E01023
PAYTM,INE982J01020
SAPPHIRE,INE806T01020
MARSHALL,INE00SZ01018
LATENTVIEW,INE0I7C01011
SBC,INE04AK01028
STEELCAS,INE124E01038
FOCUS,INE593W01028
BAJAJHCARE,INE411U01027
DHRUV,INE506Z01015
SMLT,INE017W01010
RPPL,INE760W01023
TARSONS,INE144Z01023
EQUIPPP,INE217G01035
GOCOLORS,INE0BJS01011
SIGACHI,INE0D0K01022
DHARAMSI,INE505A01010
BBOX,INE676A01027
ASIANENE,INE276G01015
SHIVALIK,INE788J01021
STARHEALTH,INE575P01011
TEGA,INE011K01018
ANANDRATHI,INE463V01026
ZODIAC,INE761Y01019
YAARI,INE126M01010
KBCGLOBAL,INE278R01034
RATEGAIN,INE0CLI01024
DOLATALGO,INE966A01022
LINC,INE802B01027
SHRIRAMPPS,INE217L01019
JETFREIGHT,INE982V01025
MAPMYINDIA,INE0BV301023
METROBRAND,INE317I01021
WINPRO,INE974C01022
JTLINFRA,INE391J01024
MEDPLUS,INE804L01022
UDAICEMENT,INE225C01029
DATAPATTNS,INE0IX101010
DCMSRIND,INE843D01027
SUPRIYA,INE07RO01027
HECPROJECT,INE558R01013
CMSINFO,INE925R01014
UNITEDPOLY,INE368U01029
MICEL,INE287C01037
MONARCH,INE903D01011
HPAL,INE0GSL01024
BCONCEPTS,INE977Y01011
UNIINFO,INE481Z01011
PCBL,INE602A01031
WFL,INE02WG01016
MHLXMIRU,INE112D01035
AGSTRA,INE583L01014
MALLCOM,INE389C01015
GRWRHITECH,INE291A01017
AWL,INE699H01024
CROWN,INE491V01019
DEVIT,INE060X01034
FIBERWEB,INE296C01020
MANYAVAR,INE825V01034
MEGASTAR,INE00EM01016
PDSL,INE111Q01021
RBA,INE07T201019
IONEXCHANG,INE570A01022
MAHAPEXLTD,INE843B01013
SOFTTECH,INE728Z01015
PRITI,INE974Z01015
ZYDUSLIFE,INE010B01027
SEPC,INE964H01014
MITCON,INE828O01033
INDOBORAX,INE803D01021
DIL,INE411Y01011
RAJRILTD,INE533D01032
ZFCVINDIA,INE342J01019
SHAILY,INE151G01028
GATEWAY,INE079J01017
SEJALLTD,INE955I01044
GMRP&UI,INE0CU601026
AVROIND,INE652Z01025
OBCL,INE426Z01016
SONAMCLOCK,INE00LM01011
CHOICEIN,INE102B01014
MSUMI,INE0FS801015
E2E,INE255Z01027
ELDEHSG,INE668G01021
HARDWYN,INE626Z01029
RITCO,INE01EG01016
VCL,INE098201036
ROTO,INE535D01037
UMAEXPORTS,INE0GIU01018
KPIGREEN,INE542W01025
VERANDA,INE0IQ001011
PIXTRANS,INE751B01018
HARIOMPIPE,INE00EV01017
INDOAMIN,INE760F01028
KRITIKA,INE00Z501029
STARTECK,INE992I01013
CAMPUS,INE278Y01022
DHANVARSHA,INE615R01029
LANCER,INE359U01028
RAINBOW,INE961O01016
AGI,INE415A01038
SILVERTUC,INE625X01026
LICI,INE0J1Y01017
PRUDENT,INE00F201020
AKSHAR,INE256Z01025
DELHIVERY,INE148O01028
RELCHEMQ,INE750D01016
MEDICO,INE630Y01024
PARADEEP,INE088F01024
ETHOSLTD,INE04TZ01018
EMUDHRA,INE01QM01018
AETHER,INE0BWX01014
SPLPETRO,INE663A01033
VENUSPIPES,INE0JA001018
MOTHERSON,INE775A01035
WEWIN,INE082W01014
CHEVIOT,INE974B01016
JWL,INE209L01016
AXITA,INE02EZ01022
ESSENTIA,INE418N01035
HINDWAREAP,INE05AN01011
MANORAMA,INE00VM01036
ZUARIIND,INE217A01012
NGLFINE,INE887E01022
HEADSUP,INE759V01019
RADHIKAJWE,INE583V01021
CSLFINANCE,INE718F01018
COSMOFIRST,INE757A01017
DYCL,INE600Y01019
KSHITIJPOL,INE013801027
NAVA,INE725A01030
RAMRAT,INE207E01023
RAMAPHO,INE809A01032
UNOMINDA,INE405E01023
LOYALTEX,INE970D01010
MODISONLTD,INE737D01021
SPORTKING,INE885H01029
SYRMA,INE0DYJ01015
TRU,INE615R01029
DREAMFOLKS,INE0JS101016
GRMOVER,INE192H01020
SUBCAPCITY,INE845C01016
TMB,INE668A01016
4THDIM,INE382T01022
DBOL,INE0I3401014
KSOLVES,INE0D6I01023
HARSHA,INE0JUS01029
KRITINUT,INE798K01010
EMIL,INE02YR01019
SECURCRED,INE195Y01010
DCI,INE0A1101019
TIPSFILMS,INE0LQS01015
TRACXN,INE0HMF01019
NARMADA,INE117Z01029
DMCC,INE505A01010
PPLPHARMA,INE0DK501011
ACEINTEG,INE543V01017
GOYALALUM,INE705X01026
HPIL,INE05X901010
SUKHJITS,INE450E01029
BOHRAIND,INE802W01023
DCXINDIA,INE0KL801015
FUSION,INE139R01012
BIKAJI,INE00E101023
MEDANTA,INE474Q01031
CARYSIL,INE482D01024
FAZE3Q,INE963C01033
SYNCOMF,INE312C01025
ACI,INE128X01021
FIVESTAR,INE128S01021
JTLIND,INE391J01032
SATINDLTD,INE065D01027
KAYNES,INE918Z01012
SCPL,INE501Y01019
BBTCL,INE01EE01011
INOXGREEN,INE510W01014
RUSTOMJEE,INE263M01029
ZIMLAB,INE518E01015
AAATECH,INE0D0U01013
VINNY,INE01KI01027
OSIAHYPER,INE06IR01021
DJML,INE0B1K01014
LTIM,INE214T01019
DHARMAJ,INE00OQ01016
SARVESHWAR,INE324X01026
UNIPARTS,INE244O01017
HYBRIDFIN,INE965B01022
SHRIRAMFIN,INE721A01047
SULA,INE142Q01026
AHL,INE00ZE01026
LANDMARK,INE559R01029
KFINTECH,INE138Y01010
ELIN,INE050401020
AVONMORE,INE323B01024
RADIANTCMS,INE855R01021
WEL,INE02WG01024
SKYGOLD,INE01IU01018
IEL,INE059901020
NRL,INE0JM501013
MANOMAY,INE784W01015
BAIDFIN,INE020D01022
STYRENIX,INE189B01011
360ONE,INE466L01038
SAH,INE035801013
KAMOPAINTS,INE0BTI01037
SBGLP,INE05ST01028
AARTIPHARM,INE0LRU01027
BTML,INE0EEJ01023
NINSYS,INE395U01014
OSWALSEEDS,INE00IK01029
ASMS,INE855F01042
NSLNISP,INE0NNS01018
POCL,INE063E01061
HEUBACHIND,INE492A01029
LEXUS,INE500X01013
DIVGIITTS,INE753U01022
AKI,INE642Z01026
SAHYADRI,INE280H01015
LAL,INE740X01023
GSLSU,INE0JSX01015
AVALON,INE0LCL01028
USK,INE0N0Y01013
SVLL,INE00CE01017
KIRLPNU,INE811A01038
VIRINCHI,INE539B01017
BLAL,INE0N7W01012
SADHNANIQ,INE888C01040
MANKIND,INE634S01028
NDLVENTURE,INE353A01023
RACE,INE084Q01012
ATAM,INE09KD01013
RHL,INE508K01013
ATALREAL,INE0ALR01029
AVG,INE680Z01018
PVRINOX,INE191H01014
PIGL,INE557Z01018
OSWALGREEN,INE143A01010
SHRIPISTON,INE526E01018
LATTEYS,INE262Z01023
ACL,INE666E01020
PAVNAIND,INE07S101038
KPIL,INE220B01022
PTCIL,INE596F01018
SIGMA,INE0A0S01028
MKPL,INE964W01021
IKIO,INE0LOJ01019
CIEINDIA,INE536H01010
TITAGARH,INE615H01020
SINDHUTRAD,INE325D01025
GHCLTEXTIL,INE0PA801013
ASHOKAMET,INE760Y01011
GENSOL,INE06H201014
SHAH,INE482J01021
HMAAGRO,INE0ECP01024
URAVI,INE568Z01015
IDEAFORGE,INE349Y01013
AARTECH,INE01C001026
CYIENTDLM,INE055S01018
PAKKA,INE551D01018
SENCO,INE602W01027
LLOYDSME,INE281B01032
UTKARSHBNK,INE735W01017
UCAL,INE139B01016
NETWEB,INE0NT901020
PROZONER,INE195N01013
YATHARTH,INE0JO301016
TVSHLTD,INE105A01035
SBFC,INE423Y01016
CONCORDBIO,INE338H01029
SRGHFL,INE559N01010
YASHO,INE616Z01012
NIITMTS,INE342G01023
TVSSCS,INE395N01027
ADANIENSOL,INE931S01010
ATL,INE0NN701020
TREL,INE0O3901029
LORDSCHLO,INE846D01012
REDTAPE,INE0LXT01019
VLEGOV,INE03HW01020
AEROFLEX,INE024001021
DOLPHIN,INE920A01037
JIOFIN,INE758E01017
VPRPL,INE0AE001013
SANDUMA,INE149K01016
EPIGRAL,INE071N01016
RISHABH,INE0N2P01017
PYRAMID,INE0MIS01010
JLHL,INE682M01020
UNIVAFOODS,INE275F01019
RRKABEL,INE777K01022
EMSLIMITED,INE0OV601013
SAMHI,INE08U801020
ZAGGLE,INE07K301024
DIAMINESQ,INE591D01014
RATNAVEER,INE05CZ01011
KALAMANDIR,INE438K01021
SIGNATURE,INE903U01023
YATRA,INE0JR601024
JSWINFRA,INE880J01026
MVGJL,INE0KNT01012
DIACABS,INE989C01038
UDS,INE851I01011
THEJO,INE121N01019
NUVAMA,INE531F01023
ORIENTCER,INE569C01020
SECMARK,INE0BTM01013
VALIANTLAB,INE0JWS01017
IRMENERGY,INE07U701015
ARE&M,INE885A01032
PLAZACABLE,INE0INJ01017
SICALLOG,INE075B01020
SAMPANN,INE735M01018
TCLCONS,INE388G01026
BLUEJET,INE0KBH01020
PATANJALI,INE619A01035
CELLO,INE0LMW01024
LTFOODS,INE818H01020
HONASA,INE0J5401028
MUFIN,INE08KJ01020
AMNPLST,INE275D01022
ESAFSFB,INE818W01011
LLOYDSENGG,INE093R01011
MAXESTATES,INE03EI01018
ASKAUTOLTD,INE491J01022
JITFINFRA,INE863T01013
TNTELE,INE141D01018
IREDA,INE202E01016
ACLGATI,INE152B01027
FEDFINA,INE007N01010
GANDHAR,INE717W01049
TATATECH,INE142M01025
FLAIR,INE00Y201027
GATECHDVR,INE224E01036
GATECH,INE224E01028
WELSPUNLIV,INE192B01031
DOMS,INE321T01012
INDIASHLTR,INE922K01024
INOXINDIA,INE616N01034
GTECJAINX,INE586X01012
MUTHOOTMF,INE046W01019
SURAJEST,INE843S01025
HAPPYFORGE,INE330T01021
MUFTI,INE220Q01020
AZAD,INE02IJ01035
INNOVACAP,INE0DUT01020
BAJEL,INE0KQN01018
MOTISONS,INE0FRK01020
RBZJEWEL,INE0PEQ01016
SUNCLAY,INE0Q3R01026
SEMAC,INE617A01013
JYOTICNC,INE980O01024
COMSYN,INE073V01015
MEDIASSIST,INE456Z01021
DIGIDRIVE,INE0PSC01024
DAVANGERE,INE179G01029
SONAMLTD,INE00LM01029
EPACK,INE0G5901015
LGHL,INE258Y01016
BLSE,INE0NLT01010
PARKHOTELS,INE988S01028
CAPITALSFB,INE646H01017
JSFB,INE953L01027
NOVAAGRI,INE02H701025
RPTECH,INE0J1F01024
ENTERO,INE010601016
KALYANIFRG,INE314G01014
SAURASHCEM,INE626A01014
JUNIPER,INE696F01016
SIGNPOST,INE0KGZ01021
GPTHEALTH,INE486R01017
EXICOM,INE777F01014
VSTL,INE0QTF01015
ADL,INE0CHO01012
MODIRUBBER,INE832A01018
PRUDMOULI,INE024D01016
SIL,INE173A01025
RKSWAMY,INE0NQ801033
JGCHEM,INE0MB501011
GOPAL,INE0L9R01028
ATLANTAA,INE285H01022
KEEPLEARN,INE055C01020
PVSL,INE772T01024
PLATIND,INE0PT501018
KRYSTAL,INE0QN801017
MUKKA,INE0CG401037
GVPTECH,INE382T01030
SCILAL,INE0PB301013
MASKINVEST,INE885F01015
SINCLAIR,INE985A01022
BHARTIHEXA,INE343G01021
TARACHAND,INE555Z01020
SABTNL,INE416A01044
SRM,INE0R6Z01013
WIPL,INE215F01023
AIIL,INE206F01022
HAVISHA,INE293B01029
LANCORHOL,INE572G01025
LTF,INE498L01015
GLOSTERLTD,INE350Z01018
BALUFORGE,INE011E01029
GUJRAFFIA,INE610B01024
JNKINDIA,INE0OAF01028
FILATFASH,INE185E01021
INDGN,INE065X01017
AADHARHFC,INE883F01010
TBOTEK,INE673O01025
GODIGIT,INE03JT01014
AWFIS,INE108V01019
TECILCHEM,INE014B01011
AEGISLOG,INE208C01025
UNITDSPR,INE854D01024
TPHQ,INE065J01024
IXIGO,INE0HV901016
BOROSCI,INE02L001032
KRONOX,INE0ATZ01017
DEEDEV,INE841L01016
STANLEY,INE01A001028
ABDL,INE552Z01027
EMBDL,INE069I01010
RELIABLE,INE375Y01018
BANSALWIRE,INE0B9K01025
RETAIL,INE03DD01011
AFIL,INE916Y01027
EMCURE,INE168P01015
AGIIL,INE976R01033
VRAJ,INE0S2V01010
SAMMAANCAP,INE148I01020
SANSTAR,INE08NE01025
RELTD,INE206N01018
AVANTEL,INE005B01027
AKUMS,INE09XN01023
RPEL,INE912T01018
RUBFILA,INE642C01025
CEIGALL,INE0AG901020
OLAELEC,INE0LXG01040
UNIECOM,INE00U401027
FIRSTCRY,INE02RE01045
MANCREDIT,INE545L01039
SUYOG,INE442P01014
INTERARCH,INE00M901018
SURAJLTD,INE713C01016
ORTINGLOBE,INE749B01020
SSDL,INE0PQ101010
PREMIERENE,INE0BS701011
NIRAJISPAT,INE326T01011
ECOSMOBLTY,INE06HJ01020
STYLEBAAZA,INE01FR01028
MFML,INE0US801024
GLOBALE,INE0URU01010
ORIENTTECH,INE0PPK01015
EUREKAFORB,INE0KCE01017
XTGLOBAL,INE547B01028
KROSS,INE0O6601022
BAJAJHFL,INE377Y01014
PNGJL,INE953R01016
RAYMONDLSL,INE02ID01020
GALAPREC,INE0RE001014
WCIL,INE0CJF01024
ARKADE,INE0QRL01017
NORTHARC,INE850M01015
REVATHIEQU,INE0DAB01012
BALAJEE,INE0S2G01011
ALLDIGI,INE835G01018
INDOUS,INE250Z01010
SANOFICONR,INE0UOS01011
TIPSMUSIC,INE716B01029
TOLINS,INE0RWQ01014
UYFINCORP,INE152C01025
KRN,INE0Q3J01015
VEEDOL,INE484C01030
SRD,INE01NE01012
LMW,INE269B01029
ABREL,INE055A01016
GARUDA,INE0JVO01026
MANBA,INE939X01013
LLOYDSENT,INE080I01025
DIFFNKG,INE184O01015
VINCOFE,INE498Q01014
ICDSLTD,INE613B01010
HYUNDAI,INE0V6F01027
AFFORDABLE,INE692Z01013
TRANSWORLD,INE757B01015
DBEIL,INE0OPA01027
WAAREEENER,INE377N01017
GODAVARIB,INE497S01012
AFCONS,INE101I01011
AVL,INE679V01027
SAGILITY,INE0W2G01015
MASTERTR,INE677D01037
ACMESOLAR,INE622W01025
OCCLLTD,INE0PK601023
SWIGGY,INE00H001014
NIVABUPA,INE995S01015
KPEL,INE127T01021
KMEW,INE0CJD01029
BLACKBUCK,INE0UIZ01018
RACLGEAR,INE704B01017
NTPCGREEN,INE0ONG01011
EIEL,INE0LLY01014
IIFLCAPS,INE489L01022
SURAKSHA,INE877V01027
GMRAIRPORT,INE776C01039
INNOVANA,INE403Y01018
MOBIKWIK,INE0HLU01028
SAILIFE,INE570L01029
VMM,INE01EA01019
IKS,INE115Q01022
ANUHPHR,INE489G01022
IGIL,INE0Q9301021
ROSSTECH,INE0OJW01016
HBLENGINE,INE292B01021
DAMCAPITAL,INE284H01025
ODIGMA,INE054301028
SANATHAN,INE0JPD01013
TRANSRAILL,INE454P01035
CEWATER,INE037Z01029
VENTIVE,INE781S01027
SENORES,INE0RB801010
CARRARO,INE0V7W01012
UNIMECH,INE0U3I01011
GVT&D,INE200A01026
INDOFARM,INE622H01018
MAMATA,INE0TO701015
ABINFRA,INE00YB01025
SGLTL,INE0M4D01010
QUADFUTURE,INE0LRY01011
DDEVPLSTIK,INE0HR601026
URAVIDEF,INE568Z01015
NAVKARURB,INE268H01044
LAXMIDENTL,INE0WO601020
ALIVUS,INE03Q201024
RVTH,INE0DAB01012
SUPREME,INE822E01011
TARIL,INE763I01026
AGARWALEYE,INE943P01029
MOSCHIP,INE935B01025
STALLION,INE0RYC01010
PROTEAN,INE004A01022
ONESOURCE,INE013P01021
MCLOUD,INE613C01026
NIBE,INE149O01018
TICL,INE388G01026
ORCHASP,INE215B01022
DENTA,INE0R4L01018
ITCHOTELS,INE379A01028
NATCAPSUQ,INE936B01015
AJAXENGG,INE274Y01021
HEXT,INE093A01041
MODTHREAD,INE794W01014
QPOWER,INE0SII01026
GUJTHEM,INE942C01045
JUBLCPL,INE03CC01015
BAJAJINDEF,INE0O9T01021
CPCAP,INE521J01018
BHARATSE,INE415D01024
ISHANCH,INE561M01018
SPECTRUM,INE01EO01010
SUNDROP,INE209A01019
PRABHA,INE0I0M01023
CURAA,INE117B01020
BIRLANU,INE557A01011
ETERNAL,INE758T01015
WAAREERTL,INE299N01021
ADOR,INE045A01017
UMIYA-MRO,INE398B01018
CIFL,INE345H01024
TINNARUBR,INE015C01016
PRIMO,INE607A01022
NPST,INE0FFK01017
AFSL,INE00ZE01026
ATHERENERG,INE0LEZ01016
COHANCE,INE03QK01018
BELRISE,INE894V01022
RAJOOENG,INE535F01024
ACUTAAS,INE00FF01025
AEGISVOPAK,INE0INX01018
THELEELA,INE0AQ201015
BORANA,INE16SF01016
PROSTARM,INE0BX301013
SCODATUBES,INE090501011
OSWALPUMPS,INE0BYP01024
AEROENTER,INE065D01027
ARISINFRA,INE0H9P01028
BLUSPRING,INE0U4101014
DIGITIDE,INE0U4701011
ELLEN,INE236E01022
KALPATARU,INE227J01012
HDBFS,INE756I01012
PICCADIL,INE546C01010
SAMBHV,INE12NJ01018
ENRIN,INE1NPP01017
ABLBL,INE14LE01019
CRIZAC,INE0S4R01014
FISCHER,INE771F01041
TRAVELFOOD,INE103V01028
GLOBECIVIL,INE0V3U01015
RAYMONDREL,INE1SY401010
IGCL,INE05J901018
PASHUPATI,INE124Y01028
SMARTWORKS,INE0NAZ01010
BELLACASA,INE344T01014
ANTHEM,INE0CZ201020
ARFIN,INE784R01023
EBGNG,INE18JU01028
INDIQUBE,INE06ST01018
RMDRIP,INE219Y01026
BRIGHOTEL,INE03NU01014
EUROBOND,INE505V01016
SHANTIGOLD,INE06ZD01017
CPPLUS,INE819V01029
LAXMIINDIA,INE06WU01026
SGFIN,INE618R01015
CHEMBONDCH,INE0TGX01019
MBEL,INE08N601015
LOTUSDEV,INE0V9Q01010
JSLL,INE0J5801029
SHEKHAWATI,INE268L01046
ALLTIME,INE0GV601021
JSWCEMENT,INE718I01012
BLUESTONE,INE304W01038
EFCIL,INE886D01026
REGAAL,INE0MHO01029
GEMAROMA,INE06XZ01023
SHREEJISPG,INE1B6101010
VIKRAMSOLR,INE078V01014
GVPIL,INE878A01011
HILINFRA,INE00RL01028
MEIL,INE0PKD01011
VIKRAN,INE01R501028
GCSL,INE199P01028
RNBDENIMS,INE012Q01039
SWANCORP,INE665A01038
AERONEU,INE035801013
KAVDEFENCE,INE641C01019
PATELRMART,INE0R8B01010
SGMART,INE385F01024
BILVYAPAR,INE071A01013
GANESHHOU,INE460C01014
AHCL,INE0Y8W01025
CEMPRO,INE686A01026
SHRINGARMS,INE1B3L01017
URBANCO,INE0CAZ01013
MWL,INE0JYY01029
STLNETWORK,INE1VXE01018
TIGERLOGS,INE906O01029
CPEDU,INE0P6P01016
ANTELOPUS,INE818A01017
AMANTA,INE084K01015
EUROPRATIK,INE198501012
ABCOTS,INE08PH01015
IVALUE,INE056801025
GKENERGY,INE1AG301022
RHETAN,INE0KKN01029
SAATVIKGL,INE13B501022
ATLANTAELE,INE0Z4F01028
GANESHCP,INE652V01016
ARSSBL,INE549H01021
JARO,INE00YJ01010
STYL,INE04VU01023
SOLARWORLD,INE0TY101024
DEVX,INE0VOV01021
EPACKPEB,INE0MLS01022
FINKURVE,INE734I01027
JAINREC,INE0YD401026
TRUALT,INE0MWH01014
PACEDIGITK,INE0S3G01027
SYSTMTXC,INE356B01024
GLOTTIS,INE0TQE01026
SOLEX,INE880Y01017
VMSTMT,INE0SJA01013
WEWORK,INE085001019
WORTHPERI,INE196Y01018
TATACAP,INE976I01016
UFBL,INE382M01027
LGEINDIA,INE324D01010
MARKOLINES,INE0FW001016
MONEYBOXX,INE296Q01012
BMWVENTLTD,INE965W01036
CRAMC,INE218I01013
RUBICON,INE506V01022
TSFINV,INE202Z01029
AURIGROW,INE925Y01036
CANHLIFE,INE01TY01017
JKIPL,INE1FF001016
KRISHIVAL,INE0GGO01015
FABTECH,INE0HF201011
ADVANCE,INE1B0W01010
MIDWESTLTD,INE0XAD01024
OMFREIGHT,INE1BZC01019
TMPV,INE155A01022
ORKLAINDIA,INE16NZ01023
STUDDS,INE00Q601028
LENSKART,INE956O01016
SMLMAH,INE294B01019
GROWW,INE0HOQ01053
MODIS,INE0L0L01012
PINELABS,INE15B701018
SHIVAUM,INE719F01016
TEAMGTY,INE289C01025
EMMVEE,INE1C6T01020
PWL,INE0LP301011
TENNIND,INE19RI01016
UTLSOLAR,INE12UR01024
CAPILLARY,INE0ILV01024
PIRAMALFIN,INE202B01038
BETA,INE351Y01019
SHILCTECH,INE024F01011
EXCELSOFT,INE606N01019
HALEOSLABS,INE320X01016
TMCV,INE1TAE01010
ADVENTHTL,INE28GN01010
SUDEEPPHRM,INE0QPI01025
PAUSHAKLTD,INE111F01024
VGL,INE273D01027
HGM,INE596H01014
JAYKAY,INE903A01025
IBULLSLTD,INE126M01010
KNAGRI,INE0KNW01016
AEQUS,INE947N01017
CNL,INE985W01018
MEESHO,INE0VDM01015
VIDYAWIRES,INE14UN01029
KSR,INE1SPP01016
MODINATUR,INE537F01012
LEMERITE,INE0G1L01025
CORONA,INE02ZQ01018
WAKEFIT,INE0E7301029
NEPHROPLUS,INE428V01029
PARKHOSPS,INE119201023
ICICIAMC,INE346A01027
RUDRA,INE027T01023
SKFINDUS,INE2J8701016
KSHINTL,INE987S01020
BOSCH-HCIL,INE782A01015
GKSL,INE0V0W01025
KRISHNADEF,INE0J5601015
WAAREEINDO,INE866K01023
ALGOQUANT,INE598D01035
BHARATCOAL,INE05XR01022
SETL,INE0M4D01010
ADVAIT,INE0ALI01010
SUDARCOLOR,INE492A01029
AMAGI,INE121R01077
VIYASH,INE807F01027
BUILDPRO,INE24OJ01011
SHADOWFAX,INE12UN01015
UEL,INE899L01030
CCAVENUE,INE483S01020
ARIS,INE0H9P01028
SIGMAADV,INE933B01012
AYE,INE501X01029
FRACTAL,INE212S01015
CEINSYS,INE016Q01014
AQYLON,INE416A01051
HALDER,INE115S01010
AARNAV,INE750R01016
TCC,INE887D01024
LTM,INE214T01019
CLEANMAX,INE647U01026
KWIL,INE2KCE01013
DSFCL,INE0OFM01015
DCMSIL,INE0OU201013
PNGSREVA,INE1RDG01013
OMNI,INE0UH301010
INA,INE0LGX01024
SEDEMAC,INE00XB01019
VITAL,INE0L4K01016
AEPL,INE757T01025
KOTYARK,INE0J0B01017
MARSONS,INE415B01044
GAUDIUMIVF,INE0P8B01020
SRTL,INE19GK01015
RSL,INE313L01016
SINGERIND,INE638A01035
GICL,INE947T01022
INNOVISION,INE0ADB01012
GSPCROP,INE713R01022
BCPL,INE00SW01015
CMPDI,INE05HV01027
AMIRCHAND,INE05TO01019
LANDSMILL,INE688J01023
POWERICA,INE921L01032
SAIPARENT,INE0H9F01037
NIMBSPROJ,INE875B01015
SAHLIBHFI,INE861D01011
BONLON,INE0B9A01018
JSWDULUX,INE133A01011
3BBLACKBIO,INE994E01018
ABMKNO,INE850B01026
ACSTECH,INE366C01021
AKCAPIT,INE701G01012
ABANSENT,INE365O01028
AMBALALSA,INE432A01017
ASHIKA,INE094B01013
ASTAR,INE194D01017
AVAILFC,INE325G01010
BNALTD,INE489D01011
BAJAJST,INE704G01024
BLIL,INE525F01025
BEEKAY,INE213D01015
BENGALASM,INE083K01017
BTTL,INE274K01012
BI,INE986A01012
BIRLAPREC,INE372E01025
BLACKROSE,INE761G01016
BNAGROCHEM,INE00HZ01011
COMFINTE,INE819A01049
DAICHI,INE928C01010
DECNGOLD,INE945F01025
DISAQ,INE131C01011
DRAGARWQ,INE934C01018
ELANTAS,INE280B01018
ELCIDIN,INE927X01018
ELITECON,INE669R01026
ELPROINTL,INE579B01039
EMPOWER,INE507F01023
FEDDERSHOL,INE417D01020
FERMENTA,INE225B01021
FRONTSP,INE572D01014
GRANDOAK,INE926B01016
GRAVISSHO,INE214F01026
GNRL,INE207H01018
HBESD,INE640B01021
HALDYNGL,INE506D01020
HAWKINCOOK,INE979B01015
IWP,INE586E01020
INDPRUD,INE620D01011
INVPRECQ,INE155E01016
COCKERILL,INE515A01019
KAMAHOLD,INE411F01010
KANCHI,INE081G01019
KLBRENG-B,INE338F01015
KIRANVYPAR,INE555P01013
KOTIC,INE972A01020
KPL,INE552U01010
LAHOTIOV,INE515C01023
MCCHRLS-B,INE435D01014
MADHAVIPL,INE631R01026
MAFATIND,INE270B01035
MAJESAUT,INE201B01022
MENNPIS,INE650G01029
MERCANTILE,INE689O01013
METROGLOBL,INE085D01033
NATIONSTD,INE166R01015
NILE,INE445D01013
NIRLON,INE910A01012
NITTAGELA,INE265B01019
PML,INE291E01019
PIONRINV,INE746D01014
PRADPME,INE770A01010
PRAVEG,INE722B01019
PREMCO,INE001E01012
QUINT,INE641R01017
RRIL,INE951M01037
RSDFIN,INE616F01022
ZSARACOM,INE967G01019
SCANSTL,INE099G01011
SEIL,INE440T01028
SHINDL,INE220Z01013
SHARDUL,INE037B01020
SHBAJRG,INE402H01015
SHRIKRISH,INE997I01012
SIKA,INE438E01032
SURYALA,INE132C01027
TAALTECH,INE524T01011
TAMBOLIIN,INE864J01012
THACKER,INE077P01034
TIMEX,INE064A01026
TRANSPEK,INE687A01016
ULTRAMAR,INE405A01021
VELJAN,INE232E01013
WPIL,INE765D01022
WELSPLSOL,INE731F01037
WIMPLAST,INE015B01018
SAPPL,INE185C01017
SONAL,INE321M01017
TECHNVISN,INE314H01012
THAKDEV,INE403F01017
ZFSTEERING,INE116C01012
NEAGI,INE605D01012
HEALTHX,INE019J01013
OMPOWER,INE25E901019
KISSHT,INE12F801023
GRADIENTE,INE361K01017
CMRGREEN,INE00WV01027
QMSMEDI,INE0FMW01018
RMC,INE655V01019
HEXAGON,INE0JUI01012
TURTLEMINT,INE0OC301013
VAML,INE1CDF01017
VISL,INE1CLE01013
VOGL,INE704J01044
VEDPOWER,INE694L01019
GUJENERGY,INE844O01030
VOEPL,INE0I0T01010
CORDELIA,INE0LZF01039
KNACK,INE17QZ01016
GYFTR,INE724A01017
AURUS,INE142K01011
RAMBHAJO,INE1SJO01012
KUSUMGAR,INE0ISX01025
CSM,INE0ZK601013
LASERPOWER,INE17IR01028
RIR,INE302D01024
AGL,INE1YPB01014
AASTHA,INE2FMX01012
AEROPLANE,INE05TO01019
SBIFUNDS,INE640G01020
CPL,INE536P01021
CMLL,INE11XY01018
ASHIKAG,INE094B01013
MERCURYEV,INE763M01028
INDOMIM,INE084101034
LCL,INE0QJW01029
ALPINETEX,INE1JCQ01037
MANIPALHOS,INE459N01021
JNPR,INE05C901015
MVELECTRO,INE0OWZ01020
ONIDA,INE831A01028
ANNAPURNA,INE0MGM01017
ARDEE,INE0XNF01022
SWARAJ,INE0GMR01016
XTRANET,INE0NG701011
LEAPIND,INE00GO01025
SHUKRAPHAR,INE551C01044
TECHNOCRAF,INE1D0W01018
ADVIKCA,INE178T01024
ALFREDHE,INE782D01027
ALUFLUOR,INE058F01019
AMAL,INE841D01013
ANSALBU,INE030C01015
ARCL,INE372M01010
ARYAMAN,INE032E01017
ASIANTNE,INE822B01017
ASSAMENT,INE165G01010
AUSTENG,INE759F01012
ACGL,INE451C01013
AVANCE,INE758A01072
AXTEL,INE767C01012
AZADIND,INE566M01017
BENARAS,INE664D01019
BPLPHARMA,INE365Y01019
BLUECLOUDS,INE373T01047
BRAHMINFRA,INE320I01017
BRIGHTBR,INE630D01010
CGVAK,INE084D01010
CHEMCRUX,INE298W01016
COMPEAU,INE823B01015
CFEL,INE700F01024
CRAVATEX,INE145E01017
CRSL,INE716D01033
DEEP,INE00IY01012
DHABRIYA,INE260R01016
DHATRE,INE715T01031
DHOOTTRANS,INE01NH01023
EASTWEST,INE595R01023
EBIX,INE432F01032
ECORECO,INE316A01038
EKI,INE0CPR01018
EMPIND,INE515H01014
ENKEIWHEL,INE130L01014
FREDUN,INE194R01017
HAMPTON,INE299D01022
HRYNSHP,INE400G01011
HAZOOR,INE550F01049
HBPOR,INE638B01025
HINDALUMI,INE227B01019
HINDADH,INE074C01013
ISTLTD,INE684B01029
INDOKEM,INE716F01012
ITL,INE478D01014
JENBURPH,INE354A01013
JYOTIRES,INE577D01013
KJMCFIN,INE533C01018
KMCSHIL,INE879K01018
KAMANWALA,INE344D01018
KANCOTEA,INE398L01017
LKPSEC,INE341H01023
LADDERUP,INE519D01015
LEENEE,INE791B01014
LOTUSCHO,INE026D01011
MKEXIM,INE227F01010
MAKERSL,INE987A01010
MANBRO,INE348N01042
MSL,INE829S01016
MEDICAPQ,INE442D01010
MIIL,INE898Q01015
MLKFOOD,INE588G01021
MINALIND,INE097E01028
MOHITE,INE154B01023
MOLBIO,INE869T01028
MUKESHB,INE596B01017
NTCIND,INE920C01017
ODYCORP,INE839E01023
ONEGLOBAL,INE670O01013
ONIXSOLAR,INE173M01012
OPTIFIN,INE031G01022
ORIRAIL,INE457G01029
PBMPOLY,INE501F01018
POEL,INE035S01028
PACIFICI,INE883C01025
PANCHMAHQ,INE798F01010
PANORAMA,INE258R01028
PARNAXLAB,INE383L01019
PERMAGN,INE418E01018
PHOENXINTL,INE245B01011
POLYSPIN,INE914G01029
PRISMX,INE286N01028
RTSPOWR,INE005C01017
RRECL,INE0AK901016
SAB,INE137M01017
SVGLOBAL,INE159L01013
SAICAPI,INE531X01018
SEKURITIND,INE068B01017
SAYAJIIND,INE327G01032
SGLRES,INE967B01028
SHERVANI,INE011D01013
SHILGRAVQ,INE960A01017
SHIVACEM,INE555C01029
SHIVAAGRO,INE960E01019
SHRADDHA,INE311M01018
SGRL,INE414Y01015
SHRJAGP,INE564J01026
VASUPRADA,INE574G01013
SIMPLXREA,INE167H01014
SPELS,INE252A01019
SUMEDHA,INE886B01012
SUNLOC,INE671C01016
SUNRAKSHAK,INE671K01027
SUNSHIEL,INE199E01014
SUPTANERY,INE460D01038
SIEL,INE843L01012
SWARNSAR,INE967A01012
SWISSMLTRY,INE010C01025
TGVSL,INE284B01028
TANAA,INE692C01020
TERAI,INE390D01011
TOYAMSL,INE457P01020
TRANSCOR,INE330E01023
TRITONV,INE440G01017
TUTIALKA,INE400A01014
UDAYJEW,INE551B01012
VADILENT,INE693D01018
VEDAVAAG,INE359B01010
VGCL,INE761Q01015
VIJSOLX,INE362D01010
VIRAT,INE467D01017
VIRTUALG,INE247C01023
VISACHROME,INE286H01012
VIVOBIOT,INE380K01017
VOITHPAPR,INE285C01015
WARDINMOBI,INE945P01024
ADDIND,INE757C01021
MILKYMIST,INE00IT01020
MPDL,INE493H01014
MYSORPETRO,INE741A01011
NICCOPAR,INE653C01022
SRIKPRIND,INE009C01019
STLSTRINF,INE205F01016
UPHOT,INE726E01014
WHBRADY,INE855A01019
YOGI,INE290E01011
BLEL,INE1EEM01017
SHIPROCKET,INE0FOO01011
APOORVA,INE217S01014
HORIZONIND,INE685T01010
LALITHAA,INE0K9O01026
SHANKESH,INE1WFC01025
SUNSHINE,INE1B3O01011
GAJA,INE18UN01038
TEMPSENS,INE1KZI01025
AUGMONT,INE16W401027
SKYWAYS,INE0PX301025
SYMBIOTEC,INE899I01028
KDGREEN,INE348N01042
LUMINO,INE185Q01025
ESDS,INE0DRI01029
PERNIASPOP,INE0I1B01016
VIVIANA,INE0MEG01014
DEEPA,INE1M2N01020
CRESTO,INE203Y01012
DOLLEX,INE0JHH01011
PRANAV,INE0H4201019
GLASSWALL,INE644Q01039
HTEL,INE0LEG01024
KANOHAR,INE877D01025
PRASOLCHEM,INE455U01024
ANNU,INE103001017
ARCIL,INE148G01016
KARAMTARA,INE590T01012
LCCPROJECT,INE1FPN01026
MPIMANIPAL,INE241U01028
RENTOMOJO,INE08T701025
STEAMHOUSE,INE0FRO01022
PRIORITY,INE15EH01014
