symbol,ret_1d,ret_5d,ret_20d,vol_ratio,turn_med20,uc_today,uc_5d,uc_20d,range_pos,pct_52wh,vol20,atr_ratio,price,score,rk,p
AHCL,0.14585153747711077,0.3408278068628685,0.8375350323384423,19.132407187197987,105263328.0,1.0,2.0,5.0,0.7136259138644866,1.0,0.04756208378972724,2.6727151542885665,26.239999771118164,4.541314377470801,1,0.28059701492537314
SRHHYPOLTD,0.19996184573308118,0.1983582031986011,0.3266406431453095,16.682389847426208,8538650.0,1.0,1.0,2.0,1.0,1.0,0.049306830424448896,2.1923148478688335,627.7000122070312,3.258985447218887,2,0.21791044776119403
INDORAMA,0.1702361282864422,0.23179194279488802,0.6996332012418061,8.171375047365586,121113576.0,1.0,1.0,3.0,0.8508531524673336,1.0,0.053468836402255866,1.733113753275909,106.55000305175781,3.25231948851368,3,0.21791044776119403
JASH,0.10505612095395422,0.1203191092108411,0.21883603050595246,127.20475916164604,54792678.0,1.0,2.0,3.0,0.6243293232852841,1.0,0.03441226576126835,1.6463554730749796,575.9000244140625,2.9376765863202743,4,0.21791044776119403
QUINT,0.09582986340419408,0.9087065149429376,0.9020823764674977,54.75479011584372,460088.125,1.0,5.0,6.0,0.9651450364459492,1.0,0.07210260014442459,1.4190610622928825,76.7300033569336,2.895414225513528,5,0.20149253731343283
RATNAVEER,0.11796152980106522,0.1604231771012512,0.252808482204232,3.2586465821342654,1854188544.0,1.0,2.0,5.0,0.9160581096182333,1.0,0.04485845103558329,1.657134912636692,334.54998779296875,2.7824730787506096,6,0.20149253731343283
FEDDERSHOL,0.1623818507526058,0.26757377460414955,0.5273225097373799,25.29234276727336,67414348.0,1.0,1.0,1.0,0.7900846033901715,1.0,0.03575073573281899,1.0112429038483144,61.4900016784668,2.656004424041682,7,0.1746268656716418
ARVEE,0.19998849848814726,0.15595767499598878,0.25969482053322657,20.017411300919843,523817.4375,1.0,1.0,4.0,1.0,0.9932474287209037,0.07497794920599452,1.4463718807966874,208.8699951171875,2.5568415628374925,8,0.16417910447761194
RAYMOND,0.10935577829435061,0.0819205867360524,0.6869313690228207,2.4524587839968315,2300452416.0,1.0,1.0,6.0,0.766410851852349,1.0,0.06068304251529095,2.0853936777421156,1084.949951171875,2.5415723421801966,9,0.16119402985074627
CROWN,0.11891586925969477,0.07845396679020578,0.15522982398368823,26.481111836582407,1156280.9375,1.0,1.0,2.0,0.6723616194711335,0.6875105927799612,0.03351624504269046,1.7913236573218407,121.37999725341797,2.3770708876084643,10,0.16119402985074627
