label,days,topn,side,gross_bp,net_bp,hit,std_bp,tstat,ann_net,h1_bp,h2_bp,consistent,sig,entry,k,variant
vol20_hi_sh|E10|k1|A,479,10,S,5.81,-32.19,52.0,122.4,1.04,-56.5,3.67,7.96,True,vol20_hi_sh,10:15,1,A
vol20_hi_sh|E10|k1|B,479,10,S,7.44,-13.56,52.6,123.1,1.32,-30.3,3.78,11.11,True,vol20_hi_sh,10:15,1,B
vol20_hi_sh|E10|k1|top100,479,10,S,4.36,-16.64,53.0,112.4,0.85,-35.3,3.15,5.58,True,vol20_hi_sh,10:15,1,top100
vol20_hi_sh|E10|k1|top50,479,10,S,2.66,-18.34,49.7,107.3,0.54,-37.9,1.27,4.06,True,vol20_hi_sh,10:15,1,top50
vol20_hi_sh|E11|k1|A,479,10,S,11.66,-26.34,55.5,104.9,2.43,-49.3,12.97,10.34,True,vol20_hi_sh,11:15,1,A
vol20_hi_sh|E11|k1|B,479,10,S,13.02,-7.98,56.8,105.0,2.71,-19.4,12.99,13.04,True,vol20_hi_sh,11:15,1,B
vol20_hi_sh|E11|k1|top100,479,10,S,7.24,-13.76,55.9,95.7,1.66,-30.1,10.58,3.89,True,vol20_hi_sh,11:15,1,top100
vol20_hi_sh|E11|k1|top50,479,10,S,4.88,-16.12,52.2,92.3,1.16,-34.1,7.94,1.8,True,vol20_hi_sh,11:15,1,top50
vol20_hi_sh|E11|k2|A,479,10,S,11.66,-26.34,55.5,104.9,2.43,-49.3,12.97,10.34,True,vol20_hi_sh,11:15,2,A
vol20_hi_sh|E11|k2|B,479,10,S,13.02,-7.98,56.8,105.0,2.71,-19.4,12.99,13.04,True,vol20_hi_sh,11:15,2,B
vol20_hi_sh|E11|k2|top100,479,10,S,7.24,-13.76,55.9,95.7,1.66,-30.1,10.58,3.89,True,vol20_hi_sh,11:15,2,top100
vol20_hi_sh|E11|k2|top50,479,10,S,4.88,-16.12,52.2,92.3,1.16,-34.1,7.94,1.8,True,vol20_hi_sh,11:15,2,top50
vol20_hi_sh|E12|k1|A,479,10,S,11.85,-26.15,56.2,84.6,3.07,-48.8,13.17,10.52,True,vol20_hi_sh,12:15,1,A
vol20_hi_sh|E12|k1|B,479,10,S,12.18,-8.82,57.2,84.9,3.14,-20.7,12.07,12.3,True,vol20_hi_sh,12:15,1,B
vol20_hi_sh|E12|k1|top100,479,10,S,7.82,-13.18,55.9,77.1,2.22,-28.8,9.22,6.42,True,vol20_hi_sh,12:15,1,top100
vol20_hi_sh|E12|k1|top50,479,10,S,4.16,-16.84,52.6,74.0,1.23,-35.1,5.78,2.53,True,vol20_hi_sh,12:15,1,top50
vol20_hi_sh|E12|k2|A,479,10,S,11.85,-26.15,56.2,84.6,3.07,-48.8,13.17,10.52,True,vol20_hi_sh,12:15,2,A
vol20_hi_sh|E12|k2|B,479,10,S,12.18,-8.82,57.2,84.9,3.14,-20.7,12.07,12.3,True,vol20_hi_sh,12:15,2,B
vol20_hi_sh|E12|k2|top100,479,10,S,7.82,-13.18,55.9,77.1,2.22,-28.8,9.22,6.42,True,vol20_hi_sh,12:15,2,top100
vol20_hi_sh|E12|k2|top50,479,10,S,4.16,-16.84,52.6,74.0,1.23,-35.1,5.78,2.53,True,vol20_hi_sh,12:15,2,top50
vol20_hi_sh|E13|k1|A,479,10,S,9.9,-28.1,55.1,69.2,3.13,-51.1,14.52,5.26,True,vol20_hi_sh,13:15,1,A
vol20_hi_sh|E13|k1|B,479,10,S,10.24,-10.76,56.4,69.2,3.24,-24.2,13.86,6.61,True,vol20_hi_sh,13:15,1,B
vol20_hi_sh|E13|k1|top100,479,10,S,6.58,-14.42,54.9,64.4,2.24,-30.9,10.3,2.84,True,vol20_hi_sh,13:15,1,top100
vol20_hi_sh|E13|k1|top50,479,10,S,3.66,-17.34,54.1,63.1,1.27,-35.7,7.13,0.18,True,vol20_hi_sh,13:15,1,top50
vol20_hi_sh|E13|k2|A,479,10,S,9.9,-28.1,55.1,69.2,3.13,-51.1,14.52,5.26,True,vol20_hi_sh,13:15,2,A
vol20_hi_sh|E13|k2|B,479,10,S,10.24,-10.76,56.4,69.2,3.24,-24.2,13.86,6.61,True,vol20_hi_sh,13:15,2,B
vol20_hi_sh|E13|k2|top100,479,10,S,6.58,-14.42,54.9,64.4,2.24,-30.9,10.3,2.84,True,vol20_hi_sh,13:15,2,top100
vol20_hi_sh|E13|k2|top50,479,10,S,3.66,-17.34,54.1,63.1,1.27,-35.7,7.13,0.18,True,vol20_hi_sh,13:15,2,top50
vol20_hi_sh|E14|k1|A,479,10,S,5.46,-32.54,55.3,53.5,2.23,-56.2,8.11,2.79,True,vol20_hi_sh,14:15,1,A
vol20_hi_sh|E14|k1|B,479,10,S,4.85,-16.15,56.6,54.5,1.95,-33.7,7.28,2.41,True,vol20_hi_sh,14:15,1,B
vol20_hi_sh|E14|k1|top100,479,10,S,1.44,-19.56,52.6,50.1,0.63,-39.1,2.58,0.29,True,vol20_hi_sh,14:15,1,top100
vol20_hi_sh|E14|k1|top50,479,10,S,1.14,-19.86,51.6,47.6,0.52,-39.6,1.89,0.38,True,vol20_hi_sh,14:15,1,top50
vol20_hi_sh|E14|k2|A,479,10,S,5.46,-32.54,55.3,53.5,2.23,-56.2,8.11,2.79,True,vol20_hi_sh,14:15,2,A
vol20_hi_sh|E14|k2|B,479,10,S,4.85,-16.15,56.6,54.5,1.95,-33.7,7.28,2.41,True,vol20_hi_sh,14:15,2,B
vol20_hi_sh|E14|k2|top100,479,10,S,1.44,-19.56,52.6,50.1,0.63,-39.1,2.58,0.29,True,vol20_hi_sh,14:15,2,top100
vol20_hi_sh|E14|k2|top50,479,10,S,1.14,-19.86,51.6,47.6,0.52,-39.6,1.89,0.38,True,vol20_hi_sh,14:15,2,top50
atr_hi_sh|E10|k1|A,480,10,S,5.78,-32.22,50.0,122.7,1.03,-56.5,2.42,9.17,True,atr_hi_sh,10:15,1,A
atr_hi_sh|E10|k1|B,480,10,S,5.69,-15.31,51.7,123.6,1.01,-33.3,1.12,10.3,True,atr_hi_sh,10:15,1,B
atr_hi_sh|E10|k1|top100,480,10,S,6.93,-14.07,52.9,113.7,1.34,-31.0,4.6,9.27,True,atr_hi_sh,10:15,1,top100
atr_hi_sh|E10|k1|top50,480,10,S,3.1,-17.9,51.5,109.7,0.62,-37.3,1.68,4.53,True,atr_hi_sh,10:15,1,top50
atr_hi_sh|E11|k1|A,480,10,S,10.53,-27.47,55.2,104.0,2.22,-50.7,11.8,9.25,True,atr_hi_sh,11:15,1,A
atr_hi_sh|E11|k1|B,480,10,S,10.74,-10.26,55.2,106.3,2.21,-23.9,10.6,10.88,True,atr_hi_sh,11:15,1,B
atr_hi_sh|E11|k1|top100,480,10,S,9.27,-11.73,55.6,97.2,2.09,-26.5,11.24,7.29,True,atr_hi_sh,11:15,1,top100
atr_hi_sh|E11|k1|top50,480,10,S,5.29,-15.71,54.0,92.8,1.25,-33.4,6.96,3.61,True,atr_hi_sh,11:15,1,top50
atr_hi_sh|E11|k2|A,480,10,S,10.53,-27.47,55.2,104.0,2.22,-50.7,11.8,9.25,True,atr_hi_sh,11:15,2,A
atr_hi_sh|E11|k2|B,480,10,S,10.74,-10.26,55.2,106.3,2.21,-23.9,10.6,10.88,True,atr_hi_sh,11:15,2,B
atr_hi_sh|E11|k2|top100,480,10,S,9.27,-11.73,55.6,97.2,2.09,-26.5,11.24,7.29,True,atr_hi_sh,11:15,2,top100
atr_hi_sh|E11|k2|top50,480,10,S,5.29,-15.71,54.0,92.8,1.25,-33.4,6.96,3.61,True,atr_hi_sh,11:15,2,top50
atr_hi_sh|E12|k1|A,480,10,S,11.44,-26.56,56.9,84.8,2.95,-49.3,12.23,10.63,True,atr_hi_sh,12:15,1,A
atr_hi_sh|E12|k1|B,480,10,S,10.75,-10.25,55.0,85.6,2.75,-23.5,10.63,10.87,True,atr_hi_sh,12:15,1,B
atr_hi_sh|E12|k1|top100,480,10,S,9.98,-11.02,56.5,78.5,2.79,-24.8,9.79,10.18,True,atr_hi_sh,12:15,1,top100
atr_hi_sh|E12|k1|top50,480,10,S,5.2,-15.8,51.7,74.2,1.53,-33.3,5.45,4.94,True,atr_hi_sh,12:15,1,top50
atr_hi_sh|E12|k2|A,480,10,S,11.44,-26.56,56.9,84.8,2.95,-49.3,12.23,10.63,True,atr_hi_sh,12:15,2,A
atr_hi_sh|E12|k2|B,480,10,S,10.75,-10.25,55.0,85.6,2.75,-23.5,10.63,10.87,True,atr_hi_sh,12:15,2,B
atr_hi_sh|E12|k2|top100,480,10,S,9.98,-11.02,56.5,78.5,2.79,-24.8,9.79,10.18,True,atr_hi_sh,12:15,2,top100
atr_hi_sh|E12|k2|top50,480,10,S,5.2,-15.8,51.7,74.2,1.53,-33.3,5.45,4.94,True,atr_hi_sh,12:15,2,top50
atr_hi_sh|E13|k1|A,480,10,S,9.1,-28.9,56.0,73.5,2.71,-52.1,13.96,4.2,True,atr_hi_sh,13:15,1,A
atr_hi_sh|E13|k1|B,480,10,S,8.39,-12.61,55.2,73.0,2.52,-27.7,12.19,4.56,True,atr_hi_sh,13:15,1,B
atr_hi_sh|E13|k1|top100,480,10,S,8.05,-12.95,57.3,67.6,2.61,-28.3,10.53,5.55,True,atr_hi_sh,13:15,1,top100
atr_hi_sh|E13|k1|top50,480,10,S,3.88,-17.12,52.1,64.3,1.32,-35.4,7.35,0.39,True,atr_hi_sh,13:15,1,top50
atr_hi_sh|E13|k2|A,480,10,S,9.1,-28.9,56.0,73.5,2.71,-52.1,13.96,4.2,True,atr_hi_sh,13:15,2,A
atr_hi_sh|E13|k2|B,480,10,S,8.39,-12.61,55.2,73.0,2.52,-27.7,12.19,4.56,True,atr_hi_sh,13:15,2,B
atr_hi_sh|E13|k2|top100,480,10,S,8.05,-12.95,57.3,67.6,2.61,-28.3,10.53,5.55,True,atr_hi_sh,13:15,2,top100
atr_hi_sh|E13|k2|top50,480,10,S,3.88,-17.12,52.1,64.3,1.32,-35.4,7.35,0.39,True,atr_hi_sh,13:15,2,top50
atr_hi_sh|E14|k1|A,480,10,S,3.8,-34.2,53.8,55.0,1.51,-58.0,5.89,1.69,True,atr_hi_sh,14:15,1,A
atr_hi_sh|E14|k1|B,480,10,S,3.3,-17.7,54.2,54.7,1.32,-36.3,4.83,1.75,True,atr_hi_sh,14:15,1,B
atr_hi_sh|E14|k1|top100,480,10,S,2.54,-18.46,53.3,51.4,1.08,-37.4,2.01,3.07,True,atr_hi_sh,14:15,1,top100
atr_hi_sh|E14|k1|top50,480,10,S,1.3,-19.7,52.7,48.8,0.58,-39.3,1.96,0.64,True,atr_hi_sh,14:15,1,top50
atr_hi_sh|E14|k2|A,480,10,S,3.8,-34.2,53.8,55.0,1.51,-58.0,5.89,1.69,True,atr_hi_sh,14:15,2,A
atr_hi_sh|E14|k2|B,480,10,S,3.3,-17.7,54.2,54.7,1.32,-36.3,4.83,1.75,True,atr_hi_sh,14:15,2,B
atr_hi_sh|E14|k2|top100,480,10,S,2.54,-18.46,53.3,51.4,1.08,-37.4,2.01,3.07,True,atr_hi_sh,14:15,2,top100
atr_hi_sh|E14|k2|top50,480,10,S,1.3,-19.7,52.7,48.8,0.58,-39.3,1.96,0.64,True,atr_hi_sh,14:15,2,top50
orb_wideOR|E11|k1|A,424,10,L,4.88,-33.12,52.4,88.9,1.13,-57.1,0.34,9.47,True,orb_wideOR,11:15,1,A
orb_wideOR|E11|k1|B,422,10,L,7.34,-13.66,53.8,85.9,1.76,-29.8,3.14,11.59,True,orb_wideOR,11:15,1,B
orb_wideOR|E11|k1|top100,262,10,L,4.79,-16.21,50.8,72.0,1.08,-34.0,2.19,7.43,True,orb_wideOR,11:15,1,top100
orb_wideOR|E11|k1|top50,135,10,L,9.53,-11.47,51.1,83.7,1.32,-25.8,10.51,8.54,True,orb_wideOR,11:15,1,top50
orb_wideOR|E12|k1|A,438,10,L,5.84,-32.16,54.6,76.6,1.6,-55.9,2.05,9.67,True,orb_wideOR,12:15,1,A
orb_wideOR|E12|k1|B,437,10,L,8.22,-12.78,57.2,74.4,2.31,-28.1,5.61,10.84,True,orb_wideOR,12:15,1,B
orb_wideOR|E12|k1|top100,299,10,L,4.26,-16.74,54.5,63.9,1.15,-34.8,-2.26,10.83,False,orb_wideOR,12:15,1,top100
orb_wideOR|E12|k1|top50,177,10,L,5.3,-15.7,53.1,66.3,1.06,-33.1,0.98,9.67,True,orb_wideOR,12:15,1,top50
orb_wideOR|E12|k2|A,401,10,L,4.41,-33.59,53.6,78.4,1.13,-57.5,0.97,7.87,True,orb_wideOR,12:15,2,A
orb_wideOR|E12|k2|B,396,10,L,6.32,-14.68,54.0,77.9,1.62,-31.5,1.17,11.52,True,orb_wideOR,12:15,2,B
orb_wideOR|E12|k2|top100,210,10,L,5.94,-15.06,51.0,67.6,1.27,-32.0,6.88,4.98,True,orb_wideOR,12:15,2,top100
orb_wideOR|E13|k1|A,447,10,L,4.86,-33.14,55.5,57.0,1.8,-56.9,0.09,9.64,True,orb_wideOR,13:15,1,A
orb_wideOR|E13|k1|B,445,10,L,5.85,-15.15,56.9,57.8,2.14,-32.0,0.94,10.79,True,orb_wideOR,13:15,1,B
orb_wideOR|E13|k1|top100,328,10,L,0.92,-20.08,50.3,52.2,0.32,-39.9,-1.53,3.41,False,orb_wideOR,13:15,1,top100
orb_wideOR|E13|k1|top50,190,10,L,6.96,-14.04,54.2,51.2,1.87,-30.0,2.96,11.05,True,orb_wideOR,13:15,1,top50
orb_wideOR|E13|k2|A,424,10,L,7.12,-30.88,56.4,63.2,2.32,-54.4,2.0,12.3,True,orb_wideOR,13:15,2,A
orb_wideOR|E13|k2|B,421,10,L,8.38,-12.62,56.8,63.2,2.72,-27.6,2.43,14.36,True,orb_wideOR,13:15,2,B
orb_wideOR|E13|k2|top100,261,10,L,0.47,-20.53,55.6,54.8,0.14,-40.6,-1.68,2.64,False,orb_wideOR,13:15,2,top100
orb_wideOR|E13|k2|top50,134,10,L,7.72,-13.28,53.7,51.3,1.74,-28.7,1.74,13.88,True,orb_wideOR,13:15,2,top50
orb_wideOR|E14|k1|A,444,10,L,5.44,-32.56,55.4,43.6,2.63,-56.1,5.68,5.2,True,orb_wideOR,14:15,1,A
orb_wideOR|E14|k1|B,443,10,L,6.68,-14.32,56.9,42.5,3.31,-30.5,6.46,6.9,True,orb_wideOR,14:15,1,B
orb_wideOR|E14|k1|top100,327,10,L,5.84,-15.16,56.6,36.8,2.87,-31.9,4.08,7.6,True,orb_wideOR,14:15,1,top100
orb_wideOR|E14|k1|top50,198,10,L,5.37,-15.63,58.6,36.6,2.06,-32.7,4.52,6.24,True,orb_wideOR,14:15,1,top50
orb_wideOR|E14|k2|A,424,10,L,5.54,-32.46,55.4,46.5,2.45,-56.0,4.86,6.23,True,orb_wideOR,14:15,2,A
orb_wideOR|E14|k2|B,422,10,L,6.6,-14.4,57.3,45.5,2.98,-30.6,4.43,8.79,True,orb_wideOR,14:15,2,B
orb_wideOR|E14|k2|top100,270,10,L,6.62,-14.38,57.4,39.5,2.75,-30.6,6.48,6.76,True,orb_wideOR,14:15,2,top100
orb_wideOR|E14|k2|top50,144,10,L,8.13,-12.87,61.8,40.0,2.44,-27.9,1.74,14.71,True,orb_wideOR,14:15,2,top50
orb_gapup|E11|k1|A,372,10,L,10.43,-27.57,54.6,90.8,2.22,-50.6,5.4,15.52,True,orb_gapup,11:15,1,A
orb_gapup|E11|k1|B,363,10,L,7.09,-13.91,53.7,87.5,1.54,-30.3,1.81,12.4,True,orb_gapup,11:15,1,B
orb_gapup|E11|k1|top100,187,10,L,6.98,-14.02,57.8,73.3,1.3,-30.3,7.73,6.23,True,orb_gapup,11:15,1,top100
orb_gapup|E12|k1|A,396,10,L,6.67,-31.33,48.7,79.3,1.67,-55.0,6.24,7.1,True,orb_gapup,12:15,1,A
orb_gapup|E12|k1|B,387,10,L,7.51,-13.49,49.1,77.0,1.92,-29.4,8.67,6.35,True,orb_gapup,12:15,1,B
orb_gapup|E12|k1|top100,217,10,L,5.74,-15.26,53.5,67.4,1.25,-32.3,4.32,7.17,True,orb_gapup,12:15,1,top100
orb_gapup|E12|k1|top50,133,10,L,9.89,-11.11,54.1,68.4,1.67,-24.9,6.23,13.61,True,orb_gapup,12:15,1,top50
orb_gapup|E12|k2|A,327,10,L,4.91,-33.09,54.4,74.0,1.2,-56.9,3.54,6.3,True,orb_gapup,12:15,2,A
orb_gapup|E12|k2|B,323,10,L,6.01,-14.99,56.0,72.3,1.49,-31.9,3.35,8.69,True,orb_gapup,12:15,2,B
orb_gapup|E12|k2|top100,151,10,L,5.5,-15.5,50.3,70.7,0.96,-32.8,2.39,8.66,True,orb_gapup,12:15,2,top100
orb_gapup|E13|k1|A,407,10,L,4.48,-33.52,52.1,61.5,1.47,-57.3,5.03,3.94,True,orb_gapup,13:15,1,A
orb_gapup|E13|k1|B,398,10,L,5.11,-15.89,54.5,60.8,1.68,-33.3,4.11,6.12,True,orb_gapup,13:15,1,B
orb_gapup|E13|k1|top100,243,10,L,2.2,-18.8,53.9,56.0,0.61,-38.0,0.72,3.69,True,orb_gapup,13:15,1,top100
orb_gapup|E13|k1|top50,147,10,L,8.28,-12.72,56.5,58.9,1.7,-27.8,3.66,12.97,True,orb_gapup,13:15,1,top50
orb_gapup|E13|k2|A,366,10,L,7.51,-30.49,54.4,64.2,2.24,-53.9,4.96,10.08,True,orb_gapup,13:15,2,A
orb_gapup|E13|k2|B,361,10,L,8.48,-12.52,55.1,64.0,2.52,-27.4,5.13,11.85,True,orb_gapup,13:15,2,B
orb_gapup|E13|k2|top100,171,10,L,6.49,-14.51,56.7,52.2,1.63,-30.9,4.86,8.14,True,orb_gapup,13:15,2,top100
orb_gapup|E14|k1|A,411,10,L,7.69,-30.31,55.2,47.1,3.31,-53.6,8.9,6.47,True,orb_gapup,14:15,1,A
orb_gapup|E14|k1|B,400,10,L,8.33,-12.67,57.5,47.6,3.5,-27.6,8.33,8.34,True,orb_gapup,14:15,1,B
orb_gapup|E14|k1|top100,235,10,L,4.76,-16.24,55.3,43.7,1.67,-33.8,5.32,4.19,True,orb_gapup,14:15,1,top100
orb_gapup|E14|k1|top50,152,10,L,8.46,-12.54,58.6,45.8,2.28,-27.3,8.19,8.73,True,orb_gapup,14:15,1,top50
orb_gapup|E14|k2|A,380,10,L,8.06,-29.94,58.4,49.2,3.2,-53.2,8.18,7.94,True,orb_gapup,14:15,2,A
orb_gapup|E14|k2|B,374,10,L,8.93,-12.07,59.6,49.0,3.53,-26.5,8.33,9.53,True,orb_gapup,14:15,2,B
orb_gapup|E14|k2|top100,184,10,L,7.09,-13.91,52.7,41.9,2.3,-29.7,9.35,4.78,True,orb_gapup,14:15,2,top100
orbT_up|E10|k1|A,129,10,L,-6.25,-44.25,46.5,97.9,-0.73,-67.7,-7.71,-4.77,True,orbT_up,10:15,1,A
orbT_up|E10|k1|B,123,10,L,-9.95,-30.95,46.3,90.7,-1.22,-54.7,-6.1,-13.86,True,orbT_up,10:15,1,B
orbT_up|E11|k1|A,476,10,L,-1.57,-39.57,53.4,76.1,-0.45,-63.4,-4.73,1.63,False,orbT_up,11:15,1,A
orbT_up|E11|k1|B,475,10,L,-0.42,-21.42,53.5,75.1,-0.12,-42.2,-3.2,2.38,False,orbT_up,11:15,1,B
orbT_up|E11|k1|top100,442,10,L,-1.14,-22.14,51.8,65.3,-0.37,-43.1,-6.96,4.74,False,orbT_up,11:15,1,top100
orbT_up|E11|k1|top50,374,10,L,-1.01,-22.01,49.7,62.5,-0.31,-42.9,-1.46,-0.56,True,orbT_up,11:15,1,top50
orbT_up|E12|k1|A,479,10,L,0.68,-37.32,50.3,70.0,0.21,-61.3,-3.02,4.38,False,orbT_up,12:15,1,A
orbT_up|E12|k1|B,479,10,L,0.79,-20.21,52.0,69.2,0.25,-40.3,-3.62,5.22,False,orbT_up,12:15,1,B
orbT_up|E12|k1|top100,461,10,L,-1.76,-22.76,51.0,55.2,-0.68,-43.9,-5.14,1.64,False,orbT_up,12:15,1,top100
orbT_up|E12|k1|top50,422,10,L,3.17,-17.83,51.7,54.4,1.2,-36.5,0.13,6.24,True,orbT_up,12:15,1,top50
orbT_up|E12|k2|A,473,10,L,-0.77,-38.77,51.6,66.2,-0.25,-62.6,-1.55,0.0,False,orbT_up,12:15,2,A
orbT_up|E12|k2|B,472,10,L,-1.01,-22.01,51.7,65.3,-0.34,-42.9,-0.28,-1.75,True,orbT_up,12:15,2,B
orbT_up|E12|k2|top100,422,10,L,-4.54,-25.54,46.4,58.5,-1.6,-47.7,-8.06,-0.98,True,orbT_up,12:15,2,top100
orbT_up|E12|k2|top50,331,10,L,1.9,-19.1,52.0,58.2,0.59,-38.5,-1.94,5.78,False,orbT_up,12:15,2,top50
orbT_up|E13|k1|A,477,10,L,1.2,-36.8,54.1,57.6,0.46,-60.7,-1.92,4.34,False,orbT_up,13:15,1,A
orbT_up|E13|k1|B,477,10,L,0.69,-20.31,53.0,55.8,0.27,-40.3,-2.51,3.91,False,orbT_up,13:15,1,B
orbT_up|E13|k1|top100,462,10,L,-1.63,-22.63,49.6,47.1,-0.75,-43.7,-6.24,3.02,False,orbT_up,13:15,1,top100
orbT_up|E13|k1|top50,430,10,L,1.42,-19.58,51.6,48.2,0.61,-39.1,-0.57,3.44,False,orbT_up,13:15,1,top50
orbT_up|E13|k2|A,473,10,L,1.21,-36.79,50.3,56.7,0.47,-60.7,-0.45,2.88,False,orbT_up,13:15,2,A
orbT_up|E13|k2|B,472,10,L,1.47,-19.53,51.1,56.2,0.57,-39.1,-0.51,3.47,False,orbT_up,13:15,2,B
orbT_up|E13|k2|top100,438,10,L,0.1,-20.9,51.6,47.0,0.05,-41.1,-4.72,4.97,False,orbT_up,13:15,2,top100
orbT_up|E13|k2|top50,382,10,L,1.91,-19.09,52.1,48.2,0.77,-38.4,-1.54,5.39,False,orbT_up,13:15,2,top50
orbT_up|E14|k1|A,479,10,L,2.36,-35.64,53.9,40.7,1.27,-59.4,2.2,2.51,True,orbT_up,14:15,1,A
orbT_up|E14|k1|B,479,10,L,2.45,-18.55,54.7,39.3,1.37,-37.5,2.04,2.87,True,orbT_up,14:15,1,B
orbT_up|E14|k1|top100,464,10,L,0.51,-20.49,51.9,33.8,0.32,-40.5,-0.96,1.99,False,orbT_up,14:15,1,top100
orbT_up|E14|k1|top50,430,10,L,2.79,-18.21,54.9,35.4,1.63,-36.9,1.11,4.49,True,orbT_up,14:15,1,top50
orbT_up|E14|k2|A,476,10,L,1.56,-36.44,53.2,42.5,0.8,-60.2,1.7,1.42,True,orbT_up,14:15,2,A
orbT_up|E14|k2|B,476,10,L,2.45,-18.55,54.4,42.0,1.28,-37.5,2.69,2.22,True,orbT_up,14:15,2,B
orbT_up|E14|k2|top100,441,10,L,0.66,-20.34,53.3,34.1,0.41,-40.2,-0.65,1.97,False,orbT_up,14:15,2,top100
orbT_up|E14|k2|top50,396,10,L,3.0,-18.0,55.8,35.7,1.67,-36.6,1.55,4.47,True,orbT_up,14:15,2,top50
orb_up|E10|k1|A,480,10,L,-0.11,-38.11,50.2,70.4,-0.03,-62.0,-1.58,1.38,False,orb_up,10:15,1,A
orb_up|E10|k1|B,480,10,L,0.21,-20.79,50.4,71.7,0.06,-41.2,-0.03,0.45,False,orb_up,10:15,1,B
orb_up|E10|k1|top100,480,10,L,2.43,-18.57,50.6,74.4,0.71,-37.8,1.59,3.27,True,orb_up,10:15,1,top100
orb_up|E10|k1|top50,480,10,L,4.08,-16.92,50.8,74.1,1.21,-35.2,3.04,5.14,True,orb_up,10:15,1,top50
orb_up|E11|k1|A,480,10,L,-0.65,-38.65,53.3,75.6,-0.19,-62.6,-3.71,2.44,False,orb_up,11:15,1,A
orb_up|E11|k1|B,480,10,L,-0.08,-21.08,53.1,74.8,-0.02,-41.7,-2.96,2.83,False,orb_up,11:15,1,B
orb_up|E11|k1|top100,480,10,L,-1.5,-22.5,50.4,62.4,-0.53,-43.6,-6.86,3.91,False,orb_up,11:15,1,top100
orb_up|E11|k1|top50,480,10,L,0.52,-20.48,48.8,60.6,0.19,-40.6,-1.8,2.85,False,orb_up,11:15,1,top50
orb_up|E11|k2|A,480,10,L,-0.34,-38.34,53.3,66.9,-0.11,-62.2,-4.87,4.23,False,orb_up,11:15,2,A
orb_up|E11|k2|B,480,10,L,-0.3,-21.3,52.9,66.2,-0.1,-41.9,-3.98,3.41,False,orb_up,11:15,2,B
orb_up|E11|k2|top100,480,10,L,0.63,-20.37,53.8,63.0,0.22,-40.5,-3.71,5.02,False,orb_up,11:15,2,top100
orb_up|E11|k2|top50,480,10,L,1.58,-19.42,49.6,61.7,0.56,-39.0,0.68,2.49,True,orb_up,11:15,2,top50
orb_up|E12|k1|A,480,10,L,1.67,-36.33,50.4,68.4,0.54,-60.3,-1.72,5.09,False,orb_up,12:15,1,A
orb_up|E12|k1|B,480,10,L,1.76,-19.24,51.9,67.3,0.57,-38.8,-2.22,5.78,False,orb_up,12:15,1,B
orb_up|E12|k1|top100,480,10,L,-2.18,-23.18,49.0,54.5,-0.88,-44.5,-5.54,1.21,False,orb_up,12:15,1,top100
orb_up|E12|k1|top50,480,10,L,0.31,-20.69,49.6,52.1,0.13,-40.9,-2.34,2.98,False,orb_up,12:15,1,top50
orb_up|E12|k2|A,480,10,L,-0.61,-38.61,50.0,62.0,-0.22,-62.5,-1.15,-0.07,True,orb_up,12:15,2,A
orb_up|E12|k2|B,480,10,L,-1.26,-22.26,50.2,60.8,-0.45,-43.2,-0.97,-1.55,True,orb_up,12:15,2,B
orb_up|E12|k2|top100,480,10,L,-3.1,-24.1,46.2,54.8,-1.24,-45.8,-6.54,0.38,False,orb_up,12:15,2,top100
orb_up|E12|k2|top50,480,10,L,0.18,-20.82,48.5,52.8,0.08,-41.1,-2.96,3.35,False,orb_up,12:15,2,top50
orb_up|E13|k1|A,480,10,L,1.28,-36.72,53.5,56.9,0.49,-60.6,-1.67,4.26,False,orb_up,13:15,1,A
orb_up|E13|k1|B,480,10,L,0.7,-20.3,52.7,55.4,0.27,-40.3,-2.48,3.9,False,orb_up,13:15,1,B
orb_up|E13|k1|top100,480,10,L,-2.04,-23.04,50.0,45.3,-0.99,-44.2,-6.77,2.73,False,orb_up,13:15,1,top100
orb_up|E13|k1|top50,480,10,L,-1.46,-22.46,49.6,45.9,-0.7,-43.4,-4.36,1.46,False,orb_up,13:15,1,top50
orb_up|E13|k2|A,480,10,L,1.0,-37.0,49.8,55.1,0.4,-60.9,-1.41,3.43,False,orb_up,13:15,2,A
orb_up|E13|k2|B,480,10,L,0.81,-20.19,49.8,54.5,0.33,-40.1,-2.21,3.86,False,orb_up,13:15,2,B
orb_up|E13|k2|top100,480,10,L,-1.2,-22.2,50.6,46.5,-0.57,-43.0,-5.13,2.76,False,orb_up,13:15,2,top100
orb_up|E13|k2|top50,480,10,L,-1.06,-22.06,48.5,45.8,-0.51,-42.8,-4.57,2.48,False,orb_up,13:15,2,top50
orb_up|E14|k1|A,480,10,L,2.59,-35.41,53.5,39.8,1.43,-59.2,2.5,2.69,True,orb_up,14:15,1,A
orb_up|E14|k1|B,480,10,L,2.71,-18.29,54.4,38.5,1.54,-37.1,2.37,3.05,True,orb_up,14:15,1,B
orb_up|E14|k1|top100,480,10,L,0.83,-20.17,51.9,32.5,0.56,-40.0,-0.78,2.45,False,orb_up,14:15,1,top100
orb_up|E14|k1|top50,480,10,L,1.0,-20.0,52.5,31.2,0.7,-39.7,-1.62,3.65,False,orb_up,14:15,1,top50
orb_up|E14|k2|A,480,10,L,1.97,-36.03,52.7,41.2,1.05,-59.8,1.93,2.01,True,orb_up,14:15,2,A
orb_up|E14|k2|B,480,10,L,2.89,-18.11,54.0,40.5,1.56,-36.8,2.88,2.9,True,orb_up,14:15,2,B
orb_up|E14|k2|top100,480,10,L,0.26,-20.74,51.2,32.4,0.18,-40.8,-1.32,1.86,False,orb_up,14:15,2,top100
orb_up|E14|k2|top50,480,10,L,1.25,-19.75,52.1,31.8,0.86,-39.3,-1.31,3.83,False,orb_up,14:15,2,top50
fail_up_sh|E11|k1|A,477,10,S,3.35,-34.65,54.5,72.3,1.01,-58.6,7.91,-1.23,False,fail_up_sh,11:15,1,A
fail_up_sh|E11|k1|B,477,10,S,4.19,-16.81,54.7,69.7,1.31,-35.0,7.62,0.75,True,fail_up_sh,11:15,1,B
fail_up_sh|E11|k1|top100,467,10,S,1.96,-19.04,51.6,68.2,0.62,-38.5,2.97,0.94,True,fail_up_sh,11:15,1,top100
fail_up_sh|E11|k1|top50,413,10,S,-1.04,-22.04,49.6,69.0,-0.31,-43.0,2.34,-4.43,False,fail_up_sh,11:15,1,top50
fail_up_sh|E12|k1|A,479,10,S,3.36,-34.64,53.4,60.5,1.21,-58.5,5.48,1.23,True,fail_up_sh,12:15,1,A
fail_up_sh|E12|k1|B,479,10,S,3.24,-17.76,53.2,60.1,1.18,-36.4,4.08,2.39,True,fail_up_sh,12:15,1,B
fail_up_sh|E12|k1|top100,476,10,S,3.01,-17.99,53.2,55.1,1.19,-36.7,4.69,1.31,True,fail_up_sh,12:15,1,top100
fail_up_sh|E12|k1|top50,459,10,S,3.15,-17.85,53.4,54.9,1.23,-36.5,4.47,1.82,True,fail_up_sh,12:15,1,top50
fail_up_sh|E12|k2|A,476,10,S,-0.89,-38.89,48.1,64.6,-0.3,-62.7,1.46,-3.25,False,fail_up_sh,12:15,2,A
fail_up_sh|E12|k2|B,476,10,S,-1.05,-22.05,47.1,63.6,-0.36,-43.0,0.4,-2.52,False,fail_up_sh,12:15,2,B
fail_up_sh|E12|k2|top100,437,10,S,1.18,-19.82,50.1,60.4,0.41,-39.6,5.13,-2.79,False,fail_up_sh,12:15,2,top100
fail_up_sh|E12|k2|top50,360,10,S,0.89,-20.11,50.0,57.2,0.3,-40.0,3.59,-1.85,False,fail_up_sh,12:15,2,top50
fail_up_sh|E13|k1|A,480,10,S,0.96,-37.04,48.8,51.4,0.41,-60.9,2.23,-0.32,False,fail_up_sh,13:15,1,A
fail_up_sh|E13|k1|B,480,10,S,1.25,-19.75,50.2,50.8,0.54,-39.4,2.45,0.04,True,fail_up_sh,13:15,1,B
fail_up_sh|E13|k1|top100,478,10,S,0.87,-20.13,52.9,48.2,0.4,-40.0,2.12,-0.39,False,fail_up_sh,13:15,1,top100
fail_up_sh|E13|k1|top50,465,10,S,1.11,-19.89,52.3,47.5,0.51,-39.6,3.69,-1.47,False,fail_up_sh,13:15,1,top50
fail_up_sh|E13|k2|A,479,10,S,3.01,-34.99,52.0,51.6,1.28,-58.8,6.25,-0.25,False,fail_up_sh,13:15,2,A
fail_up_sh|E13|k2|B,479,10,S,2.33,-18.67,51.4,50.9,1.0,-37.8,4.48,0.16,True,fail_up_sh,13:15,2,B
fail_up_sh|E13|k2|top100,458,10,S,-0.24,-21.24,50.9,47.1,-0.11,-41.6,0.52,-1.0,False,fail_up_sh,13:15,2,top100
fail_up_sh|E13|k2|top50,408,10,S,-0.11,-21.11,50.7,47.8,-0.05,-41.5,1.0,-1.23,False,fail_up_sh,13:15,2,top50
fail_up_sh|E14|k1|A,480,10,S,-2.83,-40.83,48.5,37.2,-1.67,-64.4,-2.07,-3.6,True,fail_up_sh,14:15,1,A
fail_up_sh|E14|k1|B,480,10,S,-1.87,-22.87,48.8,37.2,-1.1,-43.9,-0.66,-3.09,True,fail_up_sh,14:15,1,B
fail_up_sh|E14|k1|top100,477,10,S,-0.33,-21.33,45.9,32.4,-0.22,-41.7,0.18,-0.85,False,fail_up_sh,14:15,1,top100
fail_up_sh|E14|k1|top50,468,10,S,0.9,-20.1,50.2,36.0,0.54,-39.9,2.37,-0.58,False,fail_up_sh,14:15,1,top50
fail_up_sh|E14|k2|A,479,10,S,-1.19,-39.19,48.2,36.7,-0.71,-62.9,0.19,-2.58,False,fail_up_sh,14:15,2,A
fail_up_sh|E14|k2|B,479,10,S,-1.27,-22.27,48.2,36.5,-0.76,-43.1,-0.39,-2.14,True,fail_up_sh,14:15,2,B
fail_up_sh|E14|k2|top100,467,10,S,-1.35,-22.35,48.0,34.0,-0.86,-43.2,0.37,-3.08,False,fail_up_sh,14:15,2,top100
fail_up_sh|E14|k2|top50,434,10,S,-2.0,-23.0,48.6,37.9,-1.1,-44.1,-0.44,-3.58,True,fail_up_sh,14:15,2,top50
pos_in_or|E10|k1|A,480,10,L,-0.11,-38.11,50.2,70.4,-0.03,-62.0,-1.58,1.38,False,pos_in_or,10:15,1,A
pos_in_or|E10|k1|B,480,10,L,0.21,-20.79,50.4,71.7,0.06,-41.2,-0.03,0.45,False,pos_in_or,10:15,1,B
pos_in_or|E10|k1|top100,480,10,L,2.43,-18.57,50.6,74.4,0.71,-37.8,1.59,3.27,True,pos_in_or,10:15,1,top100
pos_in_or|E10|k1|top50,480,10,L,4.08,-16.92,50.8,74.1,1.21,-35.2,3.04,5.14,True,pos_in_or,10:15,1,top50
pos_in_or|E11|k1|A,480,10,L,-0.65,-38.65,53.3,75.6,-0.19,-62.6,-3.71,2.44,False,pos_in_or,11:15,1,A
pos_in_or|E11|k1|B,480,10,L,-0.08,-21.08,53.1,74.8,-0.02,-41.7,-2.96,2.83,False,pos_in_or,11:15,1,B
pos_in_or|E11|k1|top100,480,10,L,-1.5,-22.5,50.4,62.4,-0.53,-43.6,-6.86,3.91,False,pos_in_or,11:15,1,top100
pos_in_or|E11|k1|top50,480,10,L,0.52,-20.48,48.8,60.6,0.19,-40.6,-1.8,2.85,False,pos_in_or,11:15,1,top50
pos_in_or|E11|k2|A,480,10,L,-0.34,-38.34,53.3,66.9,-0.11,-62.2,-4.87,4.23,False,pos_in_or,11:15,2,A
pos_in_or|E11|k2|B,480,10,L,-0.3,-21.3,52.9,66.2,-0.1,-41.9,-3.98,3.41,False,pos_in_or,11:15,2,B
pos_in_or|E11|k2|top100,480,10,L,0.63,-20.37,53.8,63.0,0.22,-40.5,-3.71,5.02,False,pos_in_or,11:15,2,top100
pos_in_or|E11|k2|top50,480,10,L,1.58,-19.42,49.6,61.7,0.56,-39.0,0.68,2.49,True,pos_in_or,11:15,2,top50
pos_in_or|E12|k1|A,480,10,L,1.67,-36.33,50.4,68.4,0.54,-60.3,-1.72,5.09,False,pos_in_or,12:15,1,A
pos_in_or|E12|k1|B,480,10,L,1.76,-19.24,51.9,67.3,0.57,-38.8,-2.22,5.78,False,pos_in_or,12:15,1,B
pos_in_or|E12|k1|top100,480,10,L,-2.18,-23.18,49.0,54.5,-0.88,-44.5,-5.54,1.21,False,pos_in_or,12:15,1,top100
pos_in_or|E12|k1|top50,480,10,L,0.31,-20.69,49.6,52.1,0.13,-40.9,-2.34,2.98,False,pos_in_or,12:15,1,top50
pos_in_or|E12|k2|A,480,10,L,-0.61,-38.61,50.0,62.0,-0.22,-62.5,-1.15,-0.07,True,pos_in_or,12:15,2,A
pos_in_or|E12|k2|B,480,10,L,-1.26,-22.26,50.2,60.8,-0.45,-43.2,-0.97,-1.55,True,pos_in_or,12:15,2,B
pos_in_or|E12|k2|top100,480,10,L,-3.1,-24.1,46.2,54.8,-1.24,-45.8,-6.54,0.38,False,pos_in_or,12:15,2,top100
pos_in_or|E12|k2|top50,480,10,L,0.18,-20.82,48.5,52.8,0.08,-41.1,-2.96,3.35,False,pos_in_or,12:15,2,top50
pos_in_or|E13|k1|A,480,10,L,1.28,-36.72,53.5,56.9,0.49,-60.6,-1.67,4.26,False,pos_in_or,13:15,1,A
pos_in_or|E13|k1|B,480,10,L,0.7,-20.3,52.7,55.4,0.27,-40.3,-2.48,3.9,False,pos_in_or,13:15,1,B
pos_in_or|E13|k1|top100,480,10,L,-2.04,-23.04,50.0,45.3,-0.99,-44.2,-6.77,2.73,False,pos_in_or,13:15,1,top100
pos_in_or|E13|k1|top50,480,10,L,-1.46,-22.46,49.6,45.9,-0.7,-43.4,-4.36,1.46,False,pos_in_or,13:15,1,top50
pos_in_or|E13|k2|A,480,10,L,1.0,-37.0,49.8,55.1,0.4,-60.9,-1.41,3.43,False,pos_in_or,13:15,2,A
pos_in_or|E13|k2|B,480,10,L,0.81,-20.19,49.8,54.5,0.33,-40.1,-2.21,3.86,False,pos_in_or,13:15,2,B
pos_in_or|E13|k2|top100,480,10,L,-1.2,-22.2,50.6,46.5,-0.57,-43.0,-5.13,2.76,False,pos_in_or,13:15,2,top100
pos_in_or|E13|k2|top50,480,10,L,-1.06,-22.06,48.5,45.8,-0.51,-42.8,-4.57,2.48,False,pos_in_or,13:15,2,top50
pos_in_or|E14|k1|A,480,10,L,2.59,-35.41,53.5,39.8,1.43,-59.2,2.5,2.69,True,pos_in_or,14:15,1,A
pos_in_or|E14|k1|B,480,10,L,2.71,-18.29,54.4,38.5,1.54,-37.1,2.37,3.05,True,pos_in_or,14:15,1,B
pos_in_or|E14|k1|top100,480,10,L,0.83,-20.17,51.9,32.5,0.56,-40.0,-0.78,2.45,False,pos_in_or,14:15,1,top100
pos_in_or|E14|k1|top50,480,10,L,1.0,-20.0,52.5,31.2,0.7,-39.7,-1.62,3.65,False,pos_in_or,14:15,1,top50
pos_in_or|E14|k2|A,480,10,L,1.97,-36.03,52.7,41.2,1.05,-59.8,1.93,2.01,True,pos_in_or,14:15,2,A
pos_in_or|E14|k2|B,480,10,L,2.89,-18.11,54.0,40.5,1.56,-36.8,2.88,2.9,True,pos_in_or,14:15,2,B
pos_in_or|E14|k2|top100,480,10,L,0.26,-20.74,51.2,32.4,0.18,-40.8,-1.32,1.86,False,pos_in_or,14:15,2,top100
pos_in_or|E14|k2|top50,480,10,L,1.25,-19.75,52.1,31.8,0.86,-39.3,-1.31,3.83,False,pos_in_or,14:15,2,top50
rvol_hi_sh|E11|k1|A,480,10,S,2.31,-35.69,51.5,94.8,0.54,-59.8,1.98,2.66,True,rvol_hi_sh,11:15,1,A
rvol_hi_sh|E11|k1|B,480,10,S,3.69,-17.31,50.8,89.9,0.9,-36.0,2.6,4.78,True,rvol_hi_sh,11:15,1,B
rvol_hi_sh|E11|k1|top100,480,10,S,1.13,-19.87,50.8,76.8,0.32,-39.9,5.91,-3.7,False,rvol_hi_sh,11:15,1,top100
rvol_hi_sh|E11|k1|top50,480,10,S,2.98,-18.02,54.2,66.9,0.97,-36.9,4.31,1.63,True,rvol_hi_sh,11:15,1,top50
rvol_hi_sh|E11|k2|A,480,10,S,2.31,-35.69,51.5,94.8,0.54,-59.8,1.98,2.66,True,rvol_hi_sh,11:15,2,A
rvol_hi_sh|E11|k2|B,480,10,S,3.69,-17.31,50.8,89.9,0.9,-36.0,2.6,4.78,True,rvol_hi_sh,11:15,2,B
rvol_hi_sh|E11|k2|top100,480,10,S,1.13,-19.87,50.8,76.8,0.32,-39.9,5.91,-3.7,False,rvol_hi_sh,11:15,2,top100
rvol_hi_sh|E11|k2|top50,480,10,S,2.98,-18.02,54.2,66.9,0.97,-36.9,4.31,1.63,True,rvol_hi_sh,11:15,2,top50
rvol_hi_sh|E12|k1|A,480,10,S,5.2,-32.8,55.8,79.4,1.44,-56.6,5.68,4.73,True,rvol_hi_sh,12:15,1,A
rvol_hi_sh|E12|k1|B,480,10,S,4.94,-16.06,53.5,76.2,1.42,-33.8,4.82,5.07,True,rvol_hi_sh,12:15,1,B
rvol_hi_sh|E12|k1|top100,480,10,S,2.06,-18.94,49.2,61.3,0.74,-38.3,3.43,0.68,True,rvol_hi_sh,12:15,1,top100
rvol_hi_sh|E12|k1|top50,480,10,S,2.31,-18.69,51.5,56.5,0.9,-37.8,4.02,0.6,True,rvol_hi_sh,12:15,1,top50
rvol_hi_sh|E12|k2|A,480,10,S,5.2,-32.8,55.8,79.4,1.44,-56.6,5.68,4.73,True,rvol_hi_sh,12:15,2,A
rvol_hi_sh|E12|k2|B,480,10,S,4.94,-16.06,53.5,76.2,1.42,-33.8,4.82,5.07,True,rvol_hi_sh,12:15,2,B
rvol_hi_sh|E12|k2|top100,480,10,S,2.06,-18.94,49.2,61.3,0.74,-38.3,3.43,0.68,True,rvol_hi_sh,12:15,2,top100
rvol_hi_sh|E12|k2|top50,480,10,S,2.31,-18.69,51.5,56.5,0.9,-37.8,4.02,0.6,True,rvol_hi_sh,12:15,2,top50
rvol_hi_sh|E13|k1|A,480,10,S,6.7,-31.3,55.4,64.1,2.29,-54.9,7.63,5.75,True,rvol_hi_sh,13:15,1,A
rvol_hi_sh|E13|k1|B,480,10,S,6.72,-14.28,53.5,61.3,2.4,-30.6,8.2,5.22,True,rvol_hi_sh,13:15,1,B
rvol_hi_sh|E13|k1|top100,480,10,S,3.66,-17.34,54.2,51.4,1.56,-35.6,7.35,-0.07,False,rvol_hi_sh,13:15,1,top100
rvol_hi_sh|E13|k1|top50,480,10,S,1.98,-19.02,53.8,49.0,0.88,-38.3,4.9,-0.97,False,rvol_hi_sh,13:15,1,top50
rvol_hi_sh|E13|k2|A,480,10,S,6.7,-31.3,55.4,64.1,2.29,-54.9,7.63,5.75,True,rvol_hi_sh,13:15,2,A
rvol_hi_sh|E13|k2|B,480,10,S,6.72,-14.28,53.5,61.3,2.4,-30.6,8.2,5.22,True,rvol_hi_sh,13:15,2,B
rvol_hi_sh|E13|k2|top100,480,10,S,3.66,-17.34,54.2,51.4,1.56,-35.6,7.35,-0.07,False,rvol_hi_sh,13:15,2,top100
rvol_hi_sh|E13|k2|top50,480,10,S,1.98,-19.02,53.8,49.0,0.88,-38.3,4.9,-0.97,False,rvol_hi_sh,13:15,2,top50
rvol_hi_sh|E14|k1|A,480,10,S,1.21,-36.79,51.2,51.1,0.52,-60.6,2.05,0.37,True,rvol_hi_sh,14:15,1,A
rvol_hi_sh|E14|k1|B,480,10,S,-0.67,-21.67,50.6,50.5,-0.29,-42.3,0.2,-1.54,False,rvol_hi_sh,14:15,1,B
rvol_hi_sh|E14|k1|top100,480,10,S,1.2,-19.8,50.8,38.5,0.69,-39.4,2.07,0.33,True,rvol_hi_sh,14:15,1,top100
rvol_hi_sh|E14|k1|top50,480,10,S,-0.73,-21.73,50.2,36.3,-0.44,-42.3,0.44,-1.9,False,rvol_hi_sh,14:15,1,top50
rvol_hi_sh|E14|k2|A,480,10,S,1.21,-36.79,51.2,51.1,0.52,-60.6,2.05,0.37,True,rvol_hi_sh,14:15,2,A
rvol_hi_sh|E14|k2|B,480,10,S,-0.67,-21.67,50.6,50.5,-0.29,-42.3,0.2,-1.54,False,rvol_hi_sh,14:15,2,B
rvol_hi_sh|E14|k2|top100,480,10,S,1.2,-19.8,50.8,38.5,0.69,-39.4,2.07,0.33,True,rvol_hi_sh,14:15,2,top100
rvol_hi_sh|E14|k2|top50,480,10,S,-0.73,-21.73,50.2,36.3,-0.44,-42.3,0.44,-1.9,False,rvol_hi_sh,14:15,2,top50
orb_narrowOR|E11|k1|A,461,10,L,-1.6,-39.6,50.8,71.2,-0.48,-63.4,-3.94,0.74,False,orb_narrowOR,11:15,1,A
orb_narrowOR|E11|k1|B,459,10,L,-0.85,-21.85,50.5,72.1,-0.25,-42.8,-3.24,1.55,False,orb_narrowOR,11:15,1,B
orb_narrowOR|E11|k1|top100,315,10,L,-3.0,-24.0,52.4,62.6,-0.85,-45.7,-1.93,-4.08,True,orb_narrowOR,11:15,1,top100
orb_narrowOR|E11|k1|top50,190,10,L,-0.98,-21.98,56.8,62.0,-0.22,-42.8,4.58,-6.67,False,orb_narrowOR,11:15,1,top50
orb_narrowOR|E12|k1|A,469,10,L,0.14,-37.86,53.5,60.2,0.05,-61.7,-0.95,1.23,False,orb_narrowOR,12:15,1,A
orb_narrowOR|E12|k1|B,466,10,L,-0.69,-21.69,53.9,59.9,-0.25,-42.4,-1.66,0.29,False,orb_narrowOR,12:15,1,B
orb_narrowOR|E12|k1|top100,382,10,L,-0.92,-21.92,52.4,58.7,-0.31,-42.7,0.01,-1.85,False,orb_narrowOR,12:15,1,top100
orb_narrowOR|E12|k1|top50,260,10,L,6.51,-14.49,55.8,64.8,1.62,-31.0,4.24,8.81,True,orb_narrowOR,12:15,1,top50
orb_narrowOR|E12|k2|A,443,10,L,-1.21,-39.21,50.3,59.5,-0.43,-63.0,-0.71,-1.71,True,orb_narrowOR,12:15,2,A
orb_narrowOR|E12|k2|B,440,10,L,-1.7,-22.7,51.6,60.1,-0.59,-43.9,-0.89,-2.52,True,orb_narrowOR,12:15,2,B
orb_narrowOR|E12|k2|top100,263,10,L,0.54,-20.46,47.5,65.5,0.13,-40.6,-3.58,4.69,False,orb_narrowOR,12:15,2,top100
orb_narrowOR|E12|k2|top50,132,10,L,3.88,-17.12,52.3,57.6,0.77,-35.3,-3.94,11.94,False,orb_narrowOR,12:15,2,top50
orb_narrowOR|E13|k1|A,469,10,L,1.1,-36.9,53.3,52.8,0.45,-60.8,0.83,1.37,True,orb_narrowOR,13:15,1,A
orb_narrowOR|E13|k1|B,466,10,L,1.04,-19.96,53.2,51.9,0.43,-39.8,0.24,1.85,True,orb_narrowOR,13:15,1,B
orb_narrowOR|E13|k1|top100,396,10,L,0.53,-20.47,50.8,44.5,0.24,-40.5,-1.31,2.39,False,orb_narrowOR,13:15,1,top100
orb_narrowOR|E13|k1|top50,275,10,L,2.99,-18.01,51.3,53.7,0.92,-36.7,2.48,3.5,True,orb_narrowOR,13:15,1,top50
orb_narrowOR|E13|k2|A,457,10,L,0.44,-37.56,52.1,53.0,0.18,-61.4,0.71,0.17,True,orb_narrowOR,13:15,2,A
orb_narrowOR|E13|k2|B,453,10,L,0.17,-20.83,51.4,53.3,0.07,-41.1,0.07,0.28,True,orb_narrowOR,13:15,2,B
orb_narrowOR|E13|k2|top100,335,10,L,-0.53,-21.53,48.7,47.3,-0.21,-42.1,-4.73,3.69,False,orb_narrowOR,13:15,2,top100
orb_narrowOR|E13|k2|top50,192,10,L,2.78,-18.22,51.6,55.8,0.69,-37.1,-0.61,6.24,False,orb_narrowOR,13:15,2,top50
orb_narrowOR|E14|k1|A,472,10,L,2.81,-35.19,54.2,38.6,1.58,-58.9,4.37,1.24,True,orb_narrowOR,14:15,1,A
orb_narrowOR|E14|k1|B,471,10,L,2.76,-18.24,54.8,37.9,1.58,-37.0,4.46,1.06,True,orb_narrowOR,14:15,1,B
orb_narrowOR|E14|k1|top100,397,10,L,1.24,-19.76,53.4,34.8,0.71,-39.3,2.42,0.06,True,orb_narrowOR,14:15,1,top100
orb_narrowOR|E14|k1|top50,295,10,L,2.9,-18.1,51.5,38.3,1.3,-36.8,5.71,0.07,True,orb_narrowOR,14:15,1,top50
orb_narrowOR|E14|k2|A,460,10,L,1.25,-36.75,53.5,39.9,0.67,-60.5,2.35,0.15,True,orb_narrowOR,14:15,2,A
orb_narrowOR|E14|k2|B,458,10,L,0.96,-20.04,53.7,39.4,0.52,-39.8,2.5,-0.59,False,orb_narrowOR,14:15,2,B
orb_narrowOR|E14|k2|top100,357,10,L,0.91,-20.09,51.5,34.3,0.5,-39.8,0.73,1.09,True,orb_narrowOR,14:15,2,top100
orb_narrowOR|E14|k2|top50,223,10,L,1.06,-19.94,52.0,38.9,0.41,-39.6,0.68,1.44,True,orb_narrowOR,14:15,2,top50
