signal,days,mean_bp,excess_bp,hit,std_bp,tstat,ann_gross,base,topn
gap_down_fade_top10,1719,112.83449544058138,134.81131125842268,76.61431064572426,184.03636168071446,25.420037722592642,1521.9978780693477,gap_down_fade,10
gap_sigma_down_top10,1718,101.42647064865179,123.4461332399899,79.56926658905704,143.49734495433307,29.296721839560497,1140.2260908288954,gap_sigma_down,10
gap_down_fade_top20,1719,95.49542035602305,117.47223617386433,78.70855148342059,150.55585775136157,26.29800633245811,967.0116737095366,gap_down_fade,20
gap_sigma_down_top20,1718,88.32973496088523,110.34939755222335,81.08265424912689,118.26614440183386,30.95694306712232,801.6308779472976,gap_sigma_down,20
gap_down_fade_top50,1719,71.11869238258404,93.09550820042531,77.02152414194299,128.44289663629135,22.956813712711913,484.54631597447246,gap_down_fade,50
gap_sigma_down_top50,1718,66.13394317934949,88.1536057706876,78.34691501746217,106.36173709950795,25.772145588841042,419.24832402785324,gap_sigma_down,50
narrow_range_top10,1719,-9.47544332264003,12.501372495201242,38.7434554973822,46.19795019613679,-8.503833928199816,-21.461807252158394,narrow_range,10
narrow_range_top50,1719,-11.513007575569207,10.463808242272062,43.51367073880163,60.43715536893364,-7.898101557831379,-25.54012030260029,narrow_range,50
narrow_range_top20,1719,-11.516634013015462,10.460181804825806,40.37230948225712,50.713685445244884,-9.415390379658405,-25.444962032150865,narrow_range,20
low_vol_top10,1718,-20.547282790703356,1.4723798006347608,31.839348079161816,57.53515019497156,-14.802420140461408,-40.69657643071528,low_vol,10
wk_reversal_top10,1719,-21.025632848900127,0.9511829689411417,45.084351367073886,188.77913862882858,-4.617777620661069,-43.751311739896394,wk_reversal,10
wk_reversal_top20,1719,-21.03428999810428,0.9425258197369917,43.92088423502037,161.42983982769073,-5.402340825499753,-43.080080539206975,wk_reversal,20
wk_reversal_top50,1719,-21.196997605345064,0.7798182124962082,44.26992437463642,145.82316346183032,-6.026786039352684,-42.96845584724619,wk_reversal,50
near_52wh_top50,1669,-21.628991110807508,0.6389640839763633,42.78010784901139,103.51632189989901,-8.53602342170258,-42.83476317313786,near_52wh,50
low_vol_top50,1718,-21.72338068103551,0.29628191030260376,34.22584400465657,57.575052776839954,-15.63884401271876,-42.43242281364748,low_vol,50
prev_day_reversal_top20,1719,-22.128624390626786,-0.15180857278551396,44.32809773123909,164.0821564313523,-5.59153439180308,-44.69607372574869,prev_day_reversal,20
prev_day_reversal_top10,1719,-22.45667090130986,-0.47985508346858463,43.339150668993604,190.55215531258273,-4.886179839702038,-45.794494343965475,prev_day_reversal,10
strong_close_top50,1719,-23.281752599807692,-1.3049367819664175,42.75741710296684,104.50191750746495,-9.236966081956895,-45.183168827331166,strong_close,50
prev_day_reversal_top50,1719,-23.632932464704353,-1.6561166468630812,44.44444444444444,144.47129278664764,-6.782253107154838,-46.34632872517356,prev_day_reversal,50
near_52wh_top20,1669,-23.942507028802183,-1.6745518340183108,41.22228879568604,115.25535684211144,-8.486657436276156,-46.254402438445496,near_52wh,20
volume_dry_top50,1719,-24.25105677738795,-2.2742409595466833,42.524723676556135,102.04536411040289,-9.853155280952869,-46.47892285934697,volume_dry,50
volume_dry_top10,1719,-24.379568809188733,-2.4027529913474637,40.02326934264107,116.3306612840157,-8.688999288495799,-46.859955773993015,volume_dry,10
near_52wh_top10,1669,-24.971782820256827,-2.7038276254729516,41.22228879568604,131.17948126860227,-7.776994795943931,-47.89192351270104,near_52wh,10
volume_dry_top20,1719,-24.91401558300077,-2.937199765159502,41.07038976148924,104.34517845189251,-9.899409369468238,-47.399073391628356,volume_dry,20
low_vol_top20,1718,-26.155809004452752,-4.136146413114637,29.743888242142024,57.00079023767313,-19.019489702154885,-48.5262456920865,low_vol,20
mth_reversal_top50,1708,-26.47904344516344,-4.428104931198808,40.92505854800937,141.40148299313563,-7.73913212361027,-50.01254317292805,mth_reversal,50
weak_close_top10,1719,-28.269735237972863,-6.292919420131596,39.73240255962769,133.56596025835228,-8.775338716020675,-52.09521361855749,weak_close,10
mth_reversal_top20,1708,-30.609255694940543,-8.55831718097591,39.402810304449645,159.67083101888457,-7.92266179149272,-55.27941939531915,mth_reversal,20
strong_close_top20,1719,-32.73411751969793,-10.757301701856663,38.85980221058755,122.17451487924892,-11.10856478974753,-57.050215633314025,strong_close,20
weak_close_top20,1719,-33.51853297111739,-11.541717153276117,37.289121582315296,116.76626751531823,-11.901605278911745,-57.82596885102957,weak_close,20
mth_reversal_top10,1708,-34.23306529228401,-12.18212677831938,38.40749414519906,172.55480115049855,-8.199033748149596,-59.41566729588254,mth_reversal,10
weak_close_top50,1719,-34.80480855215911,-12.827992734317839,36.881908086096566,111.52624409539867,-12.938982068130525,-59.11369149051787,weak_close,50
volume_surge_top50,1719,-34.818999297772855,-12.84218347993158,38.510762070971495,124.02675719127657,-11.639620878491396,-59.28224641185097,volume_surge,50
far_52wh_top50,1669,-35.791335207714596,-13.523380012930726,37.44757339724386,133.34044435020826,-10.965897205335603,-60.390540223125875,far_52wh,50
cheap_top50,1719,-36.807078569424746,-14.830262751583472,41.41942990110529,151.54118420169252,-10.0702119167821,-61.65079120622726,cheap,50
prev_day_momentum_top50,1719,-36.83202069510337,-14.855204877262096,40.02326934264107,133.99252529156033,-11.396799611122175,-61.43014824152955,prev_day_momentum,50
cheap_top20,1719,-37.278884831274446,-15.302069013433176,41.244909831297264,165.448822262938,-9.34194208633397,-62.31323231712018,cheap,20
cheap_top10,1719,-37.46249951131808,-15.48568369347681,39.44153577661431,178.0357462391108,-8.724237490159721,-62.68823898695048,cheap,10
mth_momentum_top50,1708,-37.98485811832793,-15.933919604363297,40.57377049180328,139.3346062439279,-11.266666706799455,-62.612542278273644,mth_momentum,50
prev_day_momentum_top20,1719,-38.52009853210836,-16.543282714267097,42.00116346713205,165.88980411835797,-9.627325007786684,-63.48894627329303,prev_day_momentum,20
wide_range_top50,1719,-38.61258171800813,-16.63576590016686,40.66317626527051,157.59261416475337,-10.15853120646305,-63.44916613103037,wide_range,50
wk_momentum_top50,1719,-39.123384569376775,-17.1465687515355,41.12856311809192,137.12125964233317,-11.829586460205018,-63.644455253808275,wk_momentum,50
volume_surge_top20,1719,-39.40266526786461,-17.42584945002335,38.39441535776614,145.78373117435947,-11.206099552017838,-64.01015570618867,volume_surge,20
high_vol_top50,1718,-39.68669070043355,-17.667028109095437,39.988358556461,164.23289881360787,-10.016045937760113,-64.52592608513527,high_vol,50
volume_surge_top10,1719,-40.685549094767104,-18.708733276925827,38.80162885398487,173.00388712340205,-9.750396100025343,-65.54106296647429,volume_surge,10
wide_range_top20,1719,-42.33680424802149,-20.35998843018022,39.84874927283305,182.8697606957424,-9.598737485988108,-67.09677744979139,wide_range,20
strong_close_top10,1719,-42.369105061963324,-20.392289244122054,37.52181500872601,149.81111578236013,-11.725819117363308,-66.66183783846695,strong_close,10
prev_day_momentum_top10,1719,-42.713123502608795,-20.736307684767528,41.12856311809192,206.83031899817323,-8.562194084196044,-67.79434059436275,prev_day_momentum,10
wide_range_top10,1719,-42.87624599059718,-20.899430172755913,40.66317626527051,219.48556784201938,-8.099323086003917,-68.14065294685977,wide_range,10
far_52wh_top20,1669,-43.24917446358046,-20.981219268796593,34.99101258238466,137.22130169663433,-12.876103402717986,-67.24626467630965,far_52wh,20
far_52wh_top10,1669,-44.660121301364434,-22.39216610658057,34.811264230077896,148.28988798434744,-12.303722559976267,-68.52276396483967,far_52wh,10
mth_momentum_top20,1708,-47.5782451177332,-25.52730660376858,39.75409836065574,164.41861388393994,-11.95917910242961,-70.9565152767085,mth_momentum,20
high_vol_top20,1718,-47.67943688637042,-25.659774295032307,37.66006984866123,182.75235644865762,-10.813834328625262,-71.26027022207853,high_vol,20
wk_momentum_top20,1719,-48.49845005657552,-26.52163423873425,39.26701570680628,167.0763526684233,-12.035130721913541,-71.65775330449256,wk_momentum,20
mth_momentum_top10,1708,-53.796236335890484,-31.745297821925853,38.992974238875874,192.08347969640522,-11.574595202951922,-75.49779351453736,mth_momentum,10
high_vol_top10,1718,-55.48553595960689,-33.46587336826876,36.670547147846335,207.8476676035538,-11.064867299542293,-76.7081834989333,high_vol,10
wk_momentum_top10,1719,-59.651234107908465,-37.67441829006721,39.61605584642234,205.01816355904367,-12.063269558581458,-79.01815099170378,wk_momentum,10
gap_sigma_up_top50,1718,-108.36782682048123,-86.34816422914311,8.963911525029102,103.45733232242117,-43.41608593329602,-93.66876136877309,gap_sigma_up,50
gap_up_follow_top50,1719,-123.3572733403125,-101.38045752247125,12.158231529959279,127.88319903424659,-39.99348113483594,-95.71168090374285,gap_up_follow,50
gap_sigma_up_top20,1718,-139.413207316756,-117.3935447254179,8.498253783469151,119.26623694955858,-48.450468581142296,-97.14601874330225,gap_sigma_up,20
gap_up_follow_top20,1719,-154.14644880252587,-132.16963298468463,13.205351948807445,152.4306582548899,-41.92751637594043,-98.06520859603343,gap_up_follow,20
gap_sigma_up_top10,1718,-175.42312920846507,-153.40346661712695,9.254947613504076,149.45064087524446,-48.6519948094784,-98.8770257879071,gap_sigma_up,10
gap_up_follow_top10,1719,-182.80412650280954,-160.8273106849682,14.89237929028505,191.17169580102765,-39.64608801063309,-99.08815672205169,gap_up_follow,10
