Date,Close
2011-01-03,4967.3
2011-01-04,4957.1
2011-01-05,4903.1
2011-01-06,4865.05
2011-01-07,4750.75
2011-01-10,4636.2
2011-01-11,4624.95
2011-01-12,4709.85
2011-01-13,4639.8
2011-01-14,4566.75
2011-01-17,4553.65
2011-01-18,4598.35
2011-01-19,4583.85
2011-01-20,4597.7
2011-01-21,4592.7
2011-01-24,4628.7
2011-01-25,4589.5
2011-01-27,4514.0
2011-01-28,4427.5
2011-01-31,4424.6
2011-02-01,4352.15
2011-02-02,4362.35
2011-02-03,4429.9
2011-02-04,4339.55
2011-02-07,4332.1
2011-02-08,4255.7
2011-02-09,4178.3
2011-02-10,4164.3
2011-02-11,4240.45
2011-02-14,4365.75
2011-02-15,4384.6
2011-02-16,4391.35
2011-02-17,4440.0
2011-02-18,4365.3
2011-02-21,4403.2
2011-02-22,4363.45
2011-02-23,4338.75
2011-02-24,4201.2
2011-02-25,4226.75
2011-02-28,4247.15
2011-03-01,4391.75
2011-03-03,4400.7
2011-03-04,4403.75
2011-03-07,4346.55
2011-03-08,4390.6
2011-03-09,4404.3
2011-03-10,4382.2
2011-03-11,4343.7
2011-03-14,4399.65
2011-03-15,4334.7
2011-03-16,4386.45
2011-03-17,4346.9
2011-03-18,4298.4
2011-03-21,4289.3
2011-03-22,4326.5
2011-03-23,4373.35
2011-03-24,4406.65
2011-03-25,4493.35
2011-03-28,4518.3
2011-03-29,4549.0
2011-03-30,4598.45
2011-03-31,4626.45
2011-04-01,4640.05
2011-04-04,4707.2
2011-04-05,4722.85
2011-04-06,4718.6
2011-04-07,4727.35
2011-04-08,4684.5
2011-04-11,4643.1
2011-04-13,4730.5
2011-04-15,4679.8
2011-04-18,4609.0
2011-04-19,4617.7
2011-04-20,4694.7
2011-04-21,4711.55
2011-04-25,4708.35
2011-04-26,4704.85
2011-04-27,4688.0
2011-04-28,4650.45
2011-04-29,4615.3
2011-05-02,4573.65
2011-05-03,4472.0
2011-05-04,4448.65
2011-05-05,4390.6
2011-05-06,4460.45
2011-05-09,4464.0
2011-05-10,4458.2
2011-05-11,4480.7
2011-05-12,4424.6
2011-05-13,4470.35
2011-05-16,4436.1
2011-05-17,4395.95
2011-05-18,4375.25
2011-05-19,4372.05
2011-05-20,4411.9
2011-05-23,4338.25
2011-05-24,4347.2
2011-05-25,4317.9
2011-05-26,4354.95
2011-05-27,4409.8
2011-05-30,4421.65
2011-05-31,4492.9
2011-06-01,4517.8
2011-06-02,4482.55
2011-06-03,4457.9
2011-06-06,4465.5
2011-06-07,4489.95
2011-06-08,4473.25
2011-06-09,4468.3
2011-06-10,4442.8
2011-06-13,4444.35
2011-06-14,4460.55
2011-06-15,4423.0
2011-06-16,4384.65
2011-06-17,4357.75
2011-06-20,4263.25
2011-06-21,4268.35
2011-06-22,4258.5
2011-06-23,4281.1
2011-06-24,4392.2
2011-06-27,4439.35
2011-06-28,4454.35
2011-06-29,4492.3
2011-06-30,4522.95
2011-07-01,4522.05
2011-07-04,4549.15
2011-07-05,4537.1
2011-07-06,4535.3
2011-07-07,4607.85
2011-07-08,4554.8
2011-07-11,4523.05
2011-07-12,4459.3
2011-07-13,4508.4
2011-07-14,4525.5
2011-07-15,4514.65
2011-07-18,4509.75
2011-07-19,4538.75
2011-07-20,4498.1
2011-07-21,4475.7
2011-07-22,4544.3
2011-07-25,4577.75
2011-07-26,4504.85
2011-07-27,4491.3
2011-07-28,4444.9
2011-07-29,4424.05
2011-08-01,4440.85
2011-08-02,4392.95
2011-08-03,4359.3
2011-08-04,4311.55
2011-08-05,4220.5
2011-08-08,4150.5
2011-08-09,4107.7
2011-08-10,4182.25
2011-08-11,4164.75
2011-08-12,4121.35
2011-08-16,4081.3
2011-08-17,4081.3
2011-08-18,3994.15
2011-08-19,3925.8
2011-08-22,3970.5
2011-08-23,4010.7
2011-08-24,3970.1
2011-08-25,3929.5
2011-08-26,3851.55
2011-08-29,3977.35
2011-08-30,4038.35
2011-09-02,4070.9
2011-09-05,4063.15
2011-09-06,4093.2
2011-09-07,4146.4
2011-09-08,4163.85
2011-09-09,4098.1
2011-09-12,4010.75
2011-09-13,4007.1
2011-09-14,4051.55
2011-09-15,4097.0
2011-09-16,4105.1
2011-09-19,4072.05
2011-09-20,4142.8
2011-09-21,4150.55
2011-09-22,3994.15
2011-09-23,3952.1
2011-09-26,3914.8
2011-09-27,4010.05
2011-09-28,3987.45
2011-09-29,4024.75
2011-09-30,3978.35
2011-10-03,3903.2
2011-10-04,3843.7
2011-10-05,3821.85
2011-10-07,3913.95
2011-10-10,3977.9
2011-10-11,3981.85
2011-10-12,4068.6
2011-10-13,4058.3
2011-10-14,4090.7
2011-10-17,4083.8
2011-10-18,4023.15
2011-10-19,4093.5
2011-10-20,4057.35
2011-10-21,4024.65
2011-10-24,4046.65
2011-10-25,4101.4
2011-10-26,4119.05
2011-10-28,4229.75
2011-10-31,4215.9
2011-11-01,4170.75
2011-11-02,4171.4
2011-11-03,4179.65
2011-11-04,4201.1
2011-11-08,4203.05
2011-11-09,4147.15
2011-11-11,4100.9
2011-11-14,4074.55
2011-11-15,3996.95
2011-11-16,3965.45
2011-11-17,3894.75
2011-11-18,3869.05
2011-11-21,3778.6
2011-11-22,3800.6
2011-11-23,3720.15
2011-11-24,3762.85
2011-11-25,3742.2
2011-11-28,3839.55
2011-11-29,3804.0
2011-11-30,3811.25
2011-12-01,3878.6
2011-12-02,3962.1
2011-12-05,3957.75
2011-12-07,3970.6
2011-12-08,3883.75
2011-12-09,3830.85
2011-12-12,3751.05
2011-12-13,3767.1
2011-12-14,3736.6
2011-12-15,3720.2
2011-12-16,3647.95
2011-12-19,3603.8
2011-12-20,3544.0
2011-12-21,3640.9
2011-12-22,3674.5
2011-12-23,3660.55
2011-12-26,3703.8
2011-12-27,3680.2
2011-12-28,3644.1
2011-12-29,3607.6
2011-12-30,3597.75
2012-01-02,3602.5
2012-01-03,3700.8
2012-01-04,3695.05
2012-01-05,3696.15
2012-01-06,3694.8
2012-01-07,3697.7
2012-01-09,3701.3
2012-01-10,3785.35
2012-01-11,3805.5
2012-01-12,3797.4
2012-01-13,3827.2
2012-01-16,3833.15
2012-01-17,3900.0
2012-01-18,3881.8
2012-01-19,3931.95
2012-01-20,3952.7
2012-01-23,3952.7
2012-01-24,4016.9
2012-01-25,4051.8
2012-01-27,4085.35
2012-01-30,3995.8
2012-01-31,4082.85
2012-02-01,4117.55
2012-02-02,4146.55
2012-02-03,4188.45
2012-02-06,4227.1
2012-02-07,4199.05
2012-02-08,4232.75
2012-02-09,4272.4
2012-02-10,4258.4
2012-02-13,4264.8
2012-02-14,4289.5
2012-02-15,4381.45
2012-02-16,4385.9
2012-02-17,4414.05
2012-02-21,4447.5
2012-02-22,4340.85
2012-02-23,4322.9
2012-02-24,4284.55
2012-02-27,4165.05
2012-02-28,4258.5
2012-02-29,4275.55
2012-03-01,4243.75
2012-03-02,4254.5
2012-03-03,4256.0
2012-03-05,4195.45
2012-03-06,4151.4
2012-03-07,4146.95
2012-03-09,4238.85
2012-03-12,4265.25
2012-03-13,4317.65
2012-03-14,4343.05
2012-03-15,4275.75
2012-03-16,4226.05
2012-03-19,4177.0
2012-03-20,4197.05
2012-03-21,4270.9
2012-03-22,4165.3
2012-03-23,4202.25
2012-03-26,4131.25
2012-03-27,4168.55
2012-03-28,4129.15
2012-03-29,4124.45
2012-03-30,4221.8
2012-04-02,4246.95
2012-04-03,4283.1
2012-04-04,4262.2
2012-04-09,4193.9
2012-04-10,4196.7
2012-04-11,4179.4
2012-04-12,4216.55
2012-04-13,4169.55
2012-04-16,4186.7
2012-04-17,4232.1
2012-04-18,4242.0
2012-04-19,4259.9
2012-04-20,4226.35
2012-04-23,4154.85
2012-04-24,4164.0
2012-04-25,4146.3
2012-04-26,4133.15
2012-04-27,4131.15
2012-04-28,4147.1
2012-04-30,4178.35
2012-05-02,4171.3
2012-05-03,4128.65
2012-05-04,4050.85
2012-05-07,4074.95
2012-05-08,3992.55
2012-05-09,3963.7
2012-05-10,3959.6
2012-05-11,3928.25
2012-05-14,3906.9
2012-05-15,3932.9
2012-05-16,3871.4
2012-05-17,3879.15
2012-05-18,3889.05
2012-05-21,3904.45
2012-05-22,3869.8
2012-05-23,3848.8
2012-05-24,3904.85
2012-05-25,3910.6
2012-05-28,3961.05
2012-05-29,3961.1
2012-05-30,3923.85
2012-05-31,3913.05
2012-06-01,3851.95
2012-06-04,3850.8
2012-06-05,3862.55
2012-06-06,3959.0
2012-06-07,3996.5
2012-06-08,4010.95
2012-06-11,3998.05
2012-06-12,4040.9
2012-06-13,4043.75
2012-06-14,3992.25
2012-06-15,4047.45
2012-06-18,3991.35
2012-06-19,4016.45
2012-06-20,4037.8
2012-06-21,4074.2
2012-06-22,4063.75
2012-06-25,4044.75
2012-06-26,4053.2
2012-06-27,4069.85
2012-06-28,4075.05
2012-06-29,4170.65
2012-07-02,4180.9
2012-07-03,4196.7
2012-07-04,4213.05
2012-07-05,4236.95
2012-07-06,4224.15
2012-07-09,4184.15
2012-07-10,4235.8
2012-07-11,4210.65
2012-07-12,4164.6
2012-07-13,4156.75
2012-07-16,4134.75
2012-07-17,4123.05
2012-07-18,4139.75
2012-07-19,4157.3
2012-07-20,4134.75
2012-07-23,4069.05
2012-07-24,4079.3
2012-07-25,4062.4
2012-07-26,4003.6
2012-07-27,4028.25
2012-07-30,4104.1
2012-07-31,4126.45
2012-08-01,4141.85
2012-08-02,4138.9
2012-08-03,4129.05
2012-08-06,4172.45
2012-08-07,4206.15
2012-08-08,4201.6
2012-08-09,4190.15
2012-08-10,4186.95
2012-08-13,4213.25
2012-08-14,4234.5
2012-08-16,4222.65
2012-08-17,4223.7
2012-08-21,4257.95
2012-08-22,4249.65
2012-08-23,4248.05
2012-08-24,4226.0
2012-08-27,4194.95
2012-08-28,4176.35
2012-08-29,4143.6
2012-08-30,4162.95
2012-08-31,4129.9
2012-09-03,4128.1
2012-09-04,4148.3
2012-09-05,4115.35
2012-09-06,4125.95
2012-09-07,4195.75
2012-09-08,4210.9
2012-09-10,4217.85
2012-09-11,4234.6
2012-09-12,4260.25
2012-09-13,4260.0
2012-09-14,4348.8
2012-09-17,4383.1
2012-09-18,4390.85
2012-09-20,4358.95
2012-09-21,4456.15
2012-09-24,4450.95
2012-09-25,4460.4
2012-09-26,4458.0
2012-09-27,4458.15
2012-09-28,4504.35
2012-10-01,4522.95
2012-10-03,4539.6
2012-10-04,4579.4
2012-10-05,4547.9
2012-10-08,4499.85
2012-10-09,4523.25
2012-10-10,4477.3
2012-10-11,4523.6
2012-10-12,4506.15
2012-10-15,4511.85
2012-10-16,4480.45
2012-10-17,4488.5
2012-10-18,4535.2
2012-10-19,4509.45
2012-10-22,4528.45
2012-10-23,4510.0
2012-10-25,4518.4
2012-10-26,4480.3
2012-10-29,4475.0
2012-10-30,4424.1
2012-10-31,4448.85
2012-11-01,4473.85
2012-11-02,4510.25
2012-11-05,4511.3
2012-11-06,4528.3
2012-11-07,4559.1
2012-11-08,4548.95
2012-11-09,4508.8
2012-11-12,4519.25
2012-11-13,4518.1
2012-11-15,4497.0
2012-11-16,4451.1
2012-11-19,4437.25
2012-11-20,4428.4
2012-11-21,4458.45
2012-11-22,4471.8
2012-11-23,4474.15
2012-11-26,4493.6
2012-11-27,4562.4
2012-11-29,4631.9
2012-11-30,4675.25
2012-12-03,4685.05
2012-12-04,4701.45
2012-12-05,4712.1
2012-12-06,4740.2
2012-12-07,4724.25
2012-12-10,4731.9
2012-12-11,4716.25
2012-12-12,4709.85
2012-12-13,4674.05
2012-12-14,4698.8
2012-12-17,4693.95
2012-12-18,4727.85
2012-12-19,4755.3
2012-12-20,4746.4
2012-12-21,4686.9
2012-12-24,4695.0
2012-12-26,4731.6
2012-12-27,4706.35
2012-12-28,4738.3
2012-12-31,4743.45
2013-01-01,4786.2
2013-01-02,4818.9
2013-01-03,4835.7
2013-01-04,4844.0
2013-01-07,4831.45
2013-01-08,4837.95
2013-01-09,4815.75
2013-01-10,4809.2
2013-01-11,4778.15
2013-01-14,4836.7
2013-01-15,4858.9
2013-01-16,4807.55
2013-01-17,4831.35
2013-01-18,4844.05
2013-01-21,4856.0
2013-01-22,4822.35
2013-01-23,4814.8
2013-01-24,4763.85
2013-01-25,4816.45
2013-01-28,4818.3
2013-01-29,4794.8
2013-01-30,4797.15
2013-01-31,4795.3
2013-02-01,4775.9
2013-02-04,4759.25
2013-02-05,4733.6
2013-02-06,4738.1
2013-02-07,4713.25
2013-02-08,4682.55
2013-02-11,4677.85
2013-02-12,4690.3
2013-02-13,4688.45
2013-02-14,4650.35
2013-02-15,4647.25
2013-02-18,4659.6
2013-02-19,4697.1
2013-02-20,4698.35
2013-02-21,4621.75
2013-02-22,4621.8
2013-02-25,4611.65
2013-02-26,4537.1
2013-02-27,4568.2
2013-02-28,4477.5
2013-03-01,4499.75
2013-03-04,4470.15
2013-03-05,4539.0
2013-03-06,4570.45
2013-03-07,4601.55
2013-03-08,4660.65
2013-03-11,4661.25
2013-03-12,4636.9
2013-03-13,4585.0
2013-03-14,4625.75
2013-03-15,4598.2
2013-03-18,4572.65
2013-03-19,4500.85
2013-03-20,4446.05
2013-03-21,4413.5
2013-03-22,4404.5
2013-03-25,4390.3
2013-03-26,4394.6
2013-03-28,4438.35
2013-04-01,4465.6
2013-04-02,4508.8
2013-04-03,4457.2
2013-04-04,4378.65
2013-04-05,4366.65
2013-04-08,4361.15
2013-04-09,4323.4
2013-04-10,4366.45
2013-04-11,4388.05
2013-04-12,4352.7
2013-04-15,4376.05
2013-04-16,4457.5
2013-04-17,4461.75
2013-04-18,4526.8
2013-04-22,4574.4
2013-04-23,4572.4
2013-04-25,4624.3
2013-04-26,4591.65
2013-04-29,4620.9
2013-04-30,4641.75
2013-05-02,4695.05
2013-05-03,4659.1
2013-05-06,4685.6
2013-05-07,4737.55
2013-05-08,4754.45
2013-05-09,4737.7
2013-05-10,4769.2
2013-05-11,4779.75
2013-05-13,4689.75
2013-05-14,4702.5
2013-05-15,4810.95
2013-05-16,4830.25
2013-05-17,4847.1
2013-05-20,4821.95
2013-05-21,4788.2
2013-05-22,4766.85
2013-05-23,4668.2
2013-05-24,4685.6
2013-05-27,4756.4
2013-05-28,4777.05
2013-05-29,4766.65
2013-05-30,4774.0
2013-05-31,4681.45
2013-06-03,4659.3
2013-06-04,4652.55
2013-06-05,4656.5
2013-06-06,4653.4
2013-06-07,4621.1
2013-06-10,4604.4
2013-06-11,4529.85
2013-06-12,4502.2
2013-06-13,4447.4
2013-06-14,4525.95
2013-06-17,4557.5
2013-06-18,4540.7
2013-06-19,4552.7
2013-06-20,4429.65
2013-06-21,4420.15
2013-06-24,4345.6
2013-06-25,4350.1
2013-06-26,4335.5
2013-06-27,4393.9
2013-06-28,4510.9
2013-07-01,4572.05
2013-07-02,4542.8
2013-07-03,4473.35
2013-07-04,4517.7
2013-07-05,4535.8
2013-07-08,4501.25
2013-07-09,4539.95
2013-07-10,4511.4
2013-07-11,4586.45
2013-07-12,4630.95
2013-07-15,4655.7
2013-07-16,4596.5
2013-07-17,4597.7
2013-07-18,4647.55
2013-07-19,4632.75
2013-07-22,4631.1
2013-07-23,4660.75
2013-07-24,4588.25
2013-07-25,4531.8
2013-07-26,4507.25
2013-07-29,4459.9
2013-07-30,4390.35
2013-07-31,4379.65
2013-08-01,4354.0
2013-08-02,4314.95
2013-08-05,4323.35
2013-08-06,4214.15
2013-08-07,4213.85
2013-08-08,4250.35
2013-08-12,4293.2
2013-08-13,4360.65
2013-08-14,4392.05
2013-08-16,4224.3
2013-08-19,4151.95
2013-08-20,4138.4
2013-08-21,4069.45
2013-08-22,4136.1
2013-08-23,4183.65
2013-08-26,4194.5
2013-08-27,4060.7
2013-08-28,4047.7
2013-08-29,4132.8
2013-08-30,4175.85
2013-09-02,4235.25
2013-09-03,4092.9
2013-09-04,4164.5
2013-09-05,4264.05
2013-09-06,4319.4
2013-09-10,4463.55
2013-09-11,4489.45
2013-09-12,4445.95
2013-09-13,4450.45
2013-09-16,4440.9
2013-09-17,4444.5
2013-09-18,4478.35
2013-09-19,4627.85
2013-09-20,4560.1
2013-09-23,4482.0
2013-09-24,4484.1
2013-09-25,4477.05
2013-09-26,4482.3
2013-09-27,4455.95
2013-09-30,4392.05
2013-10-01,4422.9
2013-10-03,4512.65
2013-10-04,4516.15
2013-10-07,4522.8
2013-10-08,4536.45
2013-10-09,4592.45
2013-10-10,4607.5
2013-10-11,4651.8
2013-10-14,4665.95
2013-10-15,4639.5
2013-10-17,4612.05
2013-10-18,4706.9
2013-10-21,4731.0
2013-10-22,4738.35
2013-10-23,4723.5
2013-10-24,4713.0
2013-10-25,4693.4
2013-10-28,4656.85
2013-10-29,4741.1
2013-10-30,4764.3
2013-10-31,4804.85
2013-11-01,4823.0
2013-11-03,4840.15
2013-11-05,4808.2
2013-11-06,4784.65
2013-11-07,4752.0
2013-11-08,4725.9
2013-11-11,4680.35
2013-11-12,4637.35
2013-11-13,4614.65
2013-11-14,4670.1
2013-11-18,4760.65
2013-11-19,4771.75
2013-11-20,4720.05
2013-11-21,4631.85
2013-11-22,4632.45
2013-11-25,4716.0
2013-11-26,4679.15
2013-11-27,4679.85
2013-11-28,4708.8
2013-11-29,4770.1
2013-12-02,4804.4
2013-12-03,4795.9
2013-12-04,4764.55
2013-12-05,4815.0
2013-12-06,4830.8
2013-12-09,4898.15
2013-12-10,4873.8
2013-12-11,4855.6
2013-12-12,4810.55
2013-12-13,4756.05
2013-12-16,4756.0
2013-12-17,4748.5
2013-12-18,4809.65
2013-12-19,4780.6
2013-12-20,4861.65
2013-12-23,4878.85
2013-12-24,4876.1
2013-12-26,4887.85
2013-12-27,4914.7
2013-12-30,4899.95
2013-12-31,4914.85
2014-01-01,4921.25
2014-01-02,4848.95
2014-01-03,4850.65
2014-01-06,4845.05
2014-01-07,4820.25
2014-01-08,4833.55
2014-01-09,4820.15
2014-01-10,4813.95
2014-01-13,4869.95
2014-01-14,4850.75
2014-01-15,4899.7
2014-01-16,4891.4
2014-01-17,4841.3
2014-01-20,4878.25
2014-01-21,4886.7
2014-01-22,4903.95
2014-01-23,4903.5
2014-01-24,4836.7
2014-01-27,4725.6
2014-01-28,4720.6
2014-01-29,4720.6
2014-01-30,4675.1
2014-01-31,4709.15
2014-02-03,4648.55
2014-02-04,4652.5
2014-02-05,4671.85
2014-02-06,4681.35
2014-02-07,4701.7
2014-02-10,4692.55
2014-02-11,4699.6
2014-02-12,4711.95
2014-02-13,4650.0
2014-02-14,4677.8
2014-02-17,4690.45
2014-02-18,4731.5
2014-02-19,4752.9
2014-02-20,4716.35
2014-02-21,4762.75
2014-02-24,4783.15
2014-02-25,4793.9
2014-02-26,4816.4
2014-02-28,4849.5
2014-03-03,4816.3
2014-03-04,4873.2
2014-03-05,4900.85
2014-03-06,4959.1
2014-03-07,5033.85
2014-03-10,5046.45
2014-03-11,5026.95
2014-03-12,5028.7
2014-03-13,5007.2
2014-03-14,5011.55
2014-03-18,5035.4
2014-03-19,5044.2
2014-03-20,5014.8
2014-03-21,5031.05
2014-03-22,5037.5
2014-03-24,5091.2
2014-03-25,5102.75
2014-03-26,5114.7
2014-03-27,5146.2
2014-03-28,5202.15
2014-03-31,5224.85
2014-04-01,5232.85
2014-04-02,5272.4
2014-04-03,5254.35
2014-04-04,5234.5
2014-04-07,5234.2
2014-04-09,5315.25
2014-04-10,5328.4
2014-04-11,5317.7
2014-04-15,5278.15
2014-04-16,5230.35
2014-04-17,5310.75
2014-04-21,5347.25
2014-04-22,5346.6
2014-04-23,5362.45
2014-04-25,5328.6
2014-04-28,5321.5
2014-04-29,5286.05
2014-04-30,5255.65
2014-05-02,5260.95
2014-05-05,5260.3
2014-05-06,5273.1
2014-05-07,5232.85
2014-05-08,5236.6
2014-05-09,5375.9
2014-05-12,5479.7
2014-05-13,5562.55
2014-05-14,5583.6
2014-05-15,5580.3
2014-05-16,5656.0
2014-05-19,5762.6
2014-05-20,5790.95
2014-05-21,5792.3
2014-05-22,5841.3
2014-05-23,5923.65
2014-05-26,5883.75
2014-05-27,5844.2
2014-05-28,5861.25
2014-05-29,5796.45
2014-05-30,5802.85
2014-06-02,5911.7
2014-06-03,5956.85
2014-06-04,5972.85
2014-06-05,6037.65
2014-06-06,6129.95
2014-06-09,6196.7
2014-06-10,6192.3
2014-06-11,6152.55
2014-06-12,6168.8
2014-06-13,6057.5
2014-06-16,6056.7
2014-06-17,6139.35
2014-06-18,6084.85
2014-06-19,6064.75
2014-06-20,6038.6
2014-06-23,6037.95
2014-06-24,6113.85
2014-06-25,6115.15
2014-06-26,6065.8
2014-06-27,6082.1
2014-06-30,6174.2
2014-07-01,6199.9
2014-07-02,6276.9
2014-07-03,6267.2
2014-07-04,6297.6
2014-07-07,6322.0
2014-07-08,6152.3
2014-07-09,6104.0
2014-07-10,6105.2
2014-07-11,5991.7
2014-07-14,5990.7
2014-07-15,6067.35
2014-07-16,6147.9
2014-07-17,6179.45
2014-07-18,6184.55
2014-07-21,6200.3
2014-07-22,6251.35
2014-07-23,6261.1
2014-07-24,6278.95
2014-07-25,6230.45
2014-07-28,6200.0
2014-07-30,6232.6
2014-07-31,6194.45
2014-08-01,6111.7
2014-08-04,6175.7
2014-08-05,6226.45
2014-08-06,6173.6
2014-08-07,6153.5
2014-08-08,6072.65
2014-08-11,6117.65
2014-08-12,6186.15
2014-08-13,6167.2
2014-08-14,6215.65
2014-08-18,6294.1
2014-08-19,6328.8
2014-08-20,6321.65
2014-08-21,6339.35
2014-08-22,6352.35
2014-08-25,6332.45
2014-08-26,6328.45
2014-08-27,6355.15
2014-08-28,6360.75
2014-09-01,6438.45
2014-09-02,6484.35
2014-09-03,6517.7
2014-09-04,6501.95
2014-09-05,6502.3
2014-09-08,6578.0
2014-09-09,6577.05
2014-09-10,6540.25
2014-09-11,6554.75
2014-09-12,6572.7
2014-09-15,6540.1
2014-09-16,6411.25
2014-09-17,6442.5
2014-09-18,6560.0
2014-09-19,6561.65
2014-09-22,6576.6
2014-09-23,6464.8
2014-09-24,6437.25
2014-09-25,6343.15
2014-09-26,6396.55
2014-09-29,6408.3
2014-09-30,6415.7
2014-10-01,6398.05
2014-10-07,6324.85
2014-10-08,6316.65
2014-10-09,6416.4
2014-10-10,6330.35
2014-10-13,6352.4
2014-10-14,6339.9
2014-10-16,6225.3
2014-10-17,6255.15
2014-10-20,6334.8
2014-10-21,6378.15
2014-10-22,6436.55
2014-10-23,6463.25
2014-10-27,6438.9
2014-10-28,6465.15
2014-10-29,6513.75
2014-10-30,6570.3
2014-10-31,6685.75
2014-11-03,6704.3
2014-11-05,6713.75
2014-11-07,6720.95
2014-11-10,6727.75
2014-11-11,6753.1
2014-11-12,6777.6
2014-11-13,6753.55
2014-11-14,6785.75
2014-11-17,6825.75
2014-11-18,6837.35
2014-11-19,6797.7
2014-11-20,6806.3
2014-11-21,6847.3
2014-11-24,6880.8
2014-11-25,6810.45
2014-11-26,6825.45
2014-11-27,6845.3
2014-11-28,6918.05
2014-12-01,6898.05
2014-12-02,6895.7
2014-12-03,6935.55
2014-12-04,6960.75
2014-12-05,6937.55
2014-12-08,6857.15
2014-12-09,6767.6
2014-12-10,6796.25
2014-12-11,6744.95
2014-12-12,6680.55
2014-12-15,6667.55
2014-12-16,6525.2
2014-12-17,6492.9
2014-12-18,6625.6
2014-12-19,6670.15
2014-12-22,6744.15
2014-12-23,6703.0
2014-12-24,6650.6
2014-12-26,6674.8
2014-12-29,6718.6
2014-12-30,6733.75
2014-12-31,6773.65
2015-01-01,6786.1
2015-01-02,6866.45
2015-01-05,6857.45
2015-01-06,6656.8
2015-01-07,6644.95
2015-01-08,6755.45
2015-01-09,6783.0
2015-01-12,6815.05
2015-01-13,6801.4
2015-01-14,6787.15
2015-01-15,6937.5
2015-01-16,6961.45
2015-01-19,6992.15
2015-01-20,7080.65
2015-01-21,7099.6
2015-01-22,7121.85
2015-01-23,7170.25
2015-01-27,7229.05
2015-01-28,7241.55
2015-01-29,7257.25
2015-01-30,7166.7
2015-02-02,7172.9
2015-02-03,7137.45
2015-02-04,7108.75
2015-02-05,7076.65
2015-02-06,7029.45
2015-02-09,6922.35
2015-02-10,6959.9
2015-02-11,7031.8
2015-02-12,7108.2
2015-02-13,7176.2
2015-02-16,7175.0
2015-02-18,7228.55
2015-02-19,7242.85
2015-02-20,7209.4
2015-02-23,7147.55
2015-02-24,7146.6
2015-02-25,7144.2
2015-02-26,7077.5
2015-02-27,7210.3
2015-02-28,7239.45
2015-03-02,7299.65
2015-03-03,7345.55
2015-03-04,7279.8
2015-03-05,7303.35
2015-03-09,7171.5
2015-03-10,7141.7
2015-03-11,7126.6
2015-03-12,7202.6
2015-03-13,7099.9
2015-03-16,7078.95
2015-03-17,7154.05
2015-03-18,7137.05
2015-03-19,7096.75
2015-03-20,7028.2
2015-03-23,6997.6
2015-03-24,6984.75
2015-03-25,6972.45
2015-03-26,6846.25
2015-03-27,6846.6
2015-03-30,6969.95
2015-03-31,6978.15
2015-04-01,7060.2
2015-04-06,7126.75
2015-04-07,7144.4
2015-04-08,7193.6
2015-04-09,7234.0
2015-04-10,7246.05
2015-04-13,7286.2
2015-04-15,7224.2
2015-04-16,7183.35
2015-04-17,7093.85
2015-04-20,6958.0
2015-04-21,6908.0
2015-04-22,6938.0
2015-04-23,6922.4
2015-04-24,6826.55
2015-04-27,6723.9
2015-04-28,6794.65
2015-04-29,6781.7
2015-04-30,6749.65
2015-05-04,6873.4
2015-05-05,6878.5
2015-05-06,6680.9
2015-05-07,6616.85
2015-05-08,6728.9
2015-05-11,6839.0
2015-05-12,6689.4
2015-05-13,6780.4
2015-05-14,6796.75
2015-05-15,6827.05
2015-05-18,6910.85
2015-05-19,6909.7
2015-05-20,6944.4
2015-05-21,6938.75
2015-05-22,6964.45
2015-05-25,6911.15
2015-05-26,6890.6
2015-05-27,6885.1
2015-05-28,6867.75
2015-05-29,6959.85
2015-06-01,6957.45
2015-06-02,6799.45
2015-06-03,6703.45
2015-06-04,6704.75
2015-06-05,6700.7
2015-06-08,6631.3
2015-06-09,6612.9
2015-06-10,6691.25
2015-06-11,6568.5
2015-06-12,6577.4
2015-06-15,6600.65
2015-06-16,6627.0
2015-06-17,6680.8
2015-06-18,6746.85
2015-06-19,6785.1
2015-06-22,6889.7
2015-06-23,6912.45
2015-06-24,6887.8
2015-06-25,6917.55
2015-06-26,6908.85
2015-06-29,6843.95
2015-06-30,6897.2
2015-07-01,6972.3
2015-07-02,6983.35
2015-07-03,7003.95
2015-07-06,7043.4
2015-07-07,7051.05
2015-07-08,6939.7
2015-07-09,6915.35
2015-07-10,6935.55
2015-07-13,7016.55
2015-07-14,7020.25
2015-07-15,7065.65
2015-07-16,7136.8
2015-07-17,7148.05
2015-07-20,7148.5
2015-07-21,7070.3
2015-07-22,7149.45
2015-07-23,7129.35
2015-07-24,7074.95
2015-07-27,6955.35
2015-07-28,6935.65
2015-07-29,6974.15
2015-07-30,7019.6
2015-07-31,7106.2
2015-08-03,7129.0
2015-08-04,7136.3
2015-08-05,7186.25
2015-08-06,7202.0
2015-08-07,7183.85
2015-08-10,7157.55
2015-08-11,7101.1
2015-08-12,6986.45
2015-08-13,6976.6
2015-08-14,7112.5
2015-08-17,7098.7
2015-08-18,7106.4
2015-08-19,7125.85
2015-08-20,7016.95
2015-08-21,6961.0
2015-08-24,6493.85
2015-08-25,6569.85
2015-08-26,6513.35
2015-08-27,6657.25
2015-08-28,6694.45
2015-08-31,6669.35
2015-09-01,6522.25
2015-09-02,6475.65
2015-09-03,6560.05
2015-09-04,6421.05
2015-09-07,6323.4
2015-09-08,6407.0
2015-09-09,6522.3
2015-09-10,6504.5
2015-09-11,6511.55
2015-09-14,6582.7
2015-09-15,6543.25
2015-09-16,6571.6
2015-09-18,6636.95
2015-09-21,6647.15
2015-09-22,6528.55
2015-09-23,6553.9
2015-09-24,6573.9
2015-09-28,6524.25
2015-09-29,6552.35
2015-09-30,6646.1
2015-10-01,6654.5
2015-10-05,6789.1
2015-10-06,6818.65
2015-10-07,6835.8
2015-10-08,6793.8
2015-10-09,6829.4
2015-10-12,6802.3
2015-10-13,6797.55
2015-10-14,6786.05
2015-10-15,6834.05
2015-10-16,6870.85
2015-10-19,6907.7
2015-10-20,6907.1
2015-10-21,6895.75
2015-10-23,6913.05
2015-10-26,6882.6
2015-10-27,6870.35
2015-10-28,6828.15
2015-10-29,6784.85
2015-10-30,6750.95
2015-11-02,6740.9
2015-11-03,6755.15
2015-11-04,6741.2
2015-11-05,6661.7
2015-11-06,6650.1
2015-11-09,6641.4
2015-11-10,6536.45
2015-11-11,6585.15
2015-11-13,6526.6
2015-11-16,6551.45
2015-11-17,6580.8
2015-11-18,6507.55
2015-11-19,6594.55
2015-11-20,6615.65
2015-11-23,6615.5
2015-11-24,6609.1
2015-11-26,6644.9
2015-11-27,6686.9
2015-11-30,6686.1
2015-12-01,6712.5
2015-12-02,6699.8
2015-12-03,6649.5
2015-12-04,6584.9
2015-12-07,6576.85
2015-12-08,6515.15
2015-12-09,6425.35
2015-12-10,6484.25
2015-12-11,6425.45
2015-12-14,6457.6
2015-12-15,6501.75
2015-12-16,6535.45
2015-12-17,6621.75
2015-12-18,6570.8
2015-12-21,6628.05
2015-12-22,6595.85
2015-12-23,6652.75
2015-12-24,6656.75
2015-12-28,6700.7
2015-12-29,6705.25
2015-12-30,6685.45
2015-12-31,6724.75
2016-01-01,6753.65
2016-01-04,6630.8
2016-01-05,6639.5
2016-01-06,6607.65
2016-01-07,6446.85
2016-01-08,6490.85
2016-01-11,6451.85
2016-01-12,6405.45
2016-01-13,6415.95
2016-01-14,6378.2
2016-01-15,6262.4
2016-01-18,6149.15
2016-01-19,6225.2
2016-01-20,6115.75
2016-01-21,6092.05
2016-01-22,6216.7
2016-01-25,6234.45
2016-01-27,6242.4
2016-01-28,6230.0
2016-01-29,6339.45
2016-02-01,6341.6
2016-02-02,6252.2
2016-02-03,6166.2
2016-02-04,6186.25
2016-02-05,6270.5
2016-02-08,6209.8
2016-02-09,6125.6
2016-02-10,6051.95
2016-02-11,5843.2
2016-02-12,5833.4
2016-02-15,5999.05
2016-02-16,5889.1
2016-02-17,5930.15
2016-02-18,5988.8
2016-02-19,6000.4
2016-02-22,6024.15
2016-02-23,5930.9
2016-02-24,5859.75
2016-02-25,5816.5
2016-02-26,5852.9
2016-02-29,5829.95
2016-03-01,6020.05
2016-03-02,6137.15
2016-03-03,6218.4
2016-03-04,6239.35
2016-03-08,6243.65
2016-03-09,6275.1
2016-03-10,6242.95
2016-03-11,6258.45
2016-03-14,6282.7
2016-03-15,6222.65
2016-03-16,6238.45
2016-03-17,6255.75
2016-03-18,6322.65
2016-03-21,6406.7
2016-03-22,6418.3
2016-03-23,6423.7
2016-03-28,6334.7
2016-03-29,6323.0
2016-03-30,6436.7
2016-03-31,6452.15
2016-04-01,6445.5
2016-04-04,6479.6
2016-04-05,6358.35
2016-04-06,6378.0
2016-04-07,6329.8
2016-04-08,6346.65
2016-04-11,6430.6
2016-04-12,6470.1
2016-04-13,6575.35
2016-04-18,6635.05
2016-04-20,6643.3
2016-04-21,6634.3
2016-04-22,6627.95
2016-04-25,6593.45
2016-04-26,6669.5
2016-04-27,6684.3
2016-04-28,6583.15
2016-04-29,6588.55
2016-05-02,6580.15
2016-05-03,6533.55
2016-05-04,6484.35
2016-05-05,6500.05
2016-05-06,6504.55
2016-05-09,6603.25
2016-05-10,6617.25
2016-05-11,6593.0
2016-05-12,6640.9
2016-05-13,6582.3
2016-05-16,6608.25
2016-05-17,6629.7
2016-05-18,6621.55
2016-05-19,6546.5
2016-05-20,6513.1
2016-05-23,6495.25
2016-05-24,6498.6
2016-05-25,6626.85
2016-05-26,6725.2
2016-05-27,6797.0
2016-05-30,6820.3
2016-05-31,6804.0
2016-06-01,6815.45
2016-06-02,6849.2
2016-06-03,6844.75
2016-06-06,6832.3
2016-06-07,6884.15
2016-06-08,6901.8
2016-06-09,6857.75
2016-06-10,6832.05
2016-06-13,6785.15
2016-06-14,6793.85
2016-06-15,6865.05
2016-06-16,6819.85
2016-06-17,6842.35
2016-06-20,6891.3
2016-06-21,6886.15
2016-06-22,6871.0
2016-06-23,6910.55
2016-06-24,6775.55
2016-06-27,6803.7
2016-06-28,6837.75
2016-06-29,6907.1
2016-06-30,6980.8
2016-07-01,7027.85
2016-07-04,7071.85
2016-07-05,7051.0
2016-07-07,7050.1
2016-07-08,7039.4
2016-07-11,7151.35
2016-07-12,7192.25
2016-07-13,7177.0
2016-07-14,7215.35
2016-07-15,7194.4
2016-07-18,7162.25
2016-07-19,7178.2
2016-07-20,7221.3
2016-07-21,7186.7
2016-07-22,7227.45
2016-07-25,7305.6
2016-07-26,7270.0
2016-07-27,7297.9
2016-07-28,7338.65
2016-07-29,7330.0
2016-08-01,7335.05
2016-08-02,7310.9
2016-08-03,7232.8
2016-08-04,7248.55
2016-08-05,7364.05
2016-08-08,7398.25
2016-08-09,7368.45
2016-08-10,7277.0
2016-08-11,7289.5
2016-08-12,7347.45
2016-08-16,7339.25
2016-08-17,7343.7
2016-08-18,7390.2
2016-08-19,7397.8
2016-08-22,7363.8
2016-08-23,7359.75
2016-08-24,7386.05
2016-08-25,7343.5
2016-08-26,7334.8
2016-08-29,7361.0
2016-08-30,7461.95
2016-08-31,7490.65
2016-09-01,7474.3
2016-09-02,7504.6
2016-09-06,7615.0
2016-09-07,7607.2
2016-09-08,7642.7
2016-09-09,7575.55
2016-09-12,7420.5
2016-09-14,7455.3
2016-09-15,7462.7
2016-09-16,7487.2
2016-09-19,7513.8
2016-09-20,7490.3
2016-09-21,7491.7
2016-09-22,7573.0
2016-09-23,7554.9
2016-09-26,7479.75
2016-09-27,7469.95
2016-09-28,7514.95
2016-09-29,7336.85
2016-09-30,7394.85
2016-10-03,7532.25
2016-10-04,7567.7
2016-10-05,7565.5
2016-10-06,7537.25
2016-10-07,7527.2
2016-10-10,7532.7
2016-10-13,7418.35
2016-10-14,7439.85
2016-10-17,7384.5
2016-10-18,7512.3
2016-10-19,7507.7
2016-10-20,7538.8
2016-10-21,7541.7
2016-10-24,7551.55
2016-10-25,7541.5
2016-10-26,7476.75
2016-10-27,7452.15
2016-10-28,7494.1
2016-10-30,7501.45
2016-11-01,7502.2
2016-11-02,7391.4
2016-11-03,7344.1
2016-11-04,7274.1
2016-11-07,7330.95
2016-11-08,7366.05
2016-11-09,7247.45
2016-11-10,7342.3
2016-11-11,7126.5
2016-11-15,6916.45
2016-11-16,6928.1
2016-11-17,6903.45
2016-11-18,6908.5
2016-11-21,6761.55
2016-11-22,6835.3
2016-11-23,6882.65
2016-11-24,6837.5
2016-11-25,6960.75
2016-11-28,6983.4
2016-11-29,7003.6
2016-11-30,7079.4
2016-12-01,7040.25
2016-12-02,6947.3
2016-12-05,6984.25
2016-12-06,7001.6
2016-12-07,6971.2
2016-12-08,7089.25
2016-12-09,7101.15
2016-12-12,7023.2
2016-12-13,7045.35
2016-12-14,7004.65
2016-12-15,6989.25
2016-12-16,6976.5
2016-12-19,6943.35
2016-12-20,6908.1
2016-12-21,6896.0
2016-12-22,6816.35
2016-12-23,6814.9
2016-12-26,6724.45
2016-12-27,6832.0
2016-12-28,6847.4
2016-12-29,6915.45
2016-12-30,6982.8
2017-01-02,7002.5
2017-01-03,7028.75
2017-01-04,7030.75
2017-01-05,7106.9
2017-01-06,7083.1
2017-01-09,7085.15
2017-01-10,7132.2
2017-01-11,7214.15
2017-01-12,7231.85
2017-01-13,7228.3
2017-01-16,7247.95
2017-01-17,7243.65
2017-01-18,7269.0
2017-01-19,7287.75
2017-01-20,7202.75
2017-01-23,7242.55
2017-01-24,7315.25
2017-01-25,7417.7
2017-01-27,7455.15
2017-01-30,7452.15
2017-01-31,7379.3
2017-02-01,7516.05
2017-02-02,7547.1
2017-02-03,7569.9
2017-02-06,7628.1
2017-02-07,7603.2
2017-02-08,7614.75
2017-02-09,7623.6
2017-02-10,7631.25
2017-02-13,7626.95
2017-02-14,7605.05
2017-02-15,7531.6
2017-02-16,7599.45
2017-02-17,7638.0
2017-02-20,7691.85
2017-02-21,7725.25
2017-02-22,7721.6
2017-02-23,7729.65
2017-02-27,7706.5
2017-02-28,7709.1
2017-03-01,7754.7
2017-03-02,7691.65
2017-03-03,7696.2
2017-03-06,7745.4
2017-03-07,7735.3
2017-03-08,7710.95
2017-03-09,7710.0
2017-03-10,7710.9
2017-03-14,7835.65
2017-03-15,7854.75
2017-03-16,7928.55
2017-03-17,7933.1
2017-03-20,7918.6
2017-03-21,7909.2
2017-03-22,7830.1
2017-03-23,7885.7
2017-03-24,7905.3
2017-03-27,7865.3
2017-03-28,7912.1
2017-03-29,7945.3
2017-03-30,7976.9
2017-03-31,7995.05
2017-04-03,8053.15
2017-04-05,8095.1
2017-04-06,8092.1
2017-04-07,8045.35
2017-04-10,8052.1
2017-04-11,8107.1
2017-04-12,8078.85
2017-04-13,8044.9
2017-04-17,8042.6
2017-04-18,8003.15
2017-04-19,8021.0
2017-04-20,8063.1
2017-04-21,8057.7
2017-04-24,8137.35
2017-04-25,8216.7
2017-04-26,8230.85
2017-04-27,8222.2
2017-04-28,8214.3
2017-05-02,8231.35
2017-05-03,8227.7
2017-05-04,8265.8
2017-05-05,8193.25
2017-05-08,8226.1
2017-05-09,8242.7
2017-05-10,8320.2
2017-05-11,8331.0
2017-05-12,8299.2
2017-05-15,8351.3
2017-05-16,8398.95
2017-05-17,8396.0
2017-05-18,8279.15
2017-05-19,8258.2
2017-05-22,8235.05
2017-05-23,8159.15
2017-05-24,8106.6
2017-05-25,8233.9
2017-05-26,8331.85
2017-05-29,8299.5
2017-05-30,8328.95
2017-05-31,8350.95
2017-06-01,8367.15
2017-06-02,8406.55
2017-06-05,8435.75
2017-06-06,8397.2
2017-06-07,8431.5
2017-06-08,8429.15
2017-06-09,8452.75
2017-06-12,8408.7
2017-06-13,8408.0
2017-06-14,8420.8
2017-06-15,8400.2
2017-06-16,8411.45
2017-06-19,8453.1
2017-06-20,8454.0
2017-06-21,8443.6
2017-06-22,8423.85
2017-06-23,8355.1
2017-06-27,8285.5
2017-06-28,8279.7
2017-06-29,8301.1
2017-06-30,8331.6
2017-07-03,8416.4
2017-07-04,8410.7
2017-07-05,8451.5
2017-07-06,8481.75
2017-07-07,8479.45
2017-07-10,8556.95
2017-07-11,8544.9
2017-07-12,8585.5
2017-07-13,8646.3
2017-07-14,8640.7
2017-07-17,8659.5
2017-07-18,8589.8
2017-07-19,8662.15
2017-07-20,8641.6
2017-07-21,8669.75
2017-07-24,8702.85
2017-07-25,8710.6
2017-07-26,8748.75
2017-07-27,8737.1
2017-07-28,8747.45
2017-07-31,8793.3
2017-08-01,8812.6
2017-08-02,8786.85
2017-08-03,8729.3
2017-08-04,8776.2
2017-08-07,8806.45
2017-08-08,8726.85
2017-08-09,8637.15
2017-08-10,8497.75
2017-08-11,8427.7
2017-08-14,8541.5
2017-08-16,8635.7
2017-08-17,8643.3
2017-08-18,8594.25
2017-08-21,8509.4
2017-08-22,8499.3
2017-08-23,8585.0
2017-08-24,8605.75
2017-08-28,8669.6
2017-08-29,8571.8
2017-08-30,8663.15
2017-08-31,8694.95
2017-09-01,8755.25
2017-09-04,8700.35
2017-09-05,8747.2
2017-09-06,8732.4
2017-09-07,8757.15
2017-09-08,8749.95
2017-09-11,8810.95
2017-09-12,8890.65
2017-09-13,8866.85
2017-09-14,8884.95
2017-09-15,8887.6
2017-09-18,8946.9
2017-09-19,8951.75
2017-09-20,8938.4
2017-09-21,8911.2
2017-09-22,8738.0
2017-09-25,8638.3
2017-09-26,8654.6
2017-09-27,8520.95
2017-09-28,8557.1
2017-09-29,8600.0
2017-10-03,8662.4
2017-10-04,8706.85
2017-10-05,8706.45
2017-10-06,8787.4
2017-10-09,8798.3
2017-10-10,8836.4
2017-10-11,8792.4
2017-10-12,8890.05
2017-10-13,8937.2
2017-10-16,8985.25
2017-10-17,9002.35
2017-10-18,8984.65
2017-10-19,8937.65
2017-10-23,8972.9
2017-10-24,8993.8
2017-10-25,9065.15
2017-10-26,9106.75
2017-10-27,9104.45
2017-10-30,9165.1
2017-10-31,9153.6
2017-11-01,9234.85
2017-11-02,9237.75
2017-11-03,9260.65
2017-11-06,9273.1
2017-11-07,9169.55
2017-11-08,9117.55
2017-11-09,9147.3
2017-11-10,9154.95
2017-11-13,9082.45
2017-11-14,9051.5
2017-11-15,8973.75
2017-11-16,9065.0
2017-11-17,9137.1
2017-11-20,9161.9
2017-11-21,9185.4
2017-11-22,9195.7
2017-11-23,9207.4
2017-11-24,9246.05
2017-11-27,9267.5
2017-11-28,9254.3
2017-11-29,9244.7
2017-11-30,9154.5
2017-12-01,9060.4
2017-12-04,9059.35
2017-12-05,9056.6
2017-12-06,8988.55
2017-12-07,9103.05
2017-12-08,9190.55
2017-12-11,9231.9
2017-12-12,9156.5
2017-12-13,9101.8
2017-12-14,9133.65
2017-12-15,9216.75
2017-12-18,9270.85
2017-12-19,9360.45
2017-12-20,9363.45
2017-12-21,9387.75
2017-12-22,9431.5
2017-12-26,9470.35
2017-12-27,9438.25
2017-12-28,9435.85
2017-12-29,9490.65
2018-01-01,9434.5
2018-01-02,9417.85
2018-01-03,9439.35
2018-01-04,9505.75
2018-01-05,9573.45
2018-01-08,9639.25
2018-01-09,9640.75
2018-01-10,9630.6
2018-01-11,9650.3
2018-01-12,9665.2
2018-01-15,9699.85
2018-01-16,9612.6
2018-01-17,9686.6
2018-01-18,9646.8
2018-01-19,9723.1
2018-01-22,9787.3
2018-01-23,9877.2
2018-01-24,9853.9
2018-01-25,9810.0
2018-01-29,9819.45
2018-01-30,9743.05
2018-01-31,9697.9
2018-02-01,9687.05
2018-02-02,9409.8
2018-02-05,9344.4
2018-02-06,9190.55
2018-02-07,9206.35
2018-02-08,9322.6
2018-02-09,9251.1
2018-02-12,9348.45
2018-02-14,9326.7
2018-02-15,9323.6
2018-02-16,9235.6
2018-02-19,9159.95
2018-02-20,9151.05
2018-02-21,9167.6
2018-02-22,9138.5
2018-02-23,9251.35
2018-02-26,9332.65
2018-02-27,9302.25
2018-02-28,9261.9
2018-03-01,9225.35
2018-03-05,9136.1
2018-03-06,9039.8
2018-03-07,8936.85
2018-03-08,9000.7
2018-03-09,8986.4
2018-03-12,9121.75
2018-03-13,9157.9
2018-03-14,9151.55
2018-03-15,9133.9
2018-03-16,9004.45
2018-03-19,8894.2
2018-03-20,8920.45
2018-03-21,8949.1
2018-03-22,8904.0
2018-03-23,8800.8
2018-03-26,8914.35
2018-03-27,8978.1
2018-03-28,8912.1
2018-04-02,9023.6
2018-04-03,9074.85
2018-04-04,8975.6
2018-04-05,9146.15
2018-04-06,9172.05
2018-04-09,9205.2
2018-04-10,9219.15
2018-04-11,9230.85
2018-04-12,9247.25
2018-04-13,9267.65
2018-04-16,9311.3
2018-04-17,9330.3
2018-04-18,9311.6
2018-04-19,9356.4
2018-04-20,9347.65
2018-04-23,9373.4
2018-04-24,9390.4
2018-04-25,9349.95
2018-04-26,9381.35
2018-04-27,9443.65
2018-04-30,9496.5
2018-05-02,9444.5
2018-05-03,9388.65
2018-05-04,9339.75
2018-05-07,9418.8
2018-05-08,9419.85
2018-05-09,9418.9
2018-05-10,9360.95
2018-05-11,9416.35
2018-05-14,9389.95
2018-05-15,9365.9
2018-05-16,9328.7
2018-05-17,9304.45
2018-05-18,9209.2
2018-05-21,9108.7
2018-05-22,9145.65
2018-05-23,9069.8
2018-05-24,9115.55
2018-05-25,9215.55
2018-05-28,9307.55
2018-05-29,9270.6
2018-05-30,9255.0
2018-05-31,9315.35
2018-06-01,9255.25
2018-06-04,9175.9
2018-06-05,9110.5
2018-06-06,9205.9
2018-06-07,9300.1
2018-06-08,9316.25
2018-06-11,9332.4
2018-06-12,9386.45
2018-06-13,9386.4
2018-06-14,9356.65
2018-06-15,9343.7
2018-06-18,9318.55
2018-06-19,9234.5
2018-06-20,9276.4
2018-06-21,9240.25
2018-06-22,9296.65
2018-06-25,9234.4
2018-06-26,9231.8
2018-06-27,9129.25
2018-06-28,9036.95
2018-06-29,9162.45
2018-07-02,9109.0
2018-07-03,9149.4
2018-07-04,9194.55
2018-07-05,9166.6
2018-07-06,9194.5
2018-07-09,9277.95
2018-07-10,9359.4
2018-07-11,9344.25
2018-07-12,9380.9
2018-07-13,9349.05
2018-07-16,9231.25
2018-07-17,9315.25
2018-07-18,9269.55
2018-07-19,9236.3
2018-07-20,9286.1
2018-07-23,9363.85
2018-07-24,9450.65
2018-07-25,9449.9
2018-07-26,9487.9
2018-07-27,9579.05
2018-07-30,9618.7
2018-07-31,9650.6
2018-08-01,9651.7
2018-08-02,9588.8
2018-08-03,9685.7
2018-08-06,9709.35
2018-08-07,9704.8
2018-08-08,9744.75
2018-08-09,9769.1
2018-08-10,9724.45
2018-08-13,9656.5
2018-08-14,9726.15
2018-08-16,9685.65
2018-08-17,9770.2
2018-08-20,9839.75
2018-08-21,9862.5
2018-08-23,9872.55
2018-08-24,9850.8
2018-08-27,9958.8
2018-08-28,9985.9
2018-08-29,9973.65
2018-08-30,9975.2
2018-08-31,9992.0
2018-09-03,9921.65
2018-09-04,9806.05
2018-09-05,9764.55
2018-09-06,9815.45
2018-09-07,9875.2
2018-09-10,9740.1
2018-09-11,9607.1
2018-09-12,9660.6
2018-09-14,9792.75
2018-09-17,9696.45
2018-09-18,9594.25
2018-09-19,9545.7
2018-09-21,9425.55
2018-09-24,9243.15
2018-09-25,9303.35
2018-09-26,9302.25
2018-09-27,9202.35
2018-09-28,9116.0
2018-10-01,9165.5
2018-10-03,9056.7
2018-10-04,8854.85
2018-10-05,8624.95
2018-10-08,8602.6
2018-10-09,8562.95
2018-10-10,8748.5
2018-10-11,8565.6
2018-10-12,8767.1
2018-10-15,8812.0
2018-10-16,8893.8
2018-10-17,8758.6
2018-10-19,8640.65
2018-10-22,8576.95
2018-10-23,8489.9
2018-10-24,8555.65
2018-10-25,8473.5
2018-10-26,8417.25
2018-10-29,8610.1
2018-10-30,8600.3
2018-10-31,8753.45
2018-11-01,8772.5
2018-11-02,8899.4
2018-11-05,8877.9
2018-11-06,8870.3
2018-11-07,8933.5
2018-11-09,8946.35
2018-11-12,8859.25
2018-11-13,8923.55
2018-11-14,8921.45
2018-11-15,8954.65
2018-11-16,8993.25
2018-11-19,9052.75
2018-11-20,8960.15
2018-11-21,8940.3
2018-11-22,8879.0
2018-11-26,8943.0
2018-11-27,8983.9
2018-11-28,8993.25
2018-11-29,9081.85
2018-11-30,9109.15
2018-12-03,9126.9
2018-12-04,9116.45
2018-12-05,9029.45
2018-12-06,8883.25
2018-12-07,8940.65
2018-12-10,8769.6
2018-12-11,8845.15
2018-12-12,9021.6
2018-12-13,9077.3
2018-12-14,9091.3
2018-12-17,9153.95
2018-12-18,9177.35
2018-12-19,9246.8
2018-12-20,9234.45
2018-12-21,9082.55
2018-12-24,9002.45
2018-12-26,9041.7
2018-12-27,9078.8
2018-12-28,9152.55
2018-12-31,9170.0
2019-01-01,9197.9
2019-01-02,9103.4
2019-01-03,9014.8
2019-01-04,9054.9
2019-01-07,9081.15
2019-01-08,9098.65
2019-01-09,9127.45
2019-01-10,9119.4
2019-01-11,9098.2
2019-01-14,9051.45
2019-01-15,9157.15
2019-01-16,9158.75
2019-01-17,9161.6
2019-01-18,9140.1
2019-01-21,9155.3
2019-01-22,9131.15
2019-01-23,9068.85
2019-01-24,9072.2
2019-01-25,8994.35
2019-01-28,8876.6
2019-01-29,8875.65
2019-01-30,8884.9
2019-01-31,9003.85
2019-02-01,9056.3
2019-02-04,9042.0
2019-02-05,9033.6
2019-02-06,9118.7
2019-02-07,9145.8
2019-02-08,9036.9
2019-02-11,8967.15
2019-02-12,8925.3
2019-02-13,8887.9
2019-02-14,8869.3
2019-02-15,8827.05
2019-02-18,8754.35
2019-02-19,8742.3
2019-02-20,8845.6
2019-02-21,8901.7
2019-02-22,8919.75
2019-02-25,8983.85
2019-02-26,8953.15
2019-02-27,8946.2
2019-02-28,8955.95
2019-03-01,9037.5
2019-03-05,9173.6
2019-03-06,9230.45
2019-03-07,9225.35
2019-03-08,9211.05
2019-03-11,9345.6
2019-03-12,9440.85
2019-03-13,9450.25
2019-03-14,9447.2
2019-03-15,9499.4
2019-03-18,9516.7
2019-03-19,9570.15
2019-03-20,9553.0
2019-03-22,9500.05
2019-03-25,9411.65
2019-03-26,9512.6
2019-03-27,9501.8
2019-03-28,9601.95
2019-03-29,9663.7
2019-04-01,9702.0
2019-04-02,9720.8
2019-04-03,9658.4
2019-04-04,9626.65
2019-04-05,9684.95
2019-04-08,9634.4
2019-04-09,9677.75
2019-04-10,9622.95
2019-04-11,9634.55
2019-04-12,9674.6
2019-04-15,9716.5
2019-04-16,9781.4
2019-04-18,9738.7
2019-04-22,9599.8
2019-04-23,9587.3
2019-04-24,9687.55
2019-04-25,9628.8
2019-04-26,9689.7
2019-04-30,9664.3
2019-05-02,9637.5
2019-05-03,9624.55
2019-05-06,9532.45
2019-05-07,9450.8
2019-05-08,9340.25
2019-05-09,9299.75
2019-05-10,9290.2
2019-05-13,9159.95
2019-05-14,9212.35
2019-05-15,9160.1
2019-05-16,9221.65
2019-05-17,9329.7
2019-05-20,9671.9
2019-05-21,9578.85
2019-05-22,9598.2
2019-05-23,9552.75
2019-05-24,9722.05
2019-05-27,9804.9
2019-05-28,9815.5
2019-05-29,9757.15
2019-05-30,9815.3
2019-05-31,9805.05
2019-06-03,9922.6
2019-06-04,9876.2
2019-06-06,9722.5
2019-06-07,9735.85
2019-06-10,9765.85
2019-06-11,9805.1
2019-06-12,9749.95
2019-06-13,9747.05
2019-06-14,9669.95
2019-06-17,9543.6
2019-06-18,9551.35
2019-06-19,9526.2
2019-06-20,9646.0
2019-06-21,9581.6
2019-06-24,9564.1
2019-06-25,9632.85
2019-06-26,9682.8
2019-06-27,9692.35
2019-06-28,9657.95
2019-07-01,9713.0
2019-07-02,9744.85
2019-07-03,9757.3
2019-07-04,9776.8
2019-07-05,9657.65
2019-07-08,9447.8
2019-07-09,9455.65
2019-07-10,9400.1
2019-07-11,9466.4
2019-07-12,9457.75
2019-07-15,9469.15
2019-07-16,9529.85
2019-07-17,9543.35
2019-07-18,9456.15
2019-07-19,9304.65
2019-07-22,9247.75
2019-07-23,9233.55
2019-07-24,9160.45
2019-07-25,9159.15
2019-07-26,9192.6
2019-07-29,9108.9
2019-07-30,9004.05
2019-07-31,9044.95
2019-08-01,8935.75
2019-08-02,8943.95
2019-08-05,8831.95
2019-08-06,8918.6
2019-08-07,8854.65
2019-08-08,8979.65
2019-08-09,9046.55
2019-08-13,8890.1
2019-08-14,8971.1
2019-08-16,8988.8
2019-08-19,8997.95
2019-08-20,8957.4
2019-08-21,8864.5
2019-08-22,8719.25
2019-08-23,8790.55
2019-08-26,8964.7
2019-08-27,9022.25
2019-08-28,8970.9
2019-08-29,8906.1
2019-08-30,8977.55
2019-09-03,8802.35
2019-09-04,8833.1
2019-09-05,8846.3
2019-09-06,8920.4
2019-09-09,8972.4
2019-09-11,9015.15
2019-09-12,8981.6
2019-09-13,9050.85
2019-09-16,9009.15
2019-09-17,8853.9
2019-09-18,8877.7
2019-09-19,8766.45
2019-09-20,9230.5
2019-09-23,9486.6
2019-09-24,9474.75
2019-09-25,9344.15
2019-09-26,9443.8
2019-09-27,9395.6
2019-09-30,9340.9
2019-10-01,9236.4
2019-10-03,9198.4
2019-10-04,9091.65
2019-10-07,9040.65
2019-10-09,9177.95
2019-10-10,9112.75
2019-10-11,9161.4
2019-10-14,9192.65
2019-10-15,9253.85
2019-10-16,9281.85
2019-10-17,9391.0
2019-10-18,9479.2
2019-10-22,9448.25
2019-10-23,9458.65
2019-10-24,9437.65
2019-10-25,9431.1
2019-10-27,9478.35
2019-10-29,9598.35
2019-10-30,9647.55
2019-10-31,9689.65
2019-11-01,9704.0
2019-11-04,9732.4
2019-11-05,9694.05
2019-11-06,9721.35
2019-11-07,9764.3
2019-11-08,9683.3
2019-11-11,9695.85
2019-11-13,9633.95
2019-11-14,9650.4
2019-11-15,9667.3
2019-11-18,9668.6
2019-11-19,9702.15
2019-11-20,9744.9
2019-11-21,9712.35
2019-11-22,9679.3
2019-11-25,9802.05
2019-11-26,9762.85
2019-11-27,9815.95
2019-11-28,9869.75
2019-11-29,9813.65
2019-12-02,9798.0
2019-12-03,9743.15
2019-12-04,9782.1
2019-12-05,9757.6
2019-12-06,9669.4
2019-12-09,9671.45
2019-12-10,9595.4
2019-12-11,9636.25
2019-12-12,9691.15
2019-12-13,9783.6
2019-12-16,9753.0
2019-12-17,9831.35
2019-12-18,9864.55
2019-12-19,9892.3
2019-12-20,9905.35
2019-12-23,9897.65
2019-12-24,9868.4
2019-12-26,9817.2
2019-12-27,9908.7
2019-12-30,9924.7
2019-12-31,9872.55
2020-01-01,9888.55
2020-01-02,9980.0
2020-01-03,9941.65
2020-01-06,9747.4
2020-01-07,9805.4
2020-01-08,9792.2
2020-01-09,9943.9
2020-01-10,9978.0
2020-01-13,10042.5
2020-01-14,10075.85
2020-01-15,10087.05
2020-01-16,10110.05
2020-01-17,10118.7
2020-01-20,10025.7
2020-01-21,9987.55
2020-01-22,9947.0
2020-01-23,10021.4
2020-01-24,10083.7
2020-01-27,9999.6
2020-01-28,9956.95
2020-01-29,10009.3
2020-01-30,9919.2
2020-01-31,9861.45
2020-02-01,9606.05
2020-02-03,9650.55
2020-02-04,9853.05
2020-02-05,9951.35
2020-02-06,10004.2
2020-02-07,10000.75
2020-02-10,9945.65
2020-02-11,9987.05
2020-02-12,10037.1
2020-02-13,10017.75
2020-02-14,9961.05
2020-02-17,9891.0
2020-02-18,9845.55
2020-02-19,9970.5
2020-02-20,9958.65
2020-02-24,9758.2
2020-02-25,9724.7
2020-02-26,9622.7
2020-02-27,9579.35
2020-02-28,9236.05
2020-03-02,9178.8
2020-03-03,9324.3
2020-03-04,9258.25
2020-03-05,9280.15
2020-03-06,9059.95
2020-03-09,8631.35
2020-03-11,8618.05
2020-03-12,7901.35
2020-03-13,8163.0
2020-03-16,7591.9
2020-03-17,7417.65
2020-03-18,7010.55
2020-03-19,6807.2
2020-03-20,7160.1
2020-03-23,6243.0
2020-03-24,6365.45
2020-03-25,6724.0
2020-03-26,6993.85
2020-03-27,7003.3
2020-03-30,6749.2
2020-03-31,6996.75
2020-04-01,6761.95
2020-04-03,6638.45
2020-04-07,7149.0
2020-04-08,7161.45
2020-04-09,7441.65
2020-04-13,7360.35
2020-04-15,7344.35
2020-04-16,7412.3
2020-04-17,7614.4
2020-04-20,7614.6
2020-04-21,7395.85
2020-04-22,7533.8
2020-04-23,7625.3
2020-04-24,7493.45
2020-04-27,7603.95
2020-04-28,7672.45
2020-04-29,7797.2
2020-04-30,8012.9
2020-05-04,7596.9
2020-05-05,7523.05
2020-05-06,7575.5
2020-05-07,7520.85
2020-05-08,7552.0
2020-05-11,7556.4
2020-05-12,7520.9
2020-05-13,7667.0
2020-05-14,7514.55
2020-05-15,7504.05
2020-05-18,7245.25
2020-05-19,7284.5
2020-05-20,7426.85
2020-05-21,7470.6
2020-05-22,7416.0
2020-05-26,7424.5
2020-05-27,7595.55
2020-05-28,7732.25
2020-05-29,7822.4
2020-06-01,8020.1
2020-06-02,8137.45
2020-06-03,8203.0
2020-06-04,8185.9
2020-06-05,8299.35
2020-06-08,8323.95
2020-06-09,8238.1
2020-06-10,8293.35
2020-06-11,8137.0
2020-06-12,8196.4
2020-06-15,8086.45
2020-06-16,8152.3
2020-06-17,8140.45
2020-06-18,8283.65
2020-06-19,8403.4
2020-06-22,8486.45
2020-06-23,8621.1
2020-06-24,8496.25
2020-06-25,8499.9
2020-06-26,8559.0
2020-06-29,8488.05
2020-06-30,8474.8
2020-07-01,8554.75
2020-07-02,8647.85
2020-07-03,8696.25
2020-07-06,8815.7
2020-07-07,8850.3
2020-07-08,8785.0
2020-07-09,8851.5
2020-07-10,8813.95
2020-07-13,8834.2
2020-07-14,8693.35
2020-07-15,8689.85
2020-07-16,8766.6
2020-07-17,8895.3
2020-07-20,8985.1
2020-07-21,9070.6
2020-07-22,9046.6
2020-07-23,9114.05
2020-07-24,9085.95
2020-07-27,9024.9
2020-07-28,9141.75
2020-07-29,9096.1
2020-07-30,9031.7
2020-07-31,9035.75
2020-08-03,8932.05
2020-08-04,9074.95
2020-08-05,9088.75
2020-08-06,9169.1
2020-08-07,9198.65
2020-08-10,9268.55
2020-08-11,9291.0
2020-08-12,9284.8
2020-08-13,9307.85
2020-08-14,9214.4
2020-08-17,9267.9
2020-08-18,9382.05
2020-08-19,9412.55
2020-08-20,9368.75
2020-08-21,9423.55
2020-08-24,9498.35
2020-08-25,9509.25
2020-08-26,9567.15
2020-08-27,9580.7
2020-08-28,9641.05
2020-08-31,9372.05
2020-09-01,9442.25
2020-09-02,9518.4
2020-09-03,9534.65
2020-09-04,9377.95
2020-09-07,9379.1
2020-09-08,9329.85
2020-09-09,9290.2
2020-09-10,9420.25
2020-09-11,9446.4
2020-09-14,9493.3
2020-09-15,9573.35
2020-09-16,9632.5
2020-09-17,9566.75
2020-09-18,9559.5
2020-09-21,9313.0
2020-09-22,9213.9
2020-09-23,9194.35
2020-09-24,8944.75
2020-09-25,9156.1
2020-09-28,9330.25
2020-09-29,9319.7
2020-09-30,9341.75
2020-10-01,9461.7
2020-10-05,9516.3
2020-10-06,9622.35
2020-10-07,9654.5
2020-10-08,9711.8
2020-10-09,9750.15
2020-10-12,9745.35
2020-10-13,9736.45
2020-10-14,9763.4
2020-10-15,9550.05
2020-10-16,9626.25
2020-10-19,9709.3
2020-10-20,9733.0
2020-10-21,9756.6
2020-10-22,9745.05
2020-10-23,9780.35
2020-10-26,9647.65
2020-10-27,9748.3
2020-10-28,9632.35
2020-10-29,9593.4
2020-10-30,9581.65
2020-11-02,9595.95
2020-11-03,9696.3
2020-11-04,9764.6
2020-11-05,9935.35
2020-11-06,10033.5
2020-11-09,10176.35
2020-11-10,10269.0
2020-11-11,10356.5
2020-11-12,10342.7
2020-11-13,10387.2
2020-11-14,10440.35
2020-11-17,10524.0
2020-11-18,10588.35
2020-11-19,10477.5
2020-11-20,10560.55
2020-11-23,10635.95
2020-11-24,10733.6
2020-11-25,10574.95
2020-11-26,10674.05
2020-11-27,10719.05
2020-12-01,10835.15
2020-12-02,10858.15
2020-12-03,10893.6
2020-12-04,10978.85
2020-12-07,11070.25
2020-12-08,11088.65
2020-12-09,11181.2
2020-12-10,11141.35
2020-12-11,11171.4
2020-12-14,11215.25
2020-12-15,11223.9
2020-12-16,11320.1
2020-12-17,11346.35
2020-12-18,11355.0
2020-12-21,10964.25
2020-12-22,11075.75
2020-12-23,11225.55
2020-12-24,11325.25
2020-12-28,11434.7
2020-12-29,11467.0
2020-12-30,11509.65
2020-12-31,11518.3
2021-01-01,11574.85
2021-01-04,11691.8
2021-01-05,11767.0
2021-01-06,11737.9
2021-01-07,11766.1
2021-01-08,11925.6
2021-01-11,12006.5
2021-01-12,12058.35
2021-01-13,12041.1
2021-01-14,12069.5
2021-01-15,11931.2
2021-01-18,11776.2
2021-01-19,11981.85
2021-01-20,12078.35
2021-01-21,12015.95
2021-01-22,11854.5
2021-01-25,11743.7
2021-01-27,11546.35
2021-01-28,11442.55
2021-01-29,11302.4
2021-02-01,11770.15
2021-02-02,12053.25
2021-02-03,12174.05
2021-02-04,12285.85
2021-02-05,12279.85
2021-02-08,12441.3
2021-02-09,12434.2
2021-02-10,12452.45
2021-02-11,12514.1
2021-02-12,12508.55
2021-02-15,12632.05
2021-02-16,12647.2
2021-02-17,12597.45
2021-02-18,12565.7
2021-02-19,12438.8
2021-02-22,12212.55
2021-02-23,12263.7
2021-02-24,12455.2
2021-02-25,12567.85
2021-02-26,12181.4
2021-03-01,12368.3
2021-03-02,12519.4
2021-03-03,12764.8
2021-03-04,12688.85
2021-03-05,12539.0
2021-03-08,12558.95
2021-03-09,12617.2
2021-03-10,12691.35
2021-03-12,12593.9
2021-03-15,12510.15
2021-03-16,12512.7
2021-03-17,12319.9
2021-03-18,12174.45
2021-03-19,12314.5
2021-03-22,12338.6
2021-03-23,12417.3
2021-03-24,12197.2
2021-03-25,11993.3
2021-03-26,12148.9
2021-03-30,12387.9
2021-03-31,12313.7
2021-04-01,12479.0
2021-04-05,12298.6
2021-04-06,12358.1
2021-04-07,12481.3
2021-04-08,12541.65
2021-04-09,12527.4
2021-04-12,12024.1
2021-04-13,12186.7
2021-04-15,12237.6
2021-04-16,12298.05
2021-04-19,12076.45
2021-04-20,12055.4
2021-04-22,12132.05
2021-04-23,12105.6
2021-04-26,12216.85
2021-04-27,12362.55
2021-04-28,12517.95
2021-04-29,12532.8
2021-04-30,12364.35
2021-05-03,12395.25
2021-05-04,12300.45
2021-05-05,12413.0
2021-05-06,12501.9
2021-05-07,12563.1
2021-05-10,12669.9
2021-05-11,12642.25
2021-05-12,12537.95
2021-05-14,12472.15
2021-05-17,12672.1
2021-05-18,12839.1
2021-05-19,12809.0
2021-05-20,12736.45
2021-05-21,12917.85
2021-05-24,12962.45
2021-05-25,12963.0
2021-05-26,13022.2
2021-05-27,13066.25
2021-05-28,13117.05
2021-05-31,13226.35
2021-06-01,13210.4
2021-06-02,13274.25
2021-06-03,13380.5
2021-06-04,13393.9
2021-06-07,13479.65
2021-06-08,13496.55
2021-06-09,13396.4
2021-06-10,13517.2
2021-06-11,13563.85
2021-06-14,13554.15
2021-06-15,13607.8
2021-06-16,13510.6
2021-06-17,13425.15
2021-06-18,13386.55
2021-06-21,13456.1
2021-06-22,13491.1
2021-06-23,13423.35
2021-06-24,13468.25
2021-06-25,13539.4
2021-06-28,13533.05
2021-06-29,13481.95
2021-06-30,13473.55
2021-07-01,13454.1
2021-07-02,13494.45
2021-07-05,13585.75
2021-07-06,13574.15
2021-07-07,13631.0
2021-07-08,13532.7
2021-07-09,13527.95
2021-07-12,13549.0
2021-07-13,13628.85
2021-07-14,13661.1
2021-07-15,13720.35
2021-07-16,13742.35
2021-07-19,13619.85
2021-07-20,13495.6
2021-07-22,13670.2
2021-07-23,13687.0
2021-07-26,13675.1
2021-07-27,13610.3
2021-07-28,13579.15
2021-07-29,13643.75
2021-07-30,13664.25
2021-08-02,13783.7
2021-08-03,13939.2
2021-08-04,13969.35
2021-08-05,13981.55
2021-08-06,13954.65
2021-08-09,13935.05
2021-08-10,13892.75
2021-08-11,13876.55
2021-08-12,13971.95
2021-08-13,14065.3
2021-08-16,14070.8
2021-08-17,14113.1
2021-08-18,14095.55
2021-08-20,13943.95
2021-08-23,13930.55
2021-08-24,14063.25
2021-08-25,14093.6
2021-08-26,14106.95
2021-08-27,14192.5
2021-08-30,14397.9
2021-08-31,14555.9
2021-09-01,14551.35
2021-09-02,14684.35
2021-09-03,14759.3
2021-09-06,14805.85
2021-09-07,14784.25
2021-09-08,14803.6
2021-09-09,14836.45
2021-09-13,14852.2
2021-09-14,14904.35
2021-09-15,15020.55
2021-09-16,15104.9
2021-09-17,15027.25
2021-09-20,14826.75
2021-09-21,14946.3
2021-09-22,14990.55
2021-09-23,15205.45
2021-09-24,15191.95
2021-09-27,15189.05
2021-09-28,15095.6
2021-09-29,15086.95
2021-09-30,15052.65
2021-10-01,15013.95
2021-10-04,15181.15
2021-10-05,15280.1
2021-10-06,15134.55
2021-10-07,15290.15
2021-10-08,15365.2
2021-10-11,15428.0
2021-10-12,15481.9
2021-10-13,15631.4
2021-10-14,15769.25
2021-10-18,15886.15
2021-10-19,15757.85
2021-10-20,15568.65
2021-10-21,15487.65
2021-10-22,15399.7
2021-10-25,15334.35
2021-10-26,15499.65
2021-10-27,15484.35
2021-10-28,15190.85
2021-10-29,15086.9
2021-11-01,15302.7
2021-11-02,15314.65
2021-11-03,15282.75
2021-11-04,15376.9
2021-11-08,15520.15
2021-11-09,15541.95
2021-11-10,15521.1
2021-11-11,15411.1
2021-11-12,15579.0
2021-11-15,15592.6
2021-11-16,15525.4
2021-11-17,15454.95
2021-11-18,15302.55
2021-11-22,14976.7
2021-11-23,15107.8
2021-11-24,15046.5
2021-11-25,15150.6
2021-11-26,14707.2
2021-11-29,14656.45
2021-11-30,14648.35
2021-12-01,14784.7
2021-12-02,14973.95
2021-12-03,14856.3
2021-12-06,14618.35
2021-12-07,14834.5
2021-12-08,15073.25
2021-12-09,15126.6
2021-12-10,15155.0
2021-12-13,15064.25
2021-12-14,15043.25
2021-12-15,14953.1
2021-12-16,14936.45
2021-12-17,14673.15
2021-12-20,14300.7
2021-12-21,14461.4
2021-12-22,14639.75
2021-12-23,14751.45
2021-12-24,14664.8
2021-12-27,14727.6
2021-12-28,14867.85
2021-12-29,14863.4
2021-12-30,14842.05
2021-12-31,14996.2
2022-01-03,15204.6
2022-01-04,15318.75
2022-01-05,15396.4
2022-01-06,15290.1
2022-01-07,15348.55
2022-01-10,15495.55
2022-01-11,15530.55
2022-01-12,15667.9
2022-01-13,15721.05
2022-01-14,15730.4
2022-01-17,15781.25
2022-01-18,15573.1
2022-01-19,15472.5
2022-01-20,15361.1
2022-01-21,15180.8
2022-01-24,14712.05
2022-01-25,14832.2
2022-01-27,14679.7
2022-01-28,14723.25
2022-01-31,14921.45
2022-02-01,15116.2
2022-02-02,15293.35
2022-02-03,15135.9
2022-02-04,15085.45
2022-02-07,14870.6
2022-02-08,14857.05
2022-02-09,15016.35
2022-02-10,15112.2
2022-02-11,14891.3
2022-02-14,14400.4
2022-02-15,14805.55
2022-02-16,14789.9
2022-02-17,14772.05
2022-02-18,14710.7
2022-02-21,14597.1
2022-02-22,14489.05
2022-02-23,14506.95
2022-02-24,13775.7
2022-02-25,14187.4
2022-02-28,14307.95
2022-03-02,14199.8
2022-03-03,14135.95
2022-03-04,13893.15
2022-03-07,13564.25
2022-03-08,13706.75
2022-03-09,13979.6
2022-03-10,14189.0
2022-03-11,14237.15
2022-03-14,14374.6
2022-03-15,14215.85
2022-03-16,14481.8
2022-03-17,14721.7
2022-03-21,14602.35
2022-03-22,14724.05
2022-03-23,14695.15
2022-03-24,14699.35
2022-03-25,14651.7
2022-03-28,14675.85
2022-03-29,14761.9
2022-03-30,14896.9
2022-03-31,14894.5
2022-04-01,15087.3
2022-04-04,15384.2
2022-04-05,15390.5
2022-04-06,15327.9
2022-04-07,15201.25
2022-04-08,15342.4
2022-04-11,15325.5
2022-04-12,15164.7
2022-04-13,15138.55
2022-04-18,14926.05
2022-04-19,14726.65
2022-04-20,14850.3
2022-04-21,15053.95
2022-04-22,14894.85
2022-04-25,14673.0
2022-04-26,14898.35
2022-04-27,14756.0
2022-04-28,14913.9
2022-04-29,14783.35
2022-05-02,14736.3
2022-05-04,14393.35
2022-05-05,14395.5
2022-05-06,14145.75
2022-05-09,13991.75
2022-05-10,13855.95
2022-05-11,13771.8
2022-05-12,13465.25
2022-05-13,13471.5
2022-05-16,13571.2
2022-05-17,13926.05
2022-05-18,13918.2
2022-05-19,13550.9
2022-05-20,13895.05
2022-05-23,13835.8
2022-05-24,13747.25
2022-05-25,13587.75
2022-05-26,13722.55
2022-05-27,13873.15
2022-05-30,14154.8
2022-05-31,14119.6
2022-06-01,14082.9
2022-06-02,14167.95
2022-06-03,14077.9
2022-06-06,14054.1
2022-06-07,13935.6
2022-06-08,13886.9
2022-06-09,13977.1
2022-06-10,13781.75
2022-06-13,13416.9
2022-06-14,13388.3
2022-06-15,13380.85
2022-06-16,13089.2
2022-06-17,12994.75
2022-06-20,12950.75
2022-06-21,13241.9
2022-06-22,13047.75
2022-06-23,13178.8
2022-06-24,13322.5
2022-06-27,13444.55
2022-06-28,13464.25
2022-06-29,13417.85
2022-06-30,13387.55
2022-07-01,13394.45
2022-07-04,13472.65
2022-07-05,13461.85
2022-07-06,13631.3
2022-07-07,13765.6
2022-07-08,13828.25
2022-07-11,13886.85
2022-07-12,13779.0
2022-07-13,13726.95
2022-07-14,13702.65
2022-07-15,13790.2
2022-07-18,13984.4
2022-07-19,14051.65
2022-07-20,14164.4
2022-07-21,14271.8
2022-07-22,14336.6
2022-07-25,14279.5
2022-07-26,14141.45
2022-07-27,14262.55
2022-07-28,14469.1
2022-07-29,14665.65
2022-08-01,14846.85
2022-08-02,14876.6
2022-08-03,14878.05
2022-08-04,14892.45
2022-08-05,14900.4
2022-08-08,14993.35
2022-08-10,14985.8
2022-08-11,15095.15
2022-08-12,15140.55
2022-08-16,15280.5
2022-08-17,15379.05
2022-08-18,15404.6
2022-08-19,15236.65
2022-08-22,15001.75
2022-08-23,15090.5
2022-08-24,15140.4
2022-08-25,15100.65
2022-08-26,15147.55
2022-08-29,14972.75
2022-08-30,15325.05
2022-09-01,15211.2
2022-09-02,15201.6
2022-09-05,15294.4
2022-09-06,15313.05
2022-09-07,15319.4
2022-09-08,15440.7
2022-09-09,15467.4
2022-09-12,15577.4
2022-09-13,15669.85
2022-09-14,15630.7
2022-09-15,15580.35
2022-09-16,15243.95
2022-09-19,15293.55
2022-09-20,15470.35
2022-09-21,15361.25
2022-09-22,15335.3
2022-09-23,15057.65
2022-09-26,14725.7
2022-09-27,14727.3
2022-09-28,14620.6
2022-09-29,14602.5
2022-09-30,14829.35
2022-10-03,14638.5
2022-10-04,14965.8
2022-10-06,15053.05
2022-10-07,15036.7
2022-10-10,14951.65
2022-10-11,14721.9
2022-10-12,14829.95
2022-10-13,14730.3
2022-10-14,14815.1
2022-10-17,14906.15
2022-10-18,15056.55
2022-10-19,15068.6
2022-10-20,15112.1
2022-10-21,15081.1
2022-10-24,15198.75
2022-10-25,15158.1
2022-10-27,15244.25
2022-10-28,15241.6
2022-10-31,15424.0
2022-11-01,15537.4
2022-11-02,15497.55
2022-11-03,15484.7
2022-11-04,15530.85
2022-11-07,15615.15
2022-11-09,15567.25
2022-11-10,15440.0
2022-11-11,15649.1
2022-11-14,15650.2
2022-11-15,15693.9
2022-11-16,15663.3
2022-11-17,15597.25
2022-11-18,15550.85
2022-11-21,15453.8
2022-11-22,15509.2
2022-11-23,15538.15
2022-11-24,15680.8
2022-11-25,15727.25
2022-11-28,15784.45
2022-11-29,15812.45
2022-11-30,15946.15
2022-12-01,16003.95
2022-12-02,15963.5
2022-12-05,15967.2
2022-12-06,15922.85
2022-12-07,15862.0
2022-12-08,15911.1
2022-12-09,15812.75
2022-12-12,15828.0
2022-12-13,15904.5
2022-12-14,15963.8
2022-12-15,15783.8
2022-12-16,15636.35
2022-12-19,15755.2
2022-12-20,15726.2
2022-12-21,15527.55
2022-12-22,15431.5
2022-12-23,15046.0
2022-12-26,15298.55
2022-12-27,15418.35
2022-12-28,15432.8
2022-12-29,15485.2
2022-12-30,15448.85
2023-01-02,15523.65
2023-01-03,15557.8
2023-01-04,15393.0
2023-01-05,15386.2
2023-01-06,15272.0
2023-01-09,15450.1
2023-01-10,15325.25
2023-01-11,15301.35
2023-01-12,15279.6
2023-01-13,15346.1
2023-01-16,15305.45
2023-01-17,15396.15
2023-01-18,15466.35
2023-01-19,15419.7
2023-01-20,15347.9
2023-01-23,15403.2
2023-01-24,15388.55
2023-01-25,15171.95
2023-01-27,14874.75
2023-01-30,14854.2
2023-01-31,14935.5
2023-02-01,14847.65
2023-02-02,14839.4
2023-02-03,14962.35
2023-02-06,14934.15
2023-02-07,14902.2
2023-02-08,15028.3
2023-02-09,15030.1
2023-02-10,15015.85
2023-02-13,14900.5
2023-02-14,14968.9
2023-02-15,15039.65
2023-02-16,15083.75
2023-02-17,15003.95
2023-02-20,14938.65
2023-02-21,14913.95
2023-02-22,14701.9
2023-02-23,14666.75
2023-02-24,14630.45
2023-02-27,14548.7
2023-02-28,14518.75
2023-03-01,14664.85
2023-03-02,14587.25
2023-03-03,14774.75
2023-03-06,14881.0
2023-03-08,14921.95
2023-03-09,14803.95
2023-03-10,14679.85
2023-03-13,14454.45
2023-03-14,14358.55
2023-03-15,14320.3
2023-03-16,14330.35
2023-03-17,14420.85
2023-03-20,14317.1
2023-03-21,14411.3
2023-03-22,14460.0
2023-03-23,14403.6
2023-03-24,14279.0
2023-03-27,14262.7
2023-03-28,14211.8
2023-03-29,14345.6
2023-03-31,14557.85
2023-04-03,14601.95
2023-04-05,14709.4
2023-04-06,14759.2
2023-04-10,14790.55
2023-04-11,14867.25
2023-04-12,14941.55
2023-04-13,14954.25
2023-04-17,14904.3
2023-04-18,14897.0
2023-04-19,14856.9
2023-04-20,14861.75
2023-04-21,14847.1
2023-04-24,14930.15
2023-04-25,14955.7
2023-04-26,14994.4
2023-04-27,15075.05
2023-04-28,15219.55
2023-05-02,15300.75
2023-05-03,15276.4
2023-05-04,15405.5
2023-05-05,15278.6
2023-05-08,15427.1
2023-05-09,15420.6
2023-05-10,15466.05
2023-05-11,15484.05
2023-05-12,15477.35
2023-05-15,15549.7
2023-05-16,15492.4
2023-05-17,15426.35
2023-05-18,15361.6
2023-05-19,15407.55
2023-05-22,15504.0
2023-05-23,15544.75
2023-05-24,15515.95
2023-05-25,15555.25
2023-05-26,15696.75
2023-05-29,15772.35
2023-05-30,15799.45
2023-05-31,15766.4
2023-06-01,15760.35
2023-06-02,15811.2
2023-06-05,15859.5
2023-06-06,15878.4
2023-06-07,16006.7
2023-06-08,15921.05
2023-06-09,15877.4
2023-06-12,15929.1
2023-06-13,16048.2
2023-06-14,16084.05
2023-06-15,16058.25
2023-06-16,16181.45
2023-06-19,16142.15
2023-06-20,16199.95
2023-06-21,16240.95
2023-06-22,16140.8
2023-06-23,16011.8
2023-06-26,16066.15
2023-06-27,16163.5
2023-06-28,16277.2
2023-06-30,16430.0
2023-07-03,16527.95
2023-07-04,16556.05
2023-07-05,16597.2
2023-07-06,16695.05
2023-07-07,16564.9
2023-07-10,16553.75
2023-07-11,16648.0
2023-07-12,16641.05
2023-07-13,16623.9
2023-07-14,16765.45
2023-07-17,16872.05
2023-07-18,16872.0
2023-07-19,16953.5
2023-07-20,17042.55
2023-07-21,16904.3
2023-07-24,16865.15
2023-07-25,16896.9
2023-07-26,16975.0
2023-07-27,16919.2
2023-07-28,16948.35
2023-07-31,17059.0
2023-08-01,17051.15
2023-08-02,16858.95
2023-08-03,16772.3
2023-08-04,16890.6
2023-08-07,16956.35
2023-08-08,16949.25
2023-08-09,17003.85
2023-08-10,16939.85
2023-08-11,16860.15
2023-08-14,16825.55
2023-08-16,16853.05
2023-08-17,16802.25
2023-08-18,16757.7
2023-08-21,16852.05
2023-08-22,16905.25
2023-08-23,16950.25
2023-08-24,16930.15
2023-08-25,16820.85
2023-08-28,16875.3
2023-08-29,16927.3
2023-08-30,16968.95
2023-08-31,16924.3
2023-09-01,17074.55
2023-09-04,17180.95
2023-09-05,17252.1
2023-09-06,17284.6
2023-09-07,17385.5
2023-09-08,17487.45
2023-09-11,17653.35
2023-09-12,17460.55
2023-09-13,17526.75
2023-09-14,17603.5
2023-09-15,17665.8
2023-09-18,17613.6
2023-09-20,17449.35
2023-09-21,17303.5
2023-09-22,17260.8
2023-09-25,17272.55
2023-09-26,17276.75
2023-09-27,17341.6
2023-09-28,17170.45
2023-09-29,17292.6
2023-10-03,17254.4
2023-10-04,17123.1
2023-10-05,17195.8
2023-10-06,17293.6
2023-10-09,17127.7
2023-10-10,17303.35
2023-10-11,17407.35
2023-10-12,17419.7
2023-10-13,17390.35
2023-10-16,17393.0
2023-10-17,17467.7
2023-10-18,17344.0
2023-10-19,17310.5
2023-10-20,17208.75
2023-10-23,16888.7
2023-10-25,16760.8
2023-10-26,16555.45
2023-10-27,16765.45
2023-10-30,16826.1
2023-10-31,16801.1
2023-11-01,16732.95
2023-11-02,16890.8
2023-11-03,17000.95
2023-11-06,17159.4
2023-11-07,17187.8
2023-11-08,17259.7
2023-11-09,17218.9
2023-11-10,17256.6
2023-11-12,17361.1
2023-11-13,17318.6
2023-11-15,17508.05
2023-11-16,17593.1
2023-11-17,17600.5
2023-11-20,17573.65
2023-11-21,17627.6
2023-11-22,17627.7
2023-11-23,17639.4
2023-11-24,17643.5
2023-11-28,17741.8
2023-11-29,17904.1
2023-11-30,17987.95
2023-12-01,18115.35
2023-12-04,18448.5
2023-12-05,18588.55
2023-12-06,18680.0
2023-12-07,18703.85
2023-12-08,18703.5
2023-12-11,18770.2
2023-12-12,18686.8
2023-12-13,18751.45
2023-12-14,18973.85
2023-12-15,19145.05
2023-12-18,19155.55
2023-12-19,19169.25
2023-12-20,18779.45
2023-12-21,18941.8
2023-12-22,19054.7
2023-12-26,19148.85
2023-12-27,19296.95
2023-12-28,19399.25
2023-12-29,19429.15
2024-01-01,19469.5
2024-01-02,19418.4
2024-01-03,19367.15
2024-01-04,19541.25
2024-01-05,19590.6
2024-01-08,19417.7
2024-01-09,19459.55
2024-01-10,19517.85
2024-01-11,19584.35
2024-01-12,19745.6
2024-01-15,19885.55
2024-01-16,19827.55
2024-01-17,19487.6
2024-01-18,19414.8
2024-01-19,19606.4
2024-01-20,19601.9
2024-01-23,19206.45
2024-01-24,19451.0
2024-01-25,19393.0
2024-01-29,19711.65
2024-01-30,19574.2
2024-01-31,19802.1
2024-02-01,19777.35
2024-02-02,19910.8
2024-02-05,19853.5
2024-02-06,20033.75
2024-02-07,20109.55
2024-02-08,19987.55
2024-02-09,19961.5
2024-02-12,19675.2
2024-02-13,19782.9
2024-02-14,19922.3
2024-02-15,20037.0
2024-02-16,20164.9
2024-02-19,20241.1
2024-02-20,20271.9
2024-02-21,20128.3
2024-02-22,20283.95
2024-02-23,20313.5
2024-02-26,20255.8
2024-02-27,20292.85
2024-02-28,20020.4
2024-02-29,20090.05
2024-03-01,20349.8
2024-03-02,20421.35
2024-03-04,20432.05
2024-03-05,20382.0
2024-03-06,20379.55
2024-03-07,20434.8
2024-03-11,20288.75
2024-03-12,20171.4
2024-03-13,19646.3
2024-03-14,19916.35
2024-03-15,19825.2
2024-03-18,19843.1
2024-03-19,19610.55
2024-03-20,19632.05
2024-03-21,19897.4
2024-03-22,19994.6
2024-03-26,20005.25
2024-03-27,20087.8
2024-03-28,20255.15
2024-04-01,20492.55
2024-04-02,20569.75
2024-04-03,20605.7
2024-04-04,20664.65
2024-04-05,20715.1
2024-04-08,20819.1
2024-04-09,20790.7
2024-04-10,20915.2
2024-04-12,20745.5
2024-04-15,20478.75
2024-04-16,20423.0
2024-04-18,20324.7
2024-04-19,20385.2
2024-04-22,20574.85
2024-04-23,20652.65
2024-04-24,20730.65
2024-04-25,20867.9
2024-04-26,20839.35
2024-04-29,20992.2
2024-04-30,20997.2
2024-05-02,21083.6
2024-05-03,20959.55
2024-05-06,20864.95
2024-05-07,20636.05
2024-05-08,20704.9
2024-05-09,20344.8
2024-05-10,20469.1
2024-05-13,20511.0
2024-05-14,20683.8
2024-05-15,20741.85
2024-05-16,20929.05
2024-05-17,21064.55
2024-05-18,21144.45
2024-05-21,21187.65
2024-05-22,21237.75
2024-05-23,21489.55
2024-05-24,21483.75
2024-05-27,21493.0
2024-05-28,21387.35
2024-05-29,21256.3
2024-05-30,21038.55
2024-05-31,21103.3
2024-06-03,21797.4
2024-06-04,20323.85
2024-06-05,21054.4
2024-06-06,21365.0
2024-06-07,21764.15
2024-06-10,21808.25
2024-06-11,21852.0
2024-06-12,21960.95
2024-06-13,22074.3
2024-06-14,22214.3
2024-06-18,22329.6
2024-06-19,22224.9
2024-06-20,22305.1
2024-06-21,22236.2
2024-06-24,22289.1
2024-06-25,22370.65
2024-06-26,22436.8
2024-06-27,22537.4
2024-06-28,22559.7
2024-07-01,22727.6
2024-07-02,22677.8
2024-07-03,22851.2
2024-07-04,22914.2
2024-07-05,22987.65
2024-07-08,22971.15
2024-07-09,23067.35
2024-07-10,22977.65
2024-07-11,23005.25
2024-07-12,23095.45
2024-07-15,23209.85
2024-07-16,23204.25
2024-07-18,23210.05
2024-07-19,22853.6
2024-07-22,22942.65
2024-07-23,22865.2
2024-07-24,22921.45
2024-07-25,22917.25
2024-07-26,23292.05
2024-07-29,23394.2
2024-07-30,23440.9
2024-07-31,23530.8
2024-08-01,23506.6
2024-08-02,23259.45
2024-08-05,22542.45
2024-08-06,22443.3
2024-08-07,22848.9
2024-08-08,22705.7
2024-08-09,22923.5
2024-08-12,22915.85
2024-08-13,22705.8
2024-08-14,22672.65
2024-08-16,23056.5
2024-08-19,23139.75
2024-08-20,23280.35
2024-08-21,23368.65
2024-08-22,23440.7
2024-08-23,23418.65
2024-08-26,23561.75
2024-08-27,23604.85
2024-08-28,23615.95
2024-08-29,23631.4
2024-08-30,23734.55
2024-09-02,23760.7
2024-09-03,23788.45
2024-09-04,23748.9
2024-09-05,23762.8
2024-09-06,23477.7
2024-09-09,23502.15
2024-09-10,23643.65
2024-09-11,23531.25
2024-09-12,23907.35
2024-09-13,23928.2
2024-09-16,23968.2
2024-09-17,23969.9
2024-09-18,23898.65
2024-09-19,23853.95
2024-09-20,24193.8
2024-09-23,24379.2
2024-09-24,24389.7
2024-09-25,24371.25
2024-09-26,24496.9
2024-09-27,24489.55
2024-09-30,24245.2
2024-10-01,24271.3
2024-10-03,23755.45
2024-10-04,23534.95
2024-10-07,23181.95
2024-10-08,23512.55
2024-10-09,23599.6
2024-10-10,23598.15
2024-10-11,23611.25
2024-10-14,23727.05
2024-10-15,23735.7
2024-10-16,23673.15
2024-10-17,23377.0
2024-10-18,23440.7
2024-10-21,23263.25
2024-10-22,22814.45
2024-10-23,22841.1
2024-10-24,22787.85
2024-10-25,22499.05
2024-10-28,22649.95
2024-10-29,22795.05
2024-10-30,22749.8
2024-10-31,22689.35
2024-11-01,22823.55
2024-11-04,22518.3
2024-11-05,22679.85
2024-11-06,23031.2
2024-11-07,22806.25
2024-11-08,22645.65
2024-11-11,22591.4
2024-11-12,22331.05
2024-11-13,21914.95
2024-11-14,21963.1
2024-11-18,21899.4
2024-11-19,22004.35
2024-11-21,21820.85
2024-11-22,22225.55
2024-11-25,22553.5
2024-11-26,22562.45
2024-11-27,22691.7
2024-11-28,22514.35
2024-11-29,22687.0
2024-12-02,22835.85
2024-12-03,23020.85
2024-12-04,23099.5
2024-12-05,23277.95
2024-12-06,23312.1
2024-12-09,23292.0
2024-12-10,23314.9
2024-12-11,23358.15
2024-12-12,23256.4
2024-12-13,23358.95
2024-12-16,23352.45
2024-12-17,23095.75
2024-12-18,22934.4
2024-12-19,22752.15
2024-12-20,22319.4
2024-12-23,22412.3
2024-12-24,22402.7
2024-12-26,22430.35
2024-12-27,22445.2
2024-12-30,22357.15
2024-12-31,22375.4
2025-01-01,22481.8
2025-01-02,22819.75
2025-01-03,22708.15
2025-01-06,22225.4
2025-01-07,22341.65
2025-01-08,22231.8
2025-01-09,22046.55
2025-01-10,21799.0
2025-01-13,21243.45
2025-01-14,21481.05
2025-01-15,21551.2
2025-01-16,21714.55
2025-01-17,21680.25
2025-01-20,21809.0
2025-01-21,21433.2
2025-01-22,21396.55
2025-01-23,21538.05
2025-01-24,21318.9
2025-01-27,20910.95
2025-01-28,20924.75
2025-01-29,21245.5
2025-01-30,21297.5
2025-01-31,21580.9
2025-02-01,21581.75
2025-02-03,21402.55
2025-02-04,21727.45
2025-02-05,21784.25
2025-02-06,21672.45
2025-02-07,21646.15
2025-02-10,21371.3
2025-02-11,20950.45
2025-02-12,20907.85
2025-02-13,20904.35
2025-02-14,20633.1
2025-02-17,20652.35
2025-02-18,20611.4
2025-02-19,20731.45
2025-02-20,20831.1
2025-02-21,20690.25
2025-02-24,20468.45
2025-02-25,20418.75
2025-02-27,20315.55
2025-02-28,19880.9
2025-03-03,19896.95
2025-03-04,19917.85
2025-03-05,20256.5
2025-03-06,20447.1
2025-03-07,20443.4
2025-03-10,20266.5
2025-03-11,20302.5
2025-03-12,20264.35
2025-03-13,20176.05
2025-03-17,20288.3
2025-03-18,20657.2
2025-03-19,20864.5
2025-03-20,21070.05
2025-03-21,21273.9
2025-03-24,21538.1
2025-03-25,21437.75
2025-03-26,21275.45
2025-03-27,21407.95
2025-03-28,21339.55
2025-04-01,21070.75
2025-04-02,21265.65
2025-04-03,21243.4
2025-04-04,20805.35
2025-04-07,20105.7
2025-04-08,20480.8
2025-04-09,20356.75
2025-04-11,20752.85
2025-04-15,21279.4
2025-04-16,21404.35
2025-04-17,21681.55
2025-04-21,22005.75
2025-04-22,22085.15
2025-04-23,22237.6
2025-04-24,22180.65
2025-04-25,21848.15
2025-04-28,22101.85
2025-04-29,22112.4
2025-04-30,22030.05
2025-05-02,22006.0
2025-05-05,22195.15
2025-05-06,21956.6
2025-05-07,22072.45
2025-05-08,21843.05
2025-05-09,21675.55
2025-05-12,22511.4
2025-05-13,22349.4
2025-05-14,22499.5
2025-05-15,22788.8
2025-05-16,22870.9
2025-05-19,22865.8
2025-05-20,22585.6
2025-05-21,22730.65
2025-05-22,22595.0
2025-05-23,22781.05
2025-05-26,22908.3
2025-05-27,22816.5
2025-05-28,22779.4
2025-05-29,22861.35
2025-05-30,22801.95
2025-06-02,22834.5
2025-06-03,22711.3
2025-06-04,22807.85
2025-06-05,22934.5
2025-06-06,23165.1
2025-06-09,23330.55
2025-06-10,23339.95
2025-06-11,23337.85
2025-06-12,23046.45
2025-06-13,22906.2
2025-06-16,23095.05
2025-06-17,22981.5
2025-06-18,22925.2
2025-06-19,22763.5
2025-06-20,23041.1
2025-06-23,23001.5
2025-06-24,23113.2
2025-06-25,23296.85
2025-06-26,23517.55
2025-06-27,23620.15
2025-06-30,23617.2
2025-07-01,23615.45
2025-07-02,23547.25
2025-07-03,23521.85
2025-07-04,23562.45
2025-07-07,23551.2
2025-07-08,23572.55
2025-07-09,23557.45
2025-07-10,23471.4
2025-07-11,23282.7
2025-07-14,23309.05
2025-07-15,23449.15
2025-07-16,23472.5
2025-07-17,23419.7
2025-07-18,23275.15
2025-07-21,23378.45
2025-07-22,23320.9
2025-07-23,23428.4
2025-07-24,23301.1
2025-07-25,23014.8
2025-07-28,22846.95
2025-07-29,23007.35
2025-07-30,23033.55
2025-07-31,22914.95
2025-08-01,22673.65
2025-08-04,22860.4
2025-08-05,22798.5
2025-08-06,22666.85
2025-08-07,22694.1
2025-08-08,22443.15
2025-08-11,22633.45
2025-08-12,22568.6
2025-08-13,22698.1
2025-08-14,22680.25
2025-08-18,22931.5
2025-08-19,23066.6
2025-08-20,23143.15
2025-08-21,23137.15
2025-08-22,22991.3
2025-08-25,23052.0
2025-08-26,22768.65
2025-08-28,22541.65
2025-08-29,22462.95
2025-09-01,22713.55
2025-09-02,22724.4
2025-09-03,22864.65
2025-09-04,22819.65
2025-09-05,22829.15
2025-09-08,22878.65
2025-09-09,22949.1
2025-09-10,23074.15
2025-09-11,23102.65
2025-09-12,23190.25
2025-09-15,23215.85
2025-09-16,23369.3
2025-09-17,23445.2
2025-09-18,23518.9
2025-09-19,23486.65
2025-09-22,23381.45
2025-09-23,23325.25
2025-09-24,23178.25
2025-09-25,23022.4
2025-09-26,22713.15
2025-09-29,22739.1
2025-09-30,22734.1
2025-10-01,22928.3
2025-10-03,23027.7
2025-10-06,23169.65
2025-10-07,23209.5
2025-10-08,23109.35
2025-10-09,23241.75
2025-10-10,23337.55
2025-10-13,23294.8
2025-10-14,23184.05
2025-10-15,23377.35
2025-10-16,23563.8
2025-10-17,23598.05
2025-10-20,23716.1
2025-10-21,23759.2
2025-10-23,23755.9
2025-10-24,23686.6
2025-10-27,23840.9
2025-10-28,23812.55
2025-10-29,23952.4
2025-10-30,23841.3
2025-10-31,23710.4
2025-11-03,23810.7
2025-11-04,23675.45
2025-11-06,23513.15
2025-11-07,23521.5
2025-11-10,23596.9
2025-11-11,23682.65
2025-11-12,23836.9
2025-11-13,23816.0
2025-11-14,23836.35
2025-11-17,23954.55
2025-11-18,23824.65
2025-11-19,23906.3
2025-11-20,23975.45
2025-11-21,23790.25
2025-11-24,23674.55
2025-11-25,23655.05
2025-11-26,23955.2
2025-11-27,23947.75
2025-11-28,23933.2
2025-12-01,23922.45
2025-12-02,23822.25
2025-12-03,23716.3
2025-12-04,23741.1
2025-12-05,23835.25
2025-12-08,23526.2
2025-12-09,23516.25
2025-12-10,23408.8
2025-12-11,23550.85
2025-12-12,23726.2
2025-12-15,23725.2
2025-12-16,23570.15
2025-12-17,23496.05
2025-12-18,23491.5
2025-12-19,23677.55
2025-12-22,23867.65
2025-12-23,23895.15
2025-12-24,23850.25
2025-12-26,23780.25
2025-12-29,23682.1
2025-12-30,23668.8
2025-12-31,23871.55
2026-01-01,23909.55
2026-01-02,24099.0
2026-01-05,24058.45
2026-01-06,24010.5
2026-01-07,24016.6
2026-01-08,23680.1
2026-01-09,23467.35
2026-01-12,23510.45
2026-01-13,23480.65
2026-01-14,23475.85
2026-01-16,23485.3
2026-01-19,23373.75
2026-01-20,22946.65
2026-01-21,22835.15
2026-01-22,23008.75
2026-01-23,22706.2
2026-01-27,22819.25
2026-01-28,23082.1
2026-01-29,23134.8
2026-01-30,23079.5
2026-02-01,22611.3
2026-02-02,22837.0
2026-02-03,23446.3
2026-02-04,23534.95
2026-02-05,23411.7
2026-02-06,23434.0
2026-02-09,23683.4
2026-02-10,23753.75
2026-02-11,23783.05
2026-02-12,23651.55
2026-02-13,23313.15
2026-02-16,23472.45
2026-02-17,23540.05
2026-02-18,23645.8
2026-02-19,23297.45
2026-02-20,23395.0
2026-02-23,23484.95
2026-02-24,23304.6
2026-02-25,23403.8
2026-02-26,23448.5
2026-02-27,23166.85
2026-03-02,22835.95
2026-03-04,22409.8
2026-03-05,22697.8
2026-03-06,22481.3
2026-03-09,22056.55
2026-03-10,22342.95
2026-03-11,22042.3
2026-03-12,21897.5
2026-03-13,21391.2
2026-03-16,21498.8
2026-03-17,21669.3
2026-03-18,21917.4
2026-03-19,21225.8
2026-03-20,21327.9
2026-03-23,20664.25
2026-03-24,21067.0
2026-03-25,21478.2
2026-03-27,21020.15
2026-03-30,20528.05
2026-04-01,20935.15
2026-04-02,20938.35
2026-04-06,21194.05
2026-04-07,21296.45
2026-04-08,22137.1
2026-04-09,22037.5
2026-04-10,22346.75
2026-04-13,22179.05
2026-04-15,22595.55
2026-04-16,22656.3
2026-04-17,22869.4
2026-04-20,22865.8
2026-04-21,23042.35
2026-04-22,22991.5
2026-04-23,22810.85
2026-04-24,22570.05
2026-04-27,22821.4
2026-04-28,22765.6
2026-04-29,22871.0
2026-04-30,22683.55
2026-05-04,22830.75
2026-05-05,22808.25
2026-05-06,23133.4
2026-05-07,23214.0
2026-05-08,23115.65
2026-05-11,22795.75
2026-05-12,22299.9
2026-05-13,22377.35
2026-05-14,22613.1
2026-05-15,22531.15
2026-05-18,22461.05
2026-05-19,22521.75
2026-05-20,22578.15
2026-05-21,22602.85
2026-05-22,22651.3
2026-05-25,22929.45
2026-05-26,22897.2
2026-05-27,22967.4
2026-05-29,22657.0
