symbol,isin,fiscal_year,period_end,filing_date,revenue,cogs,gross_profit,net_profit,total_assets,total_equity,total_debt,ocf,source,confidence,verified
TATAMOTORS,INE155A01022,2011,2011-03-31,,,,,,,,,,,,FALSE
TATAMOTORS,INE155A01022,2012,2012-03-31,,,,,,,,,,,,FALSE
TATAMOTORS,INE155A01022,2013,2013-03-31,,,,,,,,,,,,FALSE
TATAMOTORS,INE155A01022,2014,2014-03-31,,,,,,,,,,,,FALSE
TATAMOTORS,INE155A01022,2015,2015-03-31,,,,,,,,,,,,FALSE
TATAMOTORS,INE155A01022,2016,2016-03-31,,,,,,,,,,,,FALSE
TATAMOTORS,INE155A01022,2017,2017-03-31,,,,,,,,,,,,FALSE
TATAMOTORS,INE155A01022,2018,2018-03-31,,,,,,,,,,,,FALSE
TATAMOTORS,INE155A01022,2019,2019-03-31,,,,,,,,,,,,FALSE
TATAMOTORS,INE155A01022,2020,2020-03-31,,,,,,,,,,,,FALSE
TATAMOTORS,INE155A01022,2021,2021-03-31,,,,,,,,,,,,FALSE
TATAMOTORS,INE155A01022,2022,2022-03-31,,,,,,,,,,,,FALSE
TATAMOTORS,INE155A01022,2023,2023-03-31,,,,,,,,,,,,FALSE
TATAMOTORS,INE155A01022,2024,2024-03-31,,,,,,,,,,,,FALSE
TATAMOTORS,INE155A01022,2025,2025-03-31,,,,,,,,,,,,FALSE
DELTACORP,INE124G01033,2011,2011-03-31,,,,,,,,,,,,FALSE
DELTACORP,INE124G01033,2012,2012-03-31,,,,,,,,,,,,FALSE
DELTACORP,INE124G01033,2013,2013-03-31,,,,,,,,,,,,FALSE
DELTACORP,INE124G01033,2014,2014-03-31,,,,,,,,,,,,FALSE
DELTACORP,INE124G01033,2015,2015-03-31,,,,,,,,,,,,FALSE
DELTACORP,INE124G01033,2016,2016-03-31,,,,,,,,,,,,FALSE
DELTACORP,INE124G01033,2017,2017-03-31,,,,,,,,,,,,FALSE
DELTACORP,INE124G01033,2018,2018-03-31,,,,,,,,,,,,FALSE
DELTACORP,INE124G01033,2019,2019-03-31,,,,,,,,,,,,FALSE
DELTACORP,INE124G01033,2020,2020-03-31,,,,,,,,,,,,FALSE
DELTACORP,INE124G01033,2021,2021-03-31,,,,,,,,,,,,FALSE
DELTACORP,INE124G01033,2022,2022-03-31,,,,,,,,,,,,FALSE
DELTACORP,INE124G01033,2023,2023-03-31,,,,,,,,,,,,FALSE
DELTACORP,INE124G01033,2024,2024-03-31,,,,,,,,,,,,FALSE
DELTACORP,INE124G01033,2025,2025-03-31,,,,,,,,,,,,FALSE
HDIL,INE191I01012,2011,2011-03-31,,,,,,,,,,,,FALSE
HDIL,INE191I01012,2012,2012-03-31,,,,,,,,,,,,FALSE
HDIL,INE191I01012,2013,2013-03-31,,,,,,,,,,,,FALSE
HDIL,INE191I01012,2014,2014-03-31,,,,,,,,,,,,FALSE
HDIL,INE191I01012,2015,2015-03-31,,,,,,,,,,,,FALSE
HDIL,INE191I01012,2016,2016-03-31,,,,,,,,,,,,FALSE
HDIL,INE191I01012,2017,2017-03-31,,,,,,,,,,,,FALSE
HDIL,INE191I01012,2018,2018-03-31,,,,,,,,,,,,FALSE
HDIL,INE191I01012,2019,2019-03-31,,,,,,,,,,,,FALSE
HDIL,INE191I01012,2020,2020-03-31,,,,,,,,,,,,FALSE
JPASSOCIAT,INE455F01025,2011,2011-03-31,,,,,,,,,,,,FALSE
JPASSOCIAT,INE455F01025,2012,2012-03-31,,,,,,,,,,,,FALSE
JPASSOCIAT,INE455F01025,2013,2013-03-31,,,,,,,,,,,,FALSE
JPASSOCIAT,INE455F01025,2014,2014-03-31,,,,,,,,,,,,FALSE
JPASSOCIAT,INE455F01025,2015,2015-03-31,,,,,,,,,,,,FALSE
JPASSOCIAT,INE455F01025,2016,2016-03-31,,,,,,,,,,,,FALSE
JPASSOCIAT,INE455F01025,2017,2017-03-31,,,,,,,,,,,,FALSE
JPASSOCIAT,INE455F01025,2018,2018-03-31,,,,,,,,,,,,FALSE
JPASSOCIAT,INE455F01025,2019,2019-03-31,,,,,,,,,,,,FALSE
JPASSOCIAT,INE455F01025,2020,2020-03-31,,,,,,,,,,,,FALSE
JPASSOCIAT,INE455F01025,2021,2021-03-31,,,,,,,,,,,,FALSE
JPASSOCIAT,INE455F01025,2022,2022-03-31,,,,,,,,,,,,FALSE
JPASSOCIAT,INE455F01025,2023,2023-03-31,,,,,,,,,,,,FALSE
JPASSOCIAT,INE455F01025,2024,2024-03-31,,,,,,,,,,,,FALSE
JPASSOCIAT,INE455F01025,2025,2025-03-31,,,,,,,,,,,,FALSE
RELINFRA,INE036A01016,2011,2011-03-31,,,,,,,,,,,,FALSE
RELINFRA,INE036A01016,2012,2012-03-31,,,,,,,,,,,,FALSE
RELINFRA,INE036A01016,2013,2013-03-31,,,,,,,,,,,,FALSE
RELINFRA,INE036A01016,2014,2014-03-31,,,,,,,,,,,,FALSE
RELINFRA,INE036A01016,2015,2015-03-31,,,,,,,,,,,,FALSE
RELINFRA,INE036A01016,2016,2016-03-31,,,,,,,,,,,,FALSE
RELINFRA,INE036A01016,2017,2017-03-31,,,,,,,,,,,,FALSE
RELINFRA,INE036A01016,2018,2018-03-31,,,,,,,,,,,,FALSE
RELINFRA,INE036A01016,2019,2019-03-31,,,,,,,,,,,,FALSE
RELINFRA,INE036A01016,2020,2020-03-31,,,,,,,,,,,,FALSE
RELINFRA,INE036A01016,2021,2021-03-31,,,,,,,,,,,,FALSE
RELINFRA,INE036A01016,2022,2022-03-31,,,,,,,,,,,,FALSE
RELINFRA,INE036A01016,2023,2023-03-31,,,,,,,,,,,,FALSE
RELINFRA,INE036A01016,2024,2024-03-31,,,,,,,,,,,,FALSE
RELINFRA,INE036A01016,2025,2025-03-31,,,,,,,,,,,,FALSE
PUNJLLOYD,INE701B01021,2011,2011-03-31,,,,,,,,,,,,FALSE
PUNJLLOYD,INE701B01021,2012,2012-03-31,,,,,,,,,,,,FALSE
PUNJLLOYD,INE701B01021,2013,2013-03-31,,,,,,,,,,,,FALSE
PUNJLLOYD,INE701B01021,2014,2014-03-31,,,,,,,,,,,,FALSE
PUNJLLOYD,INE701B01021,2015,2015-03-31,,,,,,,,,,,,FALSE
PUNJLLOYD,INE701B01021,2016,2016-03-31,,,,,,,,,,,,FALSE
PUNJLLOYD,INE701B01021,2017,2017-03-31,,,,,,,,,,,,FALSE
PUNJLLOYD,INE701B01021,2018,2018-03-31,,,,,,,,,,,,FALSE
PUNJLLOYD,INE701B01021,2019,2019-03-31,,,,,,,,,,,,FALSE
PUNJLLOYD,INE701B01021,2020,2020-03-31,,,,,,,,,,,,FALSE
UNITECH,INE694A01020,2011,2011-03-31,,,,,,,,,,,,FALSE
UNITECH,INE694A01020,2012,2012-03-31,,,,,,,,,,,,FALSE
UNITECH,INE694A01020,2013,2013-03-31,,,,,,,,,,,,FALSE
UNITECH,INE694A01020,2014,2014-03-31,,,,,,,,,,,,FALSE
UNITECH,INE694A01020,2015,2015-03-31,,,,,,,,,,,,FALSE
UNITECH,INE694A01020,2016,2016-03-31,,,,,,,,,,,,FALSE
UNITECH,INE694A01020,2017,2017-03-31,,,,,,,,,,,,FALSE
UNITECH,INE694A01020,2018,2018-03-31,,,,,,,,,,,,FALSE
UNITECH,INE694A01020,2019,2019-03-31,,,,,,,,,,,,FALSE
UNITECH,INE694A01020,2020,2020-03-31,,,,,,,,,,,,FALSE
UNITECH,INE694A01020,2021,2021-03-31,,,,,,,,,,,,FALSE
UNITECH,INE694A01020,2022,2022-03-31,,,,,,,,,,,,FALSE
UNITECH,INE694A01020,2023,2023-03-31,,,,,,,,,,,,FALSE
UNITECH,INE694A01020,2024,2024-03-31,,,,,,,,,,,,FALSE
UNITECH,INE694A01020,2025,2025-03-31,,,,,,,,,,,,FALSE
YESBANK,INE528G01035,2011,2011-03-31,,,,,,,,,,,,FALSE
YESBANK,INE528G01035,2012,2012-03-31,,,,,,,,,,,,FALSE
YESBANK,INE528G01035,2013,2013-03-31,,,,,,,,,,,,FALSE
YESBANK,INE528G01035,2014,2014-03-31,,,,,,,,,,,,FALSE
YESBANK,INE528G01035,2015,2015-03-31,,,,,,,,,,,,FALSE
YESBANK,INE528G01035,2016,2016-03-31,,,,,,,,,,,,FALSE
YESBANK,INE528G01035,2017,2017-03-31,,,,,,,,,,,,FALSE
YESBANK,INE528G01035,2018,2018-03-31,,,,,,,,,,,,FALSE
YESBANK,INE528G01035,2019,2019-03-31,,,,,,,,,,,,FALSE
YESBANK,INE528G01035,2020,2020-03-31,,,,,,,,,,,,FALSE
YESBANK,INE528G01035,2021,2021-03-31,,,,,,,,,,,,FALSE
YESBANK,INE528G01035,2022,2022-03-31,,,,,,,,,,,,FALSE
YESBANK,INE528G01035,2023,2023-03-31,,,,,,,,,,,,FALSE
YESBANK,INE528G01035,2024,2024-03-31,,,,,,,,,,,,FALSE
YESBANK,INE528G01035,2025,2025-03-31,,,,,,,,,,,,FALSE
SUZLON,INE040H01021,2011,2011-03-31,,,,,,,,,,,,FALSE
SUZLON,INE040H01021,2012,2012-03-31,,,,,,,,,,,,FALSE
SUZLON,INE040H01021,2013,2013-03-31,,,,,,,,,,,,FALSE
SUZLON,INE040H01021,2014,2014-03-31,,,,,,,,,,,,FALSE
SUZLON,INE040H01021,2015,2015-03-31,,,,,,,,,,,,FALSE
SUZLON,INE040H01021,2016,2016-03-31,,,,,,,,,,,,FALSE
SUZLON,INE040H01021,2017,2017-03-31,,,,,,,,,,,,FALSE
SUZLON,INE040H01021,2018,2018-03-31,,,,,,,,,,,,FALSE
SUZLON,INE040H01021,2019,2019-03-31,,,,,,,,,,,,FALSE
SUZLON,INE040H01021,2020,2020-03-31,,,,,,,,,,,,FALSE
SUZLON,INE040H01021,2021,2021-03-31,,,,,,,,,,,,FALSE
SUZLON,INE040H01021,2022,2022-03-31,,,,,,,,,,,,FALSE
SUZLON,INE040H01021,2023,2023-03-31,,,,,,,,,,,,FALSE
SUZLON,INE040H01021,2024,2024-03-31,,,,,,,,,,,,FALSE
SUZLON,INE040H01021,2025,2025-03-31,,,,,,,,,,,,FALSE
RELCAPITAL,INE013A01015,2011,2011-03-31,,,,,,,,,,,,FALSE
RELCAPITAL,INE013A01015,2012,2012-03-31,,,,,,,,,,,,FALSE
RELCAPITAL,INE013A01015,2013,2013-03-31,,,,,,,,,,,,FALSE
RELCAPITAL,INE013A01015,2014,2014-03-31,,,,,,,,,,,,FALSE
RELCAPITAL,INE013A01015,2015,2015-03-31,,,,,,,,,,,,FALSE
RELCAPITAL,INE013A01015,2016,2016-03-31,,,,,,,,,,,,FALSE
RELCAPITAL,INE013A01015,2017,2017-03-31,,,,,,,,,,,,FALSE
RELCAPITAL,INE013A01015,2018,2018-03-31,,,,,,,,,,,,FALSE
RELCAPITAL,INE013A01015,2019,2019-03-31,,,,,,,,,,,,FALSE
RELCAPITAL,INE013A01015,2020,2020-03-31,,,,,,,,,,,,FALSE
RELCAPITAL,INE013A01015,2021,2021-03-31,,,,,,,,,,,,FALSE
RELCAPITAL,INE013A01015,2022,2022-03-31,,,,,,,,,,,,FALSE
RELCAPITAL,INE013A01015,2023,2023-03-31,,,,,,,,,,,,FALSE
RCOM,INE330H01018,2011,2011-03-31,,,,,,,,,,,,FALSE
RCOM,INE330H01018,2012,2012-03-31,,,,,,,,,,,,FALSE
RCOM,INE330H01018,2013,2013-03-31,,,,,,,,,,,,FALSE
RCOM,INE330H01018,2014,2014-03-31,,,,,,,,,,,,FALSE
RCOM,INE330H01018,2015,2015-03-31,,,,,,,,,,,,FALSE
RCOM,INE330H01018,2016,2016-03-31,,,,,,,,,,,,FALSE
RCOM,INE330H01018,2017,2017-03-31,,,,,,,,,,,,FALSE
RCOM,INE330H01018,2018,2018-03-31,,,,,,,,,,,,FALSE
RCOM,INE330H01018,2019,2019-03-31,,,,,,,,,,,,FALSE
RCOM,INE330H01018,2020,2020-03-31,,,,,,,,,,,,FALSE
RCOM,INE330H01018,2021,2021-03-31,,,,,,,,,,,,FALSE
RCOM,INE330H01018,2022,2022-03-31,,,,,,,,,,,,FALSE
RCOM,INE330H01018,2023,2023-03-31,,,,,,,,,,,,FALSE
JETAIRWAYS,INE802G01018,2011,2011-03-31,,,,,,,,,,,,FALSE
JETAIRWAYS,INE802G01018,2012,2012-03-31,,,,,,,,,,,,FALSE
JETAIRWAYS,INE802G01018,2013,2013-03-31,,,,,,,,,,,,FALSE
JETAIRWAYS,INE802G01018,2014,2014-03-31,,,,,,,,,,,,FALSE
JETAIRWAYS,INE802G01018,2015,2015-03-31,,,,,,,,,,,,FALSE
JETAIRWAYS,INE802G01018,2016,2016-03-31,,,,,,,,,,,,FALSE
JETAIRWAYS,INE802G01018,2017,2017-03-31,,,,,,,,,,,,FALSE
JETAIRWAYS,INE802G01018,2018,2018-03-31,,,,,,,,,,,,FALSE
JETAIRWAYS,INE802G01018,2019,2019-03-31,,,,,,,,,,,,FALSE
JETAIRWAYS,INE802G01018,2020,2020-03-31,,,,,,,,,,,,FALSE
GITANJALI,INE346H01014,2011,2011-03-31,,,,,,,,,,,,FALSE
GITANJALI,INE346H01014,2012,2012-03-31,,,,,,,,,,,,FALSE
GITANJALI,INE346H01014,2013,2013-03-31,,,,,,,,,,,,FALSE
GITANJALI,INE346H01014,2014,2014-03-31,,,,,,,,,,,,FALSE
GITANJALI,INE346H01014,2015,2015-03-31,,,,,,,,,,,,FALSE
GITANJALI,INE346H01014,2016,2016-03-31,,,,,,,,,,,,FALSE
GITANJALI,INE346H01014,2017,2017-03-31,,,,,,,,,,,,FALSE
GITANJALI,INE346H01014,2018,2018-03-31,,,,,,,,,,,,FALSE
GITANJALI,INE346H01014,2019,2019-03-31,,,,,,,,,,,,FALSE
ABAN,INE421A01028,2011,2011-03-31,,,,,,,,,,,,FALSE
ABAN,INE421A01028,2012,2012-03-31,,,,,,,,,,,,FALSE
ABAN,INE421A01028,2013,2013-03-31,,,,,,,,,,,,FALSE
ABAN,INE421A01028,2014,2014-03-31,,,,,,,,,,,,FALSE
ABAN,INE421A01028,2015,2015-03-31,,,,,,,,,,,,FALSE
ABAN,INE421A01028,2016,2016-03-31,,,,,,,,,,,,FALSE
ABAN,INE421A01028,2017,2017-03-31,,,,,,,,,,,,FALSE
ABAN,INE421A01028,2018,2018-03-31,,,,,,,,,,,,FALSE
ABAN,INE421A01028,2019,2019-03-31,,,,,,,,,,,,FALSE
ABAN,INE421A01028,2020,2020-03-31,,,,,,,,,,,,FALSE
ABAN,INE421A01028,2021,2021-03-31,,,,,,,,,,,,FALSE
ABAN,INE421A01028,2022,2022-03-31,,,,,,,,,,,,FALSE
ABAN,INE421A01028,2023,2023-03-31,,,,,,,,,,,,FALSE
ABAN,INE421A01028,2024,2024-03-31,,,,,,,,,,,,FALSE
ABAN,INE421A01028,2025,2025-03-31,,,,,,,,,,,,FALSE
ALOKTEXT,INE270A01011,2011,2011-03-31,,,,,,,,,,,,FALSE
ALOKTEXT,INE270A01011,2012,2012-03-31,,,,,,,,,,,,FALSE
ALOKTEXT,INE270A01011,2013,2013-03-31,,,,,,,,,,,,FALSE
ALOKTEXT,INE270A01011,2014,2014-03-31,,,,,,,,,,,,FALSE
ALOKTEXT,INE270A01011,2015,2015-03-31,,,,,,,,,,,,FALSE
ALOKTEXT,INE270A01011,2016,2016-03-31,,,,,,,,,,,,FALSE
ALOKTEXT,INE270A01011,2017,2017-03-31,,,,,,,,,,,,FALSE
ALOKTEXT,INE270A01011,2018,2018-03-31,,,,,,,,,,,,FALSE
ALOKTEXT,INE270A01011,2019,2019-03-31,,,,,,,,,,,,FALSE
ALOKTEXT,INE270A01011,2020,2020-03-31,,,,,,,,,,,,FALSE
SKUMARSYNF,INE772A01016,2011,2011-03-31,,,,,,,,,,,,FALSE
SKUMARSYNF,INE772A01016,2012,2012-03-31,,,,,,,,,,,,FALSE
SKUMARSYNF,INE772A01016,2013,2013-03-31,,,,,,,,,,,,FALSE
SKUMARSYNF,INE772A01016,2014,2014-03-31,,,,,,,,,,,,FALSE
SKUMARSYNF,INE772A01016,2015,2015-03-31,,,,,,,,,,,,FALSE
SKUMARSYNF,INE772A01016,2016,2016-03-31,,,,,,,,,,,,FALSE
VIDEOIND,INE703A01011,2011,2011-03-31,,,,,,,,,,,,FALSE
VIDEOIND,INE703A01011,2012,2012-03-31,,,,,,,,,,,,FALSE
VIDEOIND,INE703A01011,2013,2013-03-31,,,,,,,,,,,,FALSE
VIDEOIND,INE703A01011,2014,2014-03-31,,,,,,,,,,,,FALSE
VIDEOIND,INE703A01011,2015,2015-03-31,,,,,,,,,,,,FALSE
VIDEOIND,INE703A01011,2016,2016-03-31,,,,,,,,,,,,FALSE
VIDEOIND,INE703A01011,2017,2017-03-31,,,,,,,,,,,,FALSE
VIDEOIND,INE703A01011,2018,2018-03-31,,,,,,,,,,,,FALSE
VIDEOIND,INE703A01011,2019,2019-03-31,,,,,,,,,,,,FALSE
IBREALEST,INE069I01010,2011,2011-03-31,,,,,,,,,,,,FALSE
IBREALEST,INE069I01010,2012,2012-03-31,,,,,,,,,,,,FALSE
IBREALEST,INE069I01010,2013,2013-03-31,,,,,,,,,,,,FALSE
IBREALEST,INE069I01010,2014,2014-03-31,,,,,,,,,,,,FALSE
IBREALEST,INE069I01010,2015,2015-03-31,,,,,,,,,,,,FALSE
IBREALEST,INE069I01010,2016,2016-03-31,,,,,,,,,,,,FALSE
IBREALEST,INE069I01010,2017,2017-03-31,,,,,,,,,,,,FALSE
IBREALEST,INE069I01010,2018,2018-03-31,,,,,,,,,,,,FALSE
IBREALEST,INE069I01010,2019,2019-03-31,,,,,,,,,,,,FALSE
IBREALEST,INE069I01010,2020,2020-03-31,,,,,,,,,,,,FALSE
IBREALEST,INE069I01010,2021,2021-03-31,,,,,,,,,,,,FALSE
IBREALEST,INE069I01010,2022,2022-03-31,,,,,,,,,,,,FALSE
IBREALEST,INE069I01010,2023,2023-03-31,,,,,,,,,,,,FALSE
IBREALEST,INE069I01010,2024,2024-03-31,,,,,,,,,,,,FALSE
IBREALEST,INE069I01010,2025,2025-03-31,,,,,,,,,,,,FALSE
HAVELLS,INE176B01034,2011,2011-03-31,,,,,,,,,,,,FALSE
HAVELLS,INE176B01034,2012,2012-03-31,,,,,,,,,,,,FALSE
HAVELLS,INE176B01034,2013,2013-03-31,,,,,,,,,,,,FALSE
HAVELLS,INE176B01034,2014,2014-03-31,,,,,,,,,,,,FALSE
HAVELLS,INE176B01034,2015,2015-03-31,,,,,,,,,,,,FALSE
HAVELLS,INE176B01034,2016,2016-03-31,,,,,,,,,,,,FALSE
HAVELLS,INE176B01034,2017,2017-03-31,,,,,,,,,,,,FALSE
HAVELLS,INE176B01034,2018,2018-03-31,,,,,,,,,,,,FALSE
HAVELLS,INE176B01034,2019,2019-03-31,,,,,,,,,,,,FALSE
HAVELLS,INE176B01034,2020,2020-03-31,,,,,,,,,,,,FALSE
HAVELLS,INE176B01034,2021,2021-03-31,,,,,,,,,,,,FALSE
HAVELLS,INE176B01034,2022,2022-03-31,,,,,,,,,,,,FALSE
HAVELLS,INE176B01034,2023,2023-03-31,,,,,,,,,,,,FALSE
HAVELLS,INE176B01034,2024,2024-03-31,,,,,,,,,,,,FALSE
HAVELLS,INE176B01034,2025,2025-03-31,,,,,,,,,,,,FALSE
BANKBARODA,INE028A01039,2011,2011-03-31,,,,,,,,,,,,FALSE
BANKBARODA,INE028A01039,2012,2012-03-31,,,,,,,,,,,,FALSE
BANKBARODA,INE028A01039,2013,2013-03-31,,,,,,,,,,,,FALSE
BANKBARODA,INE028A01039,2014,2014-03-31,,,,,,,,,,,,FALSE
BANKBARODA,INE028A01039,2015,2015-03-31,,,,,,,,,,,,FALSE
BANKBARODA,INE028A01039,2016,2016-03-31,,,,,,,,,,,,FALSE
BANKBARODA,INE028A01039,2017,2017-03-31,,,,,,,,,,,,FALSE
BANKBARODA,INE028A01039,2018,2018-03-31,,,,,,,,,,,,FALSE
BANKBARODA,INE028A01039,2019,2019-03-31,,,,,,,,,,,,FALSE
BANKBARODA,INE028A01039,2020,2020-03-31,,,,,,,,,,,,FALSE
BANKBARODA,INE028A01039,2021,2021-03-31,,,,,,,,,,,,FALSE
BANKBARODA,INE028A01039,2022,2022-03-31,,,,,,,,,,,,FALSE
BANKBARODA,INE028A01039,2023,2023-03-31,,,,,,,,,,,,FALSE
BANKBARODA,INE028A01039,2024,2024-03-31,,,,,,,,,,,,FALSE
BANKBARODA,INE028A01039,2025,2025-03-31,,,,,,,,,,,,FALSE
GVKPIL,INE251H01024,2011,2011-03-31,,,,,,,,,,,,FALSE
GVKPIL,INE251H01024,2012,2012-03-31,,,,,,,,,,,,FALSE
GVKPIL,INE251H01024,2013,2013-03-31,,,,,,,,,,,,FALSE
GVKPIL,INE251H01024,2014,2014-03-31,,,,,,,,,,,,FALSE
GVKPIL,INE251H01024,2015,2015-03-31,,,,,,,,,,,,FALSE
GVKPIL,INE251H01024,2016,2016-03-31,,,,,,,,,,,,FALSE
GVKPIL,INE251H01024,2017,2017-03-31,,,,,,,,,,,,FALSE
GVKPIL,INE251H01024,2018,2018-03-31,,,,,,,,,,,,FALSE
GVKPIL,INE251H01024,2019,2019-03-31,,,,,,,,,,,,FALSE
GVKPIL,INE251H01024,2020,2020-03-31,,,,,,,,,,,,FALSE
GVKPIL,INE251H01024,2021,2021-03-31,,,,,,,,,,,,FALSE
GVKPIL,INE251H01024,2022,2022-03-31,,,,,,,,,,,,FALSE
GVKPIL,INE251H01024,2023,2023-03-31,,,,,,,,,,,,FALSE
GVKPIL,INE251H01024,2024,2024-03-31,,,,,,,,,,,,FALSE
GVKPIL,INE251H01024,2025,2025-03-31,,,,,,,,,,,,FALSE
GMRINFRA,INE776C01039,2011,2011-03-31,,,,,,,,,,,,FALSE
GMRINFRA,INE776C01039,2012,2012-03-31,,,,,,,,,,,,FALSE
GMRINFRA,INE776C01039,2013,2013-03-31,,,,,,,,,,,,FALSE
GMRINFRA,INE776C01039,2014,2014-03-31,,,,,,,,,,,,FALSE
GMRINFRA,INE776C01039,2015,2015-03-31,,,,,,,,,,,,FALSE
GMRINFRA,INE776C01039,2016,2016-03-31,,,,,,,,,,,,FALSE
GMRINFRA,INE776C01039,2017,2017-03-31,,,,,,,,,,,,FALSE
GMRINFRA,INE776C01039,2018,2018-03-31,,,,,,,,,,,,FALSE
GMRINFRA,INE776C01039,2019,2019-03-31,,,,,,,,,,,,FALSE
GMRINFRA,INE776C01039,2020,2020-03-31,,,,,,,,,,,,FALSE
GMRINFRA,INE776C01039,2021,2021-03-31,,,,,,,,,,,,FALSE
GMRINFRA,INE776C01039,2022,2022-03-31,,,,,,,,,,,,FALSE
GMRINFRA,INE776C01039,2023,2023-03-31,,,,,,,,,,,,FALSE
GMRINFRA,INE776C01039,2024,2024-03-31,,,,,,,,,,,,FALSE
GMRINFRA,INE776C01039,2025,2025-03-31,,,,,,,,,,,,FALSE
DENABANK,INE077A01010,2011,2011-03-31,,,,,,,,,,,,FALSE
DENABANK,INE077A01010,2012,2012-03-31,,,,,,,,,,,,FALSE
DENABANK,INE077A01010,2013,2013-03-31,,,,,,,,,,,,FALSE
DENABANK,INE077A01010,2014,2014-03-31,,,,,,,,,,,,FALSE
DENABANK,INE077A01010,2015,2015-03-31,,,,,,,,,,,,FALSE
DENABANK,INE077A01010,2016,2016-03-31,,,,,,,,,,,,FALSE
DENABANK,INE077A01010,2017,2017-03-31,,,,,,,,,,,,FALSE
DENABANK,INE077A01010,2018,2018-03-31,,,,,,,,,,,,FALSE
DENABANK,INE077A01010,2019,2019-03-31,,,,,,,,,,,,FALSE
DENABANK,INE077A01010,2020,2020-03-31,,,,,,,,,,,,FALSE
MTNL,INE153A01019,2011,2011-03-31,,,,,,,,,,,,FALSE
MTNL,INE153A01019,2012,2012-03-31,,,,,,,,,,,,FALSE
MTNL,INE153A01019,2013,2013-03-31,,,,,,,,,,,,FALSE
MTNL,INE153A01019,2014,2014-03-31,,,,,,,,,,,,FALSE
MTNL,INE153A01019,2015,2015-03-31,,,,,,,,,,,,FALSE
MTNL,INE153A01019,2016,2016-03-31,,,,,,,,,,,,FALSE
MTNL,INE153A01019,2017,2017-03-31,,,,,,,,,,,,FALSE
MTNL,INE153A01019,2018,2018-03-31,,,,,,,,,,,,FALSE
MTNL,INE153A01019,2019,2019-03-31,,,,,,,,,,,,FALSE
MTNL,INE153A01019,2020,2020-03-31,,,,,,,,,,,,FALSE
MTNL,INE153A01019,2021,2021-03-31,,,,,,,,,,,,FALSE
MTNL,INE153A01019,2022,2022-03-31,,,,,,,,,,,,FALSE
MTNL,INE153A01019,2023,2023-03-31,,,,,,,,,,,,FALSE
MTNL,INE153A01019,2024,2024-03-31,,,,,,,,,,,,FALSE
MTNL,INE153A01019,2025,2025-03-31,,,,,,,,,,,,FALSE
MOTHERSUMI,INE775A01035,2011,2011-03-31,,,,,,,,,,,,FALSE
MOTHERSUMI,INE775A01035,2012,2012-03-31,,,,,,,,,,,,FALSE
MOTHERSUMI,INE775A01035,2013,2013-03-31,,,,,,,,,,,,FALSE
MOTHERSUMI,INE775A01035,2014,2014-03-31,,,,,,,,,,,,FALSE
MOTHERSUMI,INE775A01035,2015,2015-03-31,,,,,,,,,,,,FALSE
MOTHERSUMI,INE775A01035,2016,2016-03-31,,,,,,,,,,,,FALSE
MOTHERSUMI,INE775A01035,2017,2017-03-31,,,,,,,,,,,,FALSE
MOTHERSUMI,INE775A01035,2018,2018-03-31,,,,,,,,,,,,FALSE
MOTHERSUMI,INE775A01035,2019,2019-03-31,,,,,,,,,,,,FALSE
MOTHERSUMI,INE775A01035,2020,2020-03-31,,,,,,,,,,,,FALSE
MOTHERSUMI,INE775A01035,2021,2021-03-31,,,,,,,,,,,,FALSE
MOTHERSUMI,INE775A01035,2022,2022-03-31,,,,,,,,,,,,FALSE
MOTHERSUMI,INE775A01035,2023,2023-03-31,,,,,,,,,,,,FALSE
IBULHSGFIN,INE148I01020,2013,2013-03-31,,,,,,,,,,,,FALSE
IBULHSGFIN,INE148I01020,2014,2014-03-31,,,,,,,,,,,,FALSE
IBULHSGFIN,INE148I01020,2015,2015-03-31,,,,,,,,,,,,FALSE
IBULHSGFIN,INE148I01020,2016,2016-03-31,,,,,,,,,,,,FALSE
IBULHSGFIN,INE148I01020,2017,2017-03-31,,,,,,,,,,,,FALSE
IBULHSGFIN,INE148I01020,2018,2018-03-31,,,,,,,,,,,,FALSE
IBULHSGFIN,INE148I01020,2019,2019-03-31,,,,,,,,,,,,FALSE
IBULHSGFIN,INE148I01020,2020,2020-03-31,,,,,,,,,,,,FALSE
IBULHSGFIN,INE148I01020,2021,2021-03-31,,,,,,,,,,,,FALSE
IBULHSGFIN,INE148I01020,2022,2022-03-31,,,,,,,,,,,,FALSE
IBULHSGFIN,INE148I01020,2023,2023-03-31,,,,,,,,,,,,FALSE
IBULHSGFIN,INE148I01020,2024,2024-03-31,,,,,,,,,,,,FALSE
IBULHSGFIN,INE148I01020,2025,2025-03-31,,,,,,,,,,,,FALSE
NATCOPHARM,INE987B01026,2011,2011-03-31,,,,,,,,,,,,FALSE
NATCOPHARM,INE987B01026,2012,2012-03-31,,,,,,,,,,,,FALSE
NATCOPHARM,INE987B01026,2013,2013-03-31,,,,,,,,,,,,FALSE
NATCOPHARM,INE987B01026,2014,2014-03-31,,,,,,,,,,,,FALSE
NATCOPHARM,INE987B01026,2015,2015-03-31,,,,,,,,,,,,FALSE
NATCOPHARM,INE987B01026,2016,2016-03-31,,,,,,,,,,,,FALSE
NATCOPHARM,INE987B01026,2017,2017-03-31,,,,,,,,,,,,FALSE
NATCOPHARM,INE987B01026,2018,2018-03-31,,,,,,,,,,,,FALSE
NATCOPHARM,INE987B01026,2019,2019-03-31,,,,,,,,,,,,FALSE
NATCOPHARM,INE987B01026,2020,2020-03-31,,,,,,,,,,,,FALSE
NATCOPHARM,INE987B01026,2021,2021-03-31,,,,,,,,,,,,FALSE
NATCOPHARM,INE987B01026,2022,2022-03-31,,,,,,,,,,,,FALSE
NATCOPHARM,INE987B01026,2023,2023-03-31,,,,,,,,,,,,FALSE
NATCOPHARM,INE987B01026,2024,2024-03-31,,,,,,,,,,,,FALSE
NATCOPHARM,INE987B01026,2025,2025-03-31,,,,,,,,,,,,FALSE
MINDTREE,INE018I01017,2011,2011-03-31,,,,,,,,,,,,FALSE
MINDTREE,INE018I01017,2012,2012-03-31,,,,,,,,,,,,FALSE
MINDTREE,INE018I01017,2013,2013-03-31,,,,,,,,,,,,FALSE
MINDTREE,INE018I01017,2014,2014-03-31,,,,,,,,,,,,FALSE
MINDTREE,INE018I01017,2015,2015-03-31,,,,,,,,,,,,FALSE
MINDTREE,INE018I01017,2016,2016-03-31,,,,,,,,,,,,FALSE
MINDTREE,INE018I01017,2017,2017-03-31,,,,,,,,,,,,FALSE
MINDTREE,INE018I01017,2018,2018-03-31,,,,,,,,,,,,FALSE
MINDTREE,INE018I01017,2019,2019-03-31,,,,,,,,,,,,FALSE
MINDTREE,INE018I01017,2020,2020-03-31,,,,,,,,,,,,FALSE
MINDTREE,INE018I01017,2021,2021-03-31,,,,,,,,,,,,FALSE
MINDTREE,INE018I01017,2022,2022-03-31,,,,,,,,,,,,FALSE
MINDTREE,INE018I01017,2023,2023-03-31,,,,,,,,,,,,FALSE
DHFL,INE202B01012,2012,2012-03-31,,,,,,,,,,,,FALSE
DHFL,INE202B01012,2013,2013-03-31,,,,,,,,,,,,FALSE
DHFL,INE202B01012,2014,2014-03-31,,,,,,,,,,,,FALSE
DHFL,INE202B01012,2015,2015-03-31,,,,,,,,,,,,FALSE
DHFL,INE202B01012,2016,2016-03-31,,,,,,,,,,,,FALSE
DHFL,INE202B01012,2017,2017-03-31,,,,,,,,,,,,FALSE
DHFL,INE202B01012,2018,2018-03-31,,,,,,,,,,,,FALSE
DHFL,INE202B01012,2019,2019-03-31,,,,,,,,,,,,FALSE
DHFL,INE202B01012,2020,2020-03-31,,,,,,,,,,,,FALSE
DHFL,INE202B01012,2021,2021-03-31,,,,,,,,,,,,FALSE
DHFL,INE202B01012,2022,2022-03-31,,,,,,,,,,,,FALSE
ENGINERSIN,INE510A01028,2011,2011-03-31,,,,,,,,,,,,FALSE
ENGINERSIN,INE510A01028,2012,2012-03-31,,,,,,,,,,,,FALSE
ENGINERSIN,INE510A01028,2013,2013-03-31,,,,,,,,,,,,FALSE
ENGINERSIN,INE510A01028,2014,2014-03-31,,,,,,,,,,,,FALSE
ENGINERSIN,INE510A01028,2015,2015-03-31,,,,,,,,,,,,FALSE
ENGINERSIN,INE510A01028,2016,2016-03-31,,,,,,,,,,,,FALSE
ENGINERSIN,INE510A01028,2017,2017-03-31,,,,,,,,,,,,FALSE
ENGINERSIN,INE510A01028,2018,2018-03-31,,,,,,,,,,,,FALSE
ENGINERSIN,INE510A01028,2019,2019-03-31,,,,,,,,,,,,FALSE
ENGINERSIN,INE510A01028,2020,2020-03-31,,,,,,,,,,,,FALSE
ENGINERSIN,INE510A01028,2021,2021-03-31,,,,,,,,,,,,FALSE
ENGINERSIN,INE510A01028,2022,2022-03-31,,,,,,,,,,,,FALSE
ENGINERSIN,INE510A01028,2023,2023-03-31,,,,,,,,,,,,FALSE
ENGINERSIN,INE510A01028,2024,2024-03-31,,,,,,,,,,,,FALSE
ENGINERSIN,INE510A01028,2025,2025-03-31,,,,,,,,,,,,FALSE
SWANENERGY,INE665A01038,2012,2012-03-31,,,,,,,,,,,,FALSE
SWANENERGY,INE665A01038,2013,2013-03-31,,,,,,,,,,,,FALSE
SWANENERGY,INE665A01038,2014,2014-03-31,,,,,,,,,,,,FALSE
SWANENERGY,INE665A01038,2015,2015-03-31,,,,,,,,,,,,FALSE
SWANENERGY,INE665A01038,2016,2016-03-31,,,,,,,,,,,,FALSE
SWANENERGY,INE665A01038,2017,2017-03-31,,,,,,,,,,,,FALSE
SWANENERGY,INE665A01038,2018,2018-03-31,,,,,,,,,,,,FALSE
SWANENERGY,INE665A01038,2019,2019-03-31,,,,,,,,,,,,FALSE
SWANENERGY,INE665A01038,2020,2020-03-31,,,,,,,,,,,,FALSE
SWANENERGY,INE665A01038,2021,2021-03-31,,,,,,,,,,,,FALSE
SWANENERGY,INE665A01038,2022,2022-03-31,,,,,,,,,,,,FALSE
SWANENERGY,INE665A01038,2023,2023-03-31,,,,,,,,,,,,FALSE
SWANENERGY,INE665A01038,2024,2024-03-31,,,,,,,,,,,,FALSE
SWANENERGY,INE665A01038,2025,2025-03-31,,,,,,,,,,,,FALSE
RBLBANK,INE976G01028,2016,2016-03-31,,,,,,,,,,,,FALSE
RBLBANK,INE976G01028,2017,2017-03-31,,,,,,,,,,,,FALSE
RBLBANK,INE976G01028,2018,2018-03-31,,,,,,,,,,,,FALSE
RBLBANK,INE976G01028,2019,2019-03-31,,,,,,,,,,,,FALSE
RBLBANK,INE976G01028,2020,2020-03-31,,,,,,,,,,,,FALSE
RBLBANK,INE976G01028,2021,2021-03-31,,,,,,,,,,,,FALSE
RBLBANK,INE976G01028,2022,2022-03-31,,,,,,,,,,,,FALSE
RBLBANK,INE976G01028,2023,2023-03-31,,,,,,,,,,,,FALSE
RBLBANK,INE976G01028,2024,2024-03-31,,,,,,,,,,,,FALSE
RBLBANK,INE976G01028,2025,2025-03-31,,,,,,,,,,,,FALSE
NIITTECH,INE591G01017,2011,2011-03-31,,,,,,,,,,,,FALSE
NIITTECH,INE591G01017,2012,2012-03-31,,,,,,,,,,,,FALSE
NIITTECH,INE591G01017,2013,2013-03-31,,,,,,,,,,,,FALSE
NIITTECH,INE591G01017,2014,2014-03-31,,,,,,,,,,,,FALSE
NIITTECH,INE591G01017,2015,2015-03-31,,,,,,,,,,,,FALSE
NIITTECH,INE591G01017,2016,2016-03-31,,,,,,,,,,,,FALSE
NIITTECH,INE591G01017,2017,2017-03-31,,,,,,,,,,,,FALSE
NIITTECH,INE591G01017,2018,2018-03-31,,,,,,,,,,,,FALSE
NIITTECH,INE591G01017,2019,2019-03-31,,,,,,,,,,,,FALSE
NIITTECH,INE591G01017,2020,2020-03-31,,,,,,,,,,,,FALSE
NIITTECH,INE591G01017,2021,2021-03-31,,,,,,,,,,,,FALSE
PEL,INE140A01024,2012,2012-03-31,,,,,,,,,,,,FALSE
PEL,INE140A01024,2013,2013-03-31,,,,,,,,,,,,FALSE
PEL,INE140A01024,2014,2014-03-31,,,,,,,,,,,,FALSE
PEL,INE140A01024,2015,2015-03-31,,,,,,,,,,,,FALSE
PEL,INE140A01024,2016,2016-03-31,,,,,,,,,,,,FALSE
PEL,INE140A01024,2017,2017-03-31,,,,,,,,,,,,FALSE
PEL,INE140A01024,2018,2018-03-31,,,,,,,,,,,,FALSE
PEL,INE140A01024,2019,2019-03-31,,,,,,,,,,,,FALSE
PEL,INE140A01024,2020,2020-03-31,,,,,,,,,,,,FALSE
PEL,INE140A01024,2021,2021-03-31,,,,,,,,,,,,FALSE
PEL,INE140A01024,2022,2022-03-31,,,,,,,,,,,,FALSE
PEL,INE140A01024,2023,2023-03-31,,,,,,,,,,,,FALSE
PEL,INE140A01024,2024,2024-03-31,,,,,,,,,,,,FALSE
PEL,INE140A01024,2025,2025-03-31,,,,,,,,,,,,FALSE
PIDILITIND,INE318A01026,2011,2011-03-31,,,,,,,,,,,,FALSE
PIDILITIND,INE318A01026,2012,2012-03-31,,,,,,,,,,,,FALSE
PIDILITIND,INE318A01026,2013,2013-03-31,,,,,,,,,,,,FALSE
PIDILITIND,INE318A01026,2014,2014-03-31,,,,,,,,,,,,FALSE
PIDILITIND,INE318A01026,2015,2015-03-31,,,,,,,,,,,,FALSE
PIDILITIND,INE318A01026,2016,2016-03-31,,,,,,,,,,,,FALSE
PIDILITIND,INE318A01026,2017,2017-03-31,,,,,,,,,,,,FALSE
PIDILITIND,INE318A01026,2018,2018-03-31,,,,,,,,,,,,FALSE
PIDILITIND,INE318A01026,2019,2019-03-31,,,,,,,,,,,,FALSE
PIDILITIND,INE318A01026,2020,2020-03-31,,,,,,,,,,,,FALSE
PIDILITIND,INE318A01026,2021,2021-03-31,,,,,,,,,,,,FALSE
PIDILITIND,INE318A01026,2022,2022-03-31,,,,,,,,,,,,FALSE
PIDILITIND,INE318A01026,2023,2023-03-31,,,,,,,,,,,,FALSE
PIDILITIND,INE318A01026,2024,2024-03-31,,,,,,,,,,,,FALSE
PIDILITIND,INE318A01026,2025,2025-03-31,,,,,,,,,,,,FALSE
COFORGE,INE591G01025,2020,2020-03-31,,,,,,,,,,,,FALSE
COFORGE,INE591G01025,2021,2021-03-31,,,,,,,,,,,,FALSE
COFORGE,INE591G01025,2022,2022-03-31,,,,,,,,,,,,FALSE
COFORGE,INE591G01025,2023,2023-03-31,,,,,,,,,,,,FALSE
COFORGE,INE591G01025,2024,2024-03-31,,,,,,,,,,,,FALSE
COFORGE,INE591G01025,2025,2025-03-31,,,,,,,,,,,,FALSE
MOTHERSON,INE775A01035,2022,2022-03-31,,,,,,,,,,,,FALSE
MOTHERSON,INE775A01035,2023,2023-03-31,,,,,,,,,,,,FALSE
MOTHERSON,INE775A01035,2024,2024-03-31,,,,,,,,,,,,FALSE
MOTHERSON,INE775A01035,2025,2025-03-31,,,,,,,,,,,,FALSE
LTIM,INE214T01019,2022,2022-03-31,,,,,,,,,,,,FALSE
LTIM,INE214T01019,2023,2023-03-31,,,,,,,,,,,,FALSE
LTIM,INE214T01019,2024,2024-03-31,,,,,,,,,,,,FALSE
LTIM,INE214T01019,2025,2025-03-31,,,,,,,,,,,,FALSE
BLUESTARCO,INE472A01039,2011,2011-03-31,,,,,,,,,,,,FALSE
BLUESTARCO,INE472A01039,2012,2012-03-31,,,,,,,,,,,,FALSE
BLUESTARCO,INE472A01039,2013,2013-03-31,,,,,,,,,,,,FALSE
BLUESTARCO,INE472A01039,2014,2014-03-31,,,,,,,,,,,,FALSE
BLUESTARCO,INE472A01039,2015,2015-03-31,,,,,,,,,,,,FALSE
BLUESTARCO,INE472A01039,2016,2016-03-31,,,,,,,,,,,,FALSE
BLUESTARCO,INE472A01039,2017,2017-03-31,,,,,,,,,,,,FALSE
BLUESTARCO,INE472A01039,2018,2018-03-31,,,,,,,,,,,,FALSE
BLUESTARCO,INE472A01039,2019,2019-03-31,,,,,,,,,,,,FALSE
BLUESTARCO,INE472A01039,2020,2020-03-31,,,,,,,,,,,,FALSE
BLUESTARCO,INE472A01039,2021,2021-03-31,,,,,,,,,,,,FALSE
BLUESTARCO,INE472A01039,2022,2022-03-31,,,,,,,,,,,,FALSE
BLUESTARCO,INE472A01039,2023,2023-03-31,,,,,,,,,,,,FALSE
BLUESTARCO,INE472A01039,2024,2024-03-31,,,,,,,,,,,,FALSE
BLUESTARCO,INE472A01039,2025,2025-03-31,,,,,,,,,,,,FALSE
HBLENGINE,INE292B01021,2024,2024-03-31,,,,,,,,,,,,FALSE
HBLENGINE,INE292B01021,2025,2025-03-31,,,,,,,,,,,,FALSE
