variant,symbol,pnl,n_trades
C. Mom+LowVol (champion),TRENT,517417.2296104195,5
C. Mom+LowVol (champion),NTPC,405361.9720380399,10
C. Mom+LowVol (champion),ZYDUSLIFE,310362.4601856254,8
C. Mom+LowVol (champion),MINDTREE,210262.4203588996,9
C. Mom+LowVol (champion),PERSISTENT,194632.6035412207,9
C. Mom+LowVol (champion),LT,194469.88623414622,4
C. Mom+LowVol (champion),TVSMOTOR,183545.17461727257,14
C. Mom+LowVol (champion),BHARTIARTL,179209.7138438925,9
C. Mom+LowVol (champion),ITC,170726.37859956088,7
C. Mom+LowVol (champion),BAJAJ-AUTO,156922.71238290524,4
C. Mom+LowVol (champion),SBC,142812.69014862733,1
C. Mom+LowVol (champion),HAL,141360.11613630937,4
C. Mom+LowVol (champion),LUPIN,135372.50964825923,13
C. Mom+LowVol (champion),SCHAEFFLER,131047.39071306928,5
C. Mom+LowVol (champion),KAJARIACER,124217.62925010666,17
C. Mom+LowVol (champion),JKCEMENT,122588.62217694073,10
C. Mom+LowVol (champion),TATACHEM,117306.21709289882,3
C. Mom+LowVol (champion),TATAELXSI,116778.30584539998,2
C. Mom+LowVol (champion),EICHERMOT,105327.44789079059,8
C. Mom+LowVol (champion),HINDUNILVR,99718.89454651318,15
C. Mom+LowVol (champion),TATAMOTORS,99401.9172834374,4
C. Mom+LowVol (champion),BLUESTARCO,92730.37430003067,3
C. Mom+LowVol (champion),SIEMENS,84325.93240844514,6
C. Mom+LowVol (champion),SUPREMEIND,83179.91096270453,9
C. Mom+LowVol (champion),SUNDARMFIN,80989.27488481542,10
C. Mom+LowVol (champion),VAKRANGEE,78900.85053539924,5
C. Mom+LowVol (champion),EXIDEIND,78751.04119769832,3
C. Mom+LowVol (champion),IGL,70788.03558520855,8
C. Mom+LowVol (champion),KIMS,70742.6514232574,4
C. Mom+LowVol (champion),HCLTECH,69842.46426612049,8
C. Mom+LowVol (champion),M&M,69374.29583299227,9
C. Mom+LowVol (champion),DIVISLAB,68372.94789524055,15
C. Mom+LowVol (champion),CUMMINSIND,66989.97183685387,4
C. Mom+LowVol (champion),MUTHOOTFIN,66032.60344339386,2
C. Mom+LowVol (champion),COROMANDEL,65607.73196528254,6
C. Mom+LowVol (champion),CHOICEIN,64979.46782656933,5
C. Mom+LowVol (champion),BAJAJHLDNG,64902.384454404564,5
C. Mom+LowVol (champion),ABBOTINDIA,63178.71883996011,12
C. Mom+LowVol (champion),SOLARINDS,62566.57009072415,2
C. Mom+LowVol (champion),RELAXO,61972.08592007727,5
C. Mom+LowVol (champion),PETRONET,61594.75966693177,5
C. Mom+LowVol (champion),NESTLEIND,61062.43875163329,10
C. Mom+LowVol (champion),INFY,56657.89583996034,9
C. Mom+LowVol (champion),TORNTPHARM,54848.444775620126,9
C. Mom+LowVol (champion),BIRLACORPN,53797.49619576461,3
C. Mom+LowVol (champion),VENUSPIPES,48978.073539537894,2
C. Mom+LowVol (champion),ATUL,48554.84543456391,6
C. Mom+LowVol (champion),GLENMARK,45859.55552370263,3
C. Mom+LowVol (champion),AIAENG,41674.69722290036,4
C. Mom+LowVol (champion),ANANDRATHI,41417.04650883738,2
C. Mom+LowVol (champion),GSKCONS,37519.453005148665,4
C. Mom+LowVol (champion),TCS,36753.241312932194,9
C. Mom+LowVol (champion),ALKEM,36527.52420331933,4
C. Mom+LowVol (champion),DRREDDY,36342.80180680876,8
C. Mom+LowVol (champion),BHARATFORG,35875.80621234131,4
C. Mom+LowVol (champion),BRITANNIA,34019.9142750344,17
C. Mom+LowVol (champion),TUBEINVEST,33972.13667600486,3
C. Mom+LowVol (champion),CERA,29031.110843307164,2
C. Mom+LowVol (champion),SKFINDIA,26088.989132785646,4
C. Mom+LowVol (champion),SWARAJENG,26079.13888380386,2
C. Mom+LowVol (champion),GRASIM,25964.964724543068,8
C. Mom+LowVol (champion),SANOFI,24583.714395095536,12
C. Mom+LowVol (champion),KANSAINER,24227.470772983917,6
C. Mom+LowVol (champion),OFSS,23508.440762347724,2
C. Mom+LowVol (champion),ULTRACEMCO,23140.84500999201,7
C. Mom+LowVol (champion),CHOLAFIN,22921.626446152368,2
C. Mom+LowVol (champion),CESC,21327.385816453283,3
C. Mom+LowVol (champion),FAGBEARING,21223.82415907297,5
C. Mom+LowVol (champion),HONAUT,21165.34992442734,2
C. Mom+LowVol (champion),RAMCOCEM,21052.053983400554,3
C. Mom+LowVol (champion),THEBYKE,21030.846357134345,6
C. Mom+LowVol (champion),GODREJCP,20661.38166674369,5
C. Mom+LowVol (champion),CUB,19412.954360009142,2
C. Mom+LowVol (champion),BIOCON,18013.440020591715,8
C. Mom+LowVol (champion),DALBHARAT,17744.6900323654,6
C. Mom+LowVol (champion),POWERGRID,17677.192995441943,3
C. Mom+LowVol (champion),TECHM,17028.31779037418,2
C. Mom+LowVol (champion),HDFCBANK,15464.14111902906,17
C. Mom+LowVol (champion),INDUSINDBK,14064.269006599088,8
C. Mom+LowVol (champion),AARTIIND,13826.733132507987,3
C. Mom+LowVol (champion),JAGRAN,12904.454497219673,2
C. Mom+LowVol (champion),AUROPHARMA,12481.43743229906,2
C. Mom+LowVol (champion),TITAN,12076.859302537516,4
C. Mom+LowVol (champion),PGHH,10731.804652199382,7
C. Mom+LowVol (champion),SYNGENE,10476.377578186015,4
C. Mom+LowVol (champion),IOC,8505.78754771866,3
C. Mom+LowVol (champion),JSWSTEEL,4878.917822345868,5
C. Mom+LowVol (champion),DABUR,4738.11778773794,6
C. Mom+LowVol (champion),SBICARD,4467.627969480308,3
C. Mom+LowVol (champion),MGL,4416.856816972985,2
C. Mom+LowVol (champion),PIIND,3913.0399653236245,4
C. Mom+LowVol (champion),LAXMIMACH,3419.5466098682164,2
C. Mom+LowVol (champion),GILLETTE,2957.0891684585004,2
C. Mom+LowVol (champion),MFSL,2555.8526720308,4
C. Mom+LowVol (champion),SHREECEM,2489.456205778736,10
C. Mom+LowVol (champion),PAGEIND,2400.6142451623446,2
C. Mom+LowVol (champion),BALMLAWRIE,1344.3936142162618,2
C. Mom+LowVol (champion),SWANENERGY,343.80933713018544,3
C. Mom+LowVol (champion),SEINV,94.88944378001895,5
C. Mom+LowVol (champion),SIGNETIND,-621.7395896378874,2
C. Mom+LowVol (champion),CRISIL,-851.9725576025755,3
C. Mom+LowVol (champion),EMAMILTD,-917.8782322690395,4
C. Mom+LowVol (champion),CARBORUNIV,-1086.1997587233332,2
C. Mom+LowVol (champion),GLAXO,-2933.522570631779,2
C. Mom+LowVol (champion),OMAXE,-2978.567291760002,2
C. Mom+LowVol (champion),REPCOHOME,-3124.864085153584,2
C. Mom+LowVol (champion),SRF,-3632.236263184842,4
C. Mom+LowVol (champion),AJANTPHARM,-5396.098975890549,2
C. Mom+LowVol (champion),NET4,-6822.799099322896,2
C. Mom+LowVol (champion),ICICIBANK,-7528.741105708289,8
C. Mom+LowVol (champion),INGVYSYABK,-7814.1276795931235,2
C. Mom+LowVol (champion),RAJTV,-9535.624185747987,2
C. Mom+LowVol (champion),ADANIPORTS,-10813.425215971694,2
C. Mom+LowVol (champion),LINDEINDIA,-13318.065165961447,2
C. Mom+LowVol (champion),ABB,-13356.542611394969,2
C. Mom+LowVol (champion),SUNPHARMA,-19338.079223242905,12
C. Mom+LowVol (champion),RELIANCE,-19830.3307218991,12
C. Mom+LowVol (champion),BALKRISIND,-20002.051681605153,2
C. Mom+LowVol (champion),MARICO,-20082.82364312473,2
C. Mom+LowVol (champion),RAJESHEXPO,-20520.86926704241,5
C. Mom+LowVol (champion),DALMIABHA,-22036.50239126504,2
C. Mom+LowVol (champion),BHARATFIN,-22461.27165312051,2
C. Mom+LowVol (champion),VTL,-22493.33458904619,2
C. Mom+LowVol (champion),FIEMIND,-25091.141882302825,2
C. Mom+LowVol (champion),PGHL,-25140.292298254495,2
C. Mom+LowVol (champion),MEDANTA,-25638.008771110606,2
C. Mom+LowVol (champion),EVEREADY,-26444.706089417534,2
C. Mom+LowVol (champion),JYOTHYLAB,-27049.937869389978,2
C. Mom+LowVol (champion),AXISBANK,-29213.67287166243,2
C. Mom+LowVol (champion),KOTAKBANK,-33517.99397874747,7
C. Mom+LowVol (champion),PIDILITIND,-44726.04830528182,7
C. Mom+LowVol (champion),POLYCAB,-46327.24771103271,7
C. Mom+LowVol (champion),ZYLOG,-47550.24380610031,3
C. Mom+LowVol (champion),NIITTECH,-48684.134067232626,2
C. Mom+LowVol (champion),BATAINDIA,-57505.443366616244,3
C. Mom+LowVol (champion),SBILIFE,-59952.09875980287,2
C. Mom+LowVol (champion),MARUTI,-61563.61100378516,14
C. Mom+LowVol (champion),WIPRO,-65468.56799697019,5
C. Mom+LowVol (champion),BAJFINANCE,-68635.2057800922,4
C. Mom+LowVol (champion),DLF,-69715.70355405257,2
C. Mom+LowVol (champion),SBIN,-72960.171107954,3
C. Mom+LowVol (champion),ASIANPAINT,-85743.47049926175,15
C. Mom+LowVol (champion),BOSCHLTD,-114776.40501729242,10
C. Mom+LowVol (champion),BAJAJFINSV,-136027.58115799143,7
C. Mom+LowVol (champion),COLPAL,-173782.4699116474,6
C. Mom+LowVol (champion),HDFCLIFE,-180069.0536795086,4
C. Mom+LowVol (champion),HEROMOTOCO,-273586.18848088686,7
D. Mom+LowVol+Quality,MINDTREE,403930.2078305538,42
D. Mom+LowVol+Quality,PIDILITIND,319319.67485158006,56
D. Mom+LowVol+Quality,GMRINFRA,247308.02675691337,19
D. Mom+LowVol+Quality,HAVELLS,228377.48377259934,55
D. Mom+LowVol+Quality,ENGINERSIN,216652.24243146833,55
D. Mom+LowVol+Quality,NATCOPHARM,162883.67069215263,44
D. Mom+LowVol+Quality,PEL,117339.54885589937,36
D. Mom+LowVol+Quality,RBLBANK,109433.50895214328,29
D. Mom+LowVol+Quality,TATAMOTORS,96923.3845698516,55
D. Mom+LowVol+Quality,MOTHERSON,91904.998327284,5
D. Mom+LowVol+Quality,RELCAPITAL,79454.04664013525,16
D. Mom+LowVol+Quality,COFORGE,68064.40308902552,18
D. Mom+LowVol+Quality,NIITTECH,57035.0462405299,16
D. Mom+LowVol+Quality,HBLENGINE,52844.408157803206,1
D. Mom+LowVol+Quality,YESBANK,40986.13759827989,44
D. Mom+LowVol+Quality,BLUESTARCO,26800.686380381125,4
D. Mom+LowVol+Quality,BANKBARODA,12362.798836795846,3
D. Mom+LowVol+Quality,SWANENERGY,12039.430547914755,2
D. Mom+LowVol+Quality,SUZLON,4220.014423772881,2
D. Mom+LowVol+Quality,GITANJALI,3424.724795644741,6
D. Mom+LowVol+Quality,DENABANK,-23412.268254792405,6
D. Mom+LowVol+Quality,IBULHSGFIN,-34658.69666712679,19
D. Mom+LowVol+Quality,VIDEOIND,-42414.44410795507,19
D. Mom+LowVol+Quality,LTIM,-65164.55373439999,2
D. Mom+LowVol+Quality,RELINFRA,-68668.10519246811,6
D. Mom+LowVol+Quality,MOTHERSUMI,-97703.89102086562,22
